{"videoChoices":[{"choice":"fake","left":"fake","right":"real","videoPair":{"real":"http://visiongpu23.csail.mit.edu/scratch/datasets/DeepfakeDetection/facenet_smooth_frames/dfdc_train_part_0/gcdtglsoqj.mp4/face_0.mp4","fake":"http://visiongpu23.csail.mit.edu/scratch/datasets/DeepfakeDetection/facenet_smooth_frames/dfdc_train_part_7/ktlfuovlcm.mp4/face_0.mp4"}},{"choice":"fake","left":"fake","right":"real","videoPair":{"real":"http://visiongpu23.csail.mit.edu/scratch/datasets/DeepfakeDetection/facenet_smooth_frames/dfdc_train_part_5/addknoverp.mp4/face_0.mp4","fake":"http://visiongpu23.csail.mit.edu/scratch/datasets/DeepfakeDetection/facenet_smooth_frames/dfdc_train_part_7/fmzdbsviul.mp4/face_0.mp4"}},{"choice":"fake","left":"fake","right":"real","videoPair":{"real":"http://visiongpu23.csail.mit.edu/scratch/datasets/DeepfakeDetection/facenet_smooth_frames/dfdc_train_part_2/qqnlrngaft.mp4/face_0.mp4","fake":"http://visiongpu23.csail.mit.edu/scratch/datasets/DeepfakeDetection/facenet_smooth_frames/dfdc_train_part_0/hsbrwaeaah.mp4/face_0.mp4"}},{"choice":"fake","left":"fake","right":"real","videoPair":{"real":"http://visiongpu23.csail.mit.edu/scratch/datasets/DeepfakeDetection/facenet_smooth_frames/dfdc_train_part_10/bkwicglevl.mp4/face_0.mp4","fake":"http://visiongpu23.csail.mit.edu/scratch/datasets/DeepfakeDetection/facenet_smooth_frames/dfdc_train_part_7/ixmfqrxlbg.mp4/face_0.mp4"}},{"choice":"fake","left":"fake","right":"real","videoPair":{"real":"http://visiongpu23.csail.mit.edu/scratch/datasets/DeepfakeDetection/facenet_smooth_frames/dfdc_train_part_11/bufydtkvxt.mp4/face_0.mp4","fake":"http://visiongpu23.csail.mit.edu/scratch/datasets/DeepfakeDetection/facenet_smooth_frames/dfdc_train_part_7/dplgqdumdb.mp4/face_0.mp4"}},{"choice":"fake","left":"fake","right":"real","videoPair":{"real":"http://visiongpu23.csail.mit.edu/scratch/datasets/DeepfakeDetection/facenet_smooth_frames/dfdc_train_part_7/mbmiuwgixg.mp4/face_0.mp4","fake":"http://visiongpu23.csail.mit.edu/scratch/datasets/DeepfakeDetection/facenet_smooth_frames/dfdc_train_part_7/iuuqljzmnt.mp4/face_0.mp4"}},{"choice":"fake","left":"real","right":"fake","videoPair":{"real":"http://visiongpu23.csail.mit.edu/scratch/datasets/DeepfakeDetection/facenet_smooth_frames/dfdc_train_part_1/nfimdsszyf.mp4/face_0.mp4","fake":"http://visiongpu23.csail.mit.edu/scratch/datasets/DeepfakeDetection/facenet_smooth_frames/dfdc_train_part_10/bzophvlfug.mp4/face_0.mp4"}},{"choice":"fake","left":"real","right":"fake","videoPair":{"real":"http://visiongpu23.csail.mit.edu/scratch/datasets/DeepfakeDetection/facenet_smooth_frames/dfdc_train_part_2/novarhxpbj.mp4/face_0.mp4","fake":"http://visiongpu23.csail.mit.edu/scratch/datasets/DeepfakeDetection/facenet_smooth_frames/dfdc_train_part_6/buwlbeygpx.mp4/face_0.mp4"}},{"choice":"fake","left":"fake","right":"real","videoPair":{"real":"http://visiongpu23.csail.mit.edu/scratch/datasets/DeepfakeDetection/facenet_smooth_frames/dfdc_train_part_1/ypbtpunjvm.mp4/face_0.mp4","fake":"http://visiongpu23.csail.mit.edu/scratch/datasets/DeepfakeDetection/facenet_smooth_frames/dfdc_train_part_10/bnkvdoujfy.mp4/face_0.mp4"}},{"choice":"fake","left":"real","right":"fake","videoPair":{"real":"http://visiongpu23.csail.mit.edu/scratch/datasets/DeepfakeDetection/facenet_smooth_frames/dfdc_train_part_2/iorbtaarte.mp4/face_0.mp4","fake":"http://visiongpu23.csail.mit.edu/scratch/datasets/DeepfakeDetection/facenet_smooth_frames/dfdc_train_part_7/isdmsccxor.mp4/face_0.mp4"}},{"choice":"fake","left":"fake","right":"real","videoPair":{"real":"http://visiongpu23.csail.mit.edu/scratch/datasets/DeepfakeDetection/facenet_smooth_frames/dfdc_train_part_6/johuaietaz.mp4/face_0.mp4","fake":"http://visiongpu23.csail.mit.edu/scratch/datasets/DeepfakeDetection/facenet_smooth_frames/dfdc_train_part_6/apnaakewce.mp4/face_0.mp4"}},{"choice":"fake","left":"real","right":"fake","videoPair":{"real":"http://visiongpu23.csail.mit.edu/scratch/datasets/DeepfakeDetection/facenet_smooth_frames/dfdc_train_part_5/mkxzfysiua.mp4/face_0.mp4","fake":"http://visiongpu23.csail.mit.edu/scratch/datasets/DeepfakeDetection/facenet_smooth_frames/dfdc_train_part_7/hqrobjsjvn.mp4/face_0.mp4"}},{"choice":"fake","left":"fake","right":"real","videoPair":{"real":"http://visiongpu23.csail.mit.edu/scratch/datasets/DeepfakeDetection/facenet_smooth_frames/dfdc_train_part_5/csomiogcwu.mp4/face_0.mp4","fake":"http://visiongpu23.csail.mit.edu/scratch/datasets/DeepfakeDetection/facenet_smooth_frames/dfdc_train_part_21/aakrdapxha.mp4/face_0.mp4"}},{"choice":"fake","left":"fake","right":"real","videoPair":{"real":"http://visiongpu23.csail.mit.edu/scratch/datasets/DeepfakeDetection/facenet_smooth_frames/dfdc_train_part_6/cqfxgyotpv.mp4/face_0.mp4","fake":"http://visiongpu23.csail.mit.edu/scratch/datasets/DeepfakeDetection/facenet_smooth_frames/dfdc_train_part_6/eelaraased.mp4/face_0.mp4"}},{"choice":"fake","left":"fake","right":"real","videoPair":{"real":"http://visiongpu23.csail.mit.edu/scratch/datasets/DeepfakeDetection/facenet_smooth_frames/dfdc_train_part_2/pdswwyyntw.mp4/face_0.mp4","fake":"http://visiongpu23.csail.mit.edu/scratch/datasets/DeepfakeDetection/facenet_smooth_frames/dfdc_train_part_11/cvnvkjcftg.mp4/face_0.mp4"}},{"choice":"real","left":"fake","right":"real","videoPair":{"real":"http://visiongpu23.csail.mit.edu/scratch/datasets/DeepfakeDetection/facenet_smooth_frames/dfdc_train_part_1/aokxvqadsx.mp4/face_0.mp4","fake":"http://visiongpu23.csail.mit.edu/scratch/datasets/DeepfakeDetection/facenet_smooth_frames/dfdc_train_part_17/ablakozzyi.mp4/face_0.mp4"}},{"choice":"fake","left":"fake","right":"real","videoPair":{"real":"http://visiongpu23.csail.mit.edu/scratch/datasets/DeepfakeDetection/facenet_smooth_frames/dfdc_train_part_6/jbdmfjnsup.mp4/face_0.mp4","fake":"http://visiongpu23.csail.mit.edu/scratch/datasets/DeepfakeDetection/facenet_smooth_frames/dfdc_train_part_6/ltijgzptym.mp4/face_0.mp4"}},{"choice":"fake","left":"real","right":"fake","videoPair":{"real":"http://visiongpu23.csail.mit.edu/scratch/datasets/DeepfakeDetection/facenet_smooth_frames/dfdc_train_part_10/acydhcvpnx.mp4/face_0.mp4","fake":"http://visiongpu23.csail.mit.edu/scratch/datasets/DeepfakeDetection/facenet_smooth_frames/dfdc_train_part_11/agjbahosfa.mp4/face_0.mp4"}},{"choice":"fake","left":"fake","right":"real","videoPair":{"real":"http://visiongpu23.csail.mit.edu/scratch/datasets/DeepfakeDetection/facenet_smooth_frames/dfdc_train_part_11/bafktkorci.mp4/face_0.mp4","fake":"http://visiongpu23.csail.mit.edu/scratch/datasets/DeepfakeDetection/facenet_smooth_frames/dfdc_train_part_7/lvzgzxmjcg.mp4/face_0.mp4"}},{"choice":"fake","left":"real","right":"fake","videoPair":{"real":"http://visiongpu23.csail.mit.edu/scratch/datasets/DeepfakeDetection/facenet_smooth_frames/dfdc_train_part_5/hmnkjimojl.mp4/face_0.mp4","fake":"http://visiongpu23.csail.mit.edu/scratch/datasets/DeepfakeDetection/facenet_smooth_frames/dfdc_train_part_6/hryenfjmcn.mp4/face_0.mp4"}},{"choice":"fake","left":"real","right":"fake","videoPair":{"real":"http://visiongpu23.csail.mit.edu/scratch/datasets/DeepfakeDetection/facenet_smooth_frames/dfdc_train_part_7/nauoqhhash.mp4/face_0.mp4","fake":"http://visiongpu23.csail.mit.edu/scratch/datasets/DeepfakeDetection/facenet_smooth_frames/dfdc_train_part_7/imyxeippti.mp4/face_0.mp4"}},{"choice":"fake","left":"fake","right":"real","videoPair":{"real":"http://visiongpu23.csail.mit.edu/scratch/datasets/DeepfakeDetection/facenet_smooth_frames/dfdc_train_part_6/ghccycttqk.mp4/face_0.mp4","fake":"http://visiongpu23.csail.mit.edu/scratch/datasets/DeepfakeDetection/facenet_smooth_frames/dfdc_train_part_7/cjdiezyedv.mp4/face_0.mp4"}},{"choice":"fake","left":"fake","right":"real","videoPair":{"real":"http://visiongpu23.csail.mit.edu/scratch/datasets/DeepfakeDetection/facenet_smooth_frames/dfdc_train_part_7/lwmufxrefm.mp4/face_0.mp4","fake":"http://visiongpu23.csail.mit.edu/scratch/datasets/DeepfakeDetection/facenet_smooth_frames/dfdc_train_part_7/jduvvjoejn.mp4/face_0.mp4"}},{"choice":"fake","left":"real","right":"fake","videoPair":{"real":"http://visiongpu23.csail.mit.edu/scratch/datasets/DeepfakeDetection/facenet_smooth_frames/dfdc_train_part_2/ojbnddjuzy.mp4/face_0.mp4","fake":"http://visiongpu23.csail.mit.edu/scratch/datasets/DeepfakeDetection/facenet_smooth_frames/dfdc_train_part_17/aehqeompff.mp4/face_0.mp4"}},{"choice":"fake","left":"fake","right":"real","videoPair":{"real":"http://visiongpu23.csail.mit.edu/scratch/datasets/DeepfakeDetection/facenet_smooth_frames/dfdc_train_part_6/hwlizlhzjj.mp4/face_0.mp4","fake":"http://visiongpu23.csail.mit.edu/scratch/datasets/DeepfakeDetection/facenet_smooth_frames/dfdc_train_part_1/dngtoszjnq.mp4/face_0.mp4"}},{"choice":"real","left":"real","right":"fake","videoPair":{"real":"http://visiongpu23.csail.mit.edu/scratch/datasets/DeepfakeDetection/facenet_smooth_frames/dfdc_train_part_6/entdyegoud.mp4/face_0.mp4","fake":"http://visiongpu23.csail.mit.edu/scratch/datasets/DeepfakeDetection/facenet_smooth_frames/dfdc_train_part_6/enzngcerxy.mp4/face_0.mp4"}},{"choice":"fake","left":"fake","right":"real","videoPair":{"real":"http://visiongpu23.csail.mit.edu/scratch/datasets/DeepfakeDetection/facenet_smooth_frames/dfdc_train_part_5/nralzvqicb.mp4/face_0.mp4","fake":"http://visiongpu23.csail.mit.edu/scratch/datasets/DeepfakeDetection/facenet_smooth_frames/dfdc_train_part_21/abcclxtnil.mp4/face_0.mp4"}},{"choice":"fake","left":"fake","right":"real","videoPair":{"real":"http://visiongpu23.csail.mit.edu/scratch/datasets/DeepfakeDetection/facenet_smooth_frames/dfdc_train_part_7/hbbnbemsln.mp4/face_0.mp4","fake":"http://visiongpu23.csail.mit.edu/scratch/datasets/DeepfakeDetection/facenet_smooth_frames/dfdc_train_part_7/fwnetqcuit.mp4/face_0.mp4"}},{"choice":"fake","left":"real","right":"fake","videoPair":{"real":"http://visiongpu23.csail.mit.edu/scratch/datasets/DeepfakeDetection/facenet_smooth_frames/dfdc_train_part_7/aqmydibivi.mp4/face_0.mp4","fake":"http://visiongpu23.csail.mit.edu/scratch/datasets/DeepfakeDetection/facenet_smooth_frames/dfdc_train_part_7/dejewxlwmm.mp4/face_0.mp4"}},{"choice":"fake","left":"real","right":"fake","videoPair":{"real":"http://visiongpu23.csail.mit.edu/scratch/datasets/DeepfakeDetection/facenet_smooth_frames/dfdc_train_part_2/wilyayimlj.mp4/face_0.mp4","fake":"http://visiongpu23.csail.mit.edu/scratch/datasets/DeepfakeDetection/facenet_smooth_frames/dfdc_train_part_6/ivrrtkfqyf.mp4/face_0.mp4"}},{"choice":"fake","left":"real","right":"fake","videoPair":{"real":"http://visiongpu23.csail.mit.edu/scratch/datasets/DeepfakeDetection/facenet_smooth_frames/dfdc_train_part_1/nqvkiylfiy.mp4/face_0.mp4","fake":"http://visiongpu23.csail.mit.edu/scratch/datasets/DeepfakeDetection/facenet_smooth_frames/dfdc_train_part_6/aptqllaawb.mp4/face_0.mp4"}},{"choice":"real","left":"real","right":"fake","videoPair":{"real":"http://visiongpu23.csail.mit.edu/scratch/datasets/DeepfakeDetection/facenet_smooth_frames/dfdc_train_part_7/kseffrmenc.mp4/face_0.mp4","fake":"http://visiongpu23.csail.mit.edu/scratch/datasets/DeepfakeDetection/facenet_smooth_frames/dfdc_train_part_17/ahjthipwks.mp4/face_0.mp4"}},{"choice":"fake","left":"fake","right":"real","videoPair":{"real":"http://visiongpu23.csail.mit.edu/scratch/datasets/DeepfakeDetection/facenet_smooth_frames/dfdc_train_part_2/mueekicuyv.mp4/face_0.mp4","fake":"http://visiongpu23.csail.mit.edu/scratch/datasets/DeepfakeDetection/facenet_smooth_frames/dfdc_train_part_11/auhwmwgwrt.mp4/face_0.mp4"}},{"choice":"fake","left":"real","right":"fake","videoPair":{"real":"http://visiongpu23.csail.mit.edu/scratch/datasets/DeepfakeDetection/facenet_smooth_frames/dfdc_train_part_7/hlgkqylzrh.mp4/face_0.mp4","fake":"http://visiongpu23.csail.mit.edu/scratch/datasets/DeepfakeDetection/facenet_smooth_frames/dfdc_train_part_6/fouajbowhz.mp4/face_0.mp4"}},{"choice":"real","left":"real","right":"fake","videoPair":{"real":"http://visiongpu23.csail.mit.edu/scratch/datasets/DeepfakeDetection/facenet_smooth_frames/dfdc_train_part_5/eqgipviesf.mp4/face_0.mp4","fake":"http://visiongpu23.csail.mit.edu/scratch/datasets/DeepfakeDetection/facenet_smooth_frames/dfdc_train_part_7/bvugfvbvno.mp4/face_0.mp4"}},{"choice":"fake","left":"fake","right":"real","videoPair":{"real":"http://visiongpu23.csail.mit.edu/scratch/datasets/DeepfakeDetection/facenet_smooth_frames/dfdc_train_part_7/gdhtrbgmql.mp4/face_0.mp4","fake":"http://visiongpu23.csail.mit.edu/scratch/datasets/DeepfakeDetection/facenet_smooth_frames/dfdc_train_part_6/hndagiuhjr.mp4/face_0.mp4"}},{"choice":"fake","left":"real","right":"fake","videoPair":{"real":"http://visiongpu23.csail.mit.edu/scratch/datasets/DeepfakeDetection/facenet_smooth_frames/dfdc_train_part_7/ejllqmhnyt.mp4/face_0.mp4","fake":"http://visiongpu23.csail.mit.edu/scratch/datasets/DeepfakeDetection/facenet_smooth_frames/dfdc_train_part_7/eivcumeuxu.mp4/face_0.mp4"}},{"choice":"fake","left":"real","right":"fake","videoPair":{"real":"http://visiongpu23.csail.mit.edu/scratch/datasets/DeepfakeDetection/facenet_smooth_frames/dfdc_train_part_1/orblnqzpra.mp4/face_0.mp4","fake":"http://visiongpu23.csail.mit.edu/scratch/datasets/DeepfakeDetection/facenet_smooth_frames/dfdc_train_part_17/adioaqyble.mp4/face_0.mp4"}},{"choice":"fake","left":"fake","right":"real","videoPair":{"real":"http://visiongpu23.csail.mit.edu/scratch/datasets/DeepfakeDetection/facenet_smooth_frames/dfdc_train_part_7/kdcshrgdcw.mp4/face_0.mp4","fake":"http://visiongpu23.csail.mit.edu/scratch/datasets/DeepfakeDetection/facenet_smooth_frames/dfdc_train_part_17/ahxiodzlfq.mp4/face_0.mp4"}},{"choice":"fake","left":"fake","right":"real","videoPair":{"real":"http://visiongpu23.csail.mit.edu/scratch/datasets/DeepfakeDetection/facenet_smooth_frames/dfdc_train_part_11/ddhijrstzr.mp4/face_0.mp4","fake":"http://visiongpu23.csail.mit.edu/scratch/datasets/DeepfakeDetection/facenet_smooth_frames/dfdc_train_part_7/mlenpljdkk.mp4/face_0.mp4"}},{"choice":"fake","left":"fake","right":"real","videoPair":{"real":"http://visiongpu23.csail.mit.edu/scratch/datasets/DeepfakeDetection/facenet_smooth_frames/dfdc_train_part_6/bytmknqtol.mp4/face_0.mp4","fake":"http://visiongpu23.csail.mit.edu/scratch/datasets/DeepfakeDetection/facenet_smooth_frames/dfdc_train_part_1/odebvwocsf.mp4/face_0.mp4"}},{"choice":"fake","left":"real","right":"fake","videoPair":{"real":"http://visiongpu23.csail.mit.edu/scratch/datasets/DeepfakeDetection/facenet_smooth_frames/dfdc_train_part_6/mevjvsgbmk.mp4/face_0.mp4","fake":"http://visiongpu23.csail.mit.edu/scratch/datasets/DeepfakeDetection/facenet_smooth_frames/dfdc_train_part_6/dbdlybcefl.mp4/face_0.mp4"}},{"choice":"fake","left":"real","right":"fake","videoPair":{"real":"http://visiongpu23.csail.mit.edu/scratch/datasets/DeepfakeDetection/facenet_smooth_frames/dfdc_train_part_7/hvwgiotrdg.mp4/face_0.mp4","fake":"http://visiongpu23.csail.mit.edu/scratch/datasets/DeepfakeDetection/facenet_smooth_frames/dfdc_train_part_7/nhlxuqvqdl.mp4/face_0.mp4"}},{"choice":"fake","left":"real","right":"fake","videoPair":{"real":"http://visiongpu23.csail.mit.edu/scratch/datasets/DeepfakeDetection/facenet_smooth_frames/dfdc_train_part_1/vizerpsvbz.mp4/face_0.mp4","fake":"http://visiongpu23.csail.mit.edu/scratch/datasets/DeepfakeDetection/facenet_smooth_frames/dfdc_train_part_7/nalwkssfay.mp4/face_0.mp4"}},{"choice":"fake","left":"fake","right":"real","videoPair":{"real":"http://visiongpu23.csail.mit.edu/scratch/datasets/DeepfakeDetection/facenet_smooth_frames/dfdc_train_part_7/nkqahghhxx.mp4/face_0.mp4","fake":"http://visiongpu23.csail.mit.edu/scratch/datasets/DeepfakeDetection/facenet_smooth_frames/dfdc_train_part_6/embmzonwof.mp4/face_0.mp4"}},{"choice":"fake","left":"real","right":"fake","videoPair":{"real":"http://visiongpu23.csail.mit.edu/scratch/datasets/DeepfakeDetection/facenet_smooth_frames/dfdc_train_part_5/kvdnaxkcbz.mp4/face_0.mp4","fake":"http://visiongpu23.csail.mit.edu/scratch/datasets/DeepfakeDetection/facenet_smooth_frames/dfdc_train_part_7/kbihrvypuy.mp4/face_0.mp4"}},{"choice":"fake","left":"real","right":"fake","videoPair":{"real":"http://visiongpu23.csail.mit.edu/scratch/datasets/DeepfakeDetection/facenet_smooth_frames/dfdc_train_part_7/jqqpgsorcl.mp4/face_0.mp4","fake":"http://visiongpu23.csail.mit.edu/scratch/datasets/DeepfakeDetection/facenet_smooth_frames/dfdc_train_part_6/ggdtngvavm.mp4/face_0.mp4"}},{"choice":"real","left":"real","right":"fake","videoPair":{"real":"http://visiongpu23.csail.mit.edu/scratch/datasets/DeepfakeDetection/facenet_smooth_frames/dfdc_train_part_5/eklsrnkwog.mp4/face_0.mp4","fake":"http://visiongpu23.csail.mit.edu/scratch/datasets/DeepfakeDetection/facenet_smooth_frames/dfdc_train_part_7/hraokltron.mp4/face_0.mp4"}},{"choice":"fake","left":"real","right":"fake","videoPair":{"real":"http://visiongpu23.csail.mit.edu/scratch/datasets/DeepfakeDetection/facenet_smooth_frames/dfdc_train_part_2/dpmgoiwhuf.mp4/face_0.mp4","fake":"http://visiongpu23.csail.mit.edu/scratch/datasets/DeepfakeDetection/facenet_smooth_frames/dfdc_train_part_10/apgncdjuzj.mp4/face_0.mp4"}},{"choice":"fake","left":"fake","right":"real","videoPair":{"real":"http://visiongpu23.csail.mit.edu/scratch/datasets/DeepfakeDetection/facenet_smooth_frames/dfdc_train_part_5/jjgcpugjwy.mp4/face_0.mp4","fake":"http://visiongpu23.csail.mit.edu/scratch/datasets/DeepfakeDetection/facenet_smooth_frames/dfdc_train_part_7/hvwikhejpy.mp4/face_0.mp4"}},{"choice":"fake","left":"fake","right":"real","videoPair":{"real":"http://visiongpu23.csail.mit.edu/scratch/datasets/DeepfakeDetection/facenet_smooth_frames/dfdc_train_part_7/blyoxkhsdl.mp4/face_0.mp4","fake":"http://visiongpu23.csail.mit.edu/scratch/datasets/DeepfakeDetection/facenet_smooth_frames/dfdc_train_part_7/fwynhpgaot.mp4/face_0.mp4"}},{"choice":"fake","left":"fake","right":"real","videoPair":{"real":"http://visiongpu23.csail.mit.edu/scratch/datasets/DeepfakeDetection/facenet_smooth_frames/dfdc_train_part_7/dekubmzctv.mp4/face_0.mp4","fake":"http://visiongpu23.csail.mit.edu/scratch/datasets/DeepfakeDetection/facenet_smooth_frames/dfdc_train_part_6/jmsitrdbom.mp4/face_0.mp4"}},{"choice":"fake","left":"real","right":"fake","videoPair":{"real":"http://visiongpu23.csail.mit.edu/scratch/datasets/DeepfakeDetection/facenet_smooth_frames/dfdc_train_part_1/bvpeerislp.mp4/face_0.mp4","fake":"http://visiongpu23.csail.mit.edu/scratch/datasets/DeepfakeDetection/facenet_smooth_frames/dfdc_train_part_10/baokkeqdxp.mp4/face_0.mp4"}},{"choice":"fake","left":"real","right":"fake","videoPair":{"real":"http://visiongpu23.csail.mit.edu/scratch/datasets/DeepfakeDetection/facenet_smooth_frames/dfdc_train_part_6/iqtojehgyl.mp4/face_0.mp4","fake":"http://visiongpu23.csail.mit.edu/scratch/datasets/DeepfakeDetection/facenet_smooth_frames/dfdc_train_part_6/miydooprln.mp4/face_0.mp4"}},{"choice":"real","left":"fake","right":"real","videoPair":{"real":"http://visiongpu23.csail.mit.edu/scratch/datasets/DeepfakeDetection/facenet_smooth_frames/dfdc_train_part_7/hrifyziwgp.mp4/face_0.mp4","fake":"http://visiongpu23.csail.mit.edu/scratch/datasets/DeepfakeDetection/facenet_smooth_frames/dfdc_train_part_7/cuibixkynh.mp4/face_0.mp4"}},{"choice":"fake","left":"real","right":"fake","videoPair":{"real":"http://visiongpu23.csail.mit.edu/scratch/datasets/DeepfakeDetection/facenet_smooth_frames/dfdc_train_part_7/locbjirkex.mp4/face_0.mp4","fake":"http://visiongpu23.csail.mit.edu/scratch/datasets/DeepfakeDetection/facenet_smooth_frames/dfdc_train_part_6/dmddxqzfgv.mp4/face_0.mp4"}},{"choice":"fake","left":"real","right":"fake","videoPair":{"real":"http://visiongpu23.csail.mit.edu/scratch/datasets/DeepfakeDetection/facenet_smooth_frames/dfdc_train_part_6/aezagrnzdz.mp4/face_0.mp4","fake":"http://visiongpu23.csail.mit.edu/scratch/datasets/DeepfakeDetection/facenet_smooth_frames/dfdc_train_part_6/faaezphusq.mp4/face_0.mp4"}},{"choice":"fake","left":"fake","right":"real","videoPair":{"real":"http://visiongpu23.csail.mit.edu/scratch/datasets/DeepfakeDetection/facenet_smooth_frames/dfdc_train_part_6/btovwozcsm.mp4/face_0.mp4","fake":"http://visiongpu23.csail.mit.edu/scratch/datasets/DeepfakeDetection/facenet_smooth_frames/dfdc_train_part_11/ahptnosmvj.mp4/face_0.mp4"}},{"choice":"real","left":"real","right":"fake","videoPair":{"real":"http://visiongpu23.csail.mit.edu/scratch/datasets/DeepfakeDetection/facenet_smooth_frames/dfdc_train_part_1/fyyyoslpgo.mp4/face_0.mp4","fake":"http://visiongpu23.csail.mit.edu/scratch/datasets/DeepfakeDetection/facenet_smooth_frames/dfdc_train_part_7/epctsuhlgk.mp4/face_0.mp4"}},{"choice":"fake","left":"real","right":"fake","videoPair":{"real":"http://visiongpu23.csail.mit.edu/scratch/datasets/DeepfakeDetection/facenet_smooth_frames/dfdc_train_part_6/jtgujpmdff.mp4/face_0.mp4","fake":"http://visiongpu23.csail.mit.edu/scratch/datasets/DeepfakeDetection/facenet_smooth_frames/dfdc_train_part_6/lpmoynhgcg.mp4/face_0.mp4"}},{"choice":"fake","left":"real","right":"fake","videoPair":{"real":"http://visiongpu23.csail.mit.edu/scratch/datasets/DeepfakeDetection/facenet_smooth_frames/dfdc_train_part_2/yrdrzkpxgz.mp4/face_0.mp4","fake":"http://visiongpu23.csail.mit.edu/scratch/datasets/DeepfakeDetection/facenet_smooth_frames/dfdc_train_part_7/ebbszssvhj.mp4/face_0.mp4"}},{"choice":"real","left":"real","right":"fake","videoPair":{"real":"http://visiongpu23.csail.mit.edu/scratch/datasets/DeepfakeDetection/facenet_smooth_frames/dfdc_train_part_0/gnmmhlbzge.mp4/face_0.mp4","fake":"http://visiongpu23.csail.mit.edu/scratch/datasets/DeepfakeDetection/facenet_smooth_frames/dfdc_train_part_7/lostibbbqn.mp4/face_0.mp4"}},{"choice":"fake","left":"real","right":"fake","videoPair":{"real":"http://visiongpu23.csail.mit.edu/scratch/datasets/DeepfakeDetection/facenet_smooth_frames/dfdc_train_part_2/fanibwbmoq.mp4/face_0.mp4","fake":"http://visiongpu23.csail.mit.edu/scratch/datasets/DeepfakeDetection/facenet_smooth_frames/dfdc_train_part_6/ldoaprlmsq.mp4/face_0.mp4"}},{"choice":"fake","left":"fake","right":"real","videoPair":{"real":"http://visiongpu23.csail.mit.edu/scratch/datasets/DeepfakeDetection/facenet_smooth_frames/dfdc_train_part_7/gxsbbcjuzh.mp4/face_0.mp4","fake":"http://visiongpu23.csail.mit.edu/scratch/datasets/DeepfakeDetection/facenet_smooth_frames/dfdc_train_part_1/lweyqsgphu.mp4/face_0.mp4"}},{"choice":"real","left":"real","right":"fake","videoPair":{"real":"http://visiongpu23.csail.mit.edu/scratch/datasets/DeepfakeDetection/facenet_smooth_frames/dfdc_train_part_0/aayrffkzxn.mp4/face_0.mp4","fake":"http://visiongpu23.csail.mit.edu/scratch/datasets/DeepfakeDetection/facenet_smooth_frames/dfdc_train_part_7/kedazlhndc.mp4/face_0.mp4"}},{"choice":"fake","left":"real","right":"fake","videoPair":{"real":"http://visiongpu23.csail.mit.edu/scratch/datasets/DeepfakeDetection/facenet_smooth_frames/dfdc_train_part_5/fratowhttl.mp4/face_0.mp4","fake":"http://visiongpu23.csail.mit.edu/scratch/datasets/DeepfakeDetection/facenet_smooth_frames/dfdc_train_part_7/jzlkgyrjqc.mp4/face_0.mp4"}},{"choice":"fake","left":"real","right":"fake","videoPair":{"real":"http://visiongpu23.csail.mit.edu/scratch/datasets/DeepfakeDetection/facenet_smooth_frames/dfdc_train_part_6/amflyomuqj.mp4/face_0.mp4","fake":"http://visiongpu23.csail.mit.edu/scratch/datasets/DeepfakeDetection/facenet_smooth_frames/dfdc_train_part_7/edtpirebkl.mp4/face_0.mp4"}},{"choice":"fake","left":"fake","right":"real","videoPair":{"real":"http://visiongpu23.csail.mit.edu/scratch/datasets/DeepfakeDetection/facenet_smooth_frames/dfdc_train_part_6/fqbndyrupa.mp4/face_0.mp4","fake":"http://visiongpu23.csail.mit.edu/scratch/datasets/DeepfakeDetection/facenet_smooth_frames/dfdc_train_part_1/akfjqoantp.mp4/face_0.mp4"}},{"choice":"real","left":"fake","right":"real","videoPair":{"real":"http://visiongpu23.csail.mit.edu/scratch/datasets/DeepfakeDetection/facenet_smooth_frames/dfdc_train_part_1/kpnakfmmlh.mp4/face_0.mp4","fake":"http://visiongpu23.csail.mit.edu/scratch/datasets/DeepfakeDetection/facenet_smooth_frames/dfdc_train_part_7/bljlskjwsg.mp4/face_0.mp4"}},{"choice":"real","left":"fake","right":"real","videoPair":{"real":"http://visiongpu23.csail.mit.edu/scratch/datasets/DeepfakeDetection/facenet_smooth_frames/dfdc_train_part_2/pzdsiytket.mp4/face_0.mp4","fake":"http://visiongpu23.csail.mit.edu/scratch/datasets/DeepfakeDetection/facenet_smooth_frames/dfdc_train_part_7/bfajryuvdg.mp4/face_0.mp4"}},{"choice":"fake","left":"fake","right":"real","videoPair":{"real":"http://visiongpu23.csail.mit.edu/scratch/datasets/DeepfakeDetection/facenet_smooth_frames/dfdc_train_part_17/aaragvjucp.mp4/face_0.mp4","fake":"http://visiongpu23.csail.mit.edu/scratch/datasets/DeepfakeDetection/facenet_smooth_frames/dfdc_train_part_11/bdzzjqqekr.mp4/face_0.mp4"}},{"choice":"fake","left":"fake","right":"real","videoPair":{"real":"http://visiongpu23.csail.mit.edu/scratch/datasets/DeepfakeDetection/facenet_smooth_frames/dfdc_train_part_2/bckjuzbabv.mp4/face_0.mp4","fake":"http://visiongpu23.csail.mit.edu/scratch/datasets/DeepfakeDetection/facenet_smooth_frames/dfdc_train_part_6/ijdxvnmyih.mp4/face_0.mp4"}},{"choice":"fake","left":"real","right":"fake","videoPair":{"real":"http://visiongpu23.csail.mit.edu/scratch/datasets/DeepfakeDetection/facenet_smooth_frames/dfdc_train_part_2/kkbznuwipg.mp4/face_0.mp4","fake":"http://visiongpu23.csail.mit.edu/scratch/datasets/DeepfakeDetection/facenet_smooth_frames/dfdc_train_part_10/aeqfnecrcb.mp4/face_0.mp4"}},{"choice":"fake","left":"fake","right":"real","videoPair":{"real":"http://visiongpu23.csail.mit.edu/scratch/datasets/DeepfakeDetection/facenet_smooth_frames/dfdc_train_part_0/eiwtggvtfp.mp4/face_0.mp4","fake":"http://visiongpu23.csail.mit.edu/scratch/datasets/DeepfakeDetection/facenet_smooth_frames/dfdc_train_part_7/gxagxjdhoe.mp4/face_0.mp4"}},{"choice":"fake","left":"fake","right":"real","videoPair":{"real":"http://visiongpu23.csail.mit.edu/scratch/datasets/DeepfakeDetection/facenet_smooth_frames/dfdc_train_part_2/qclpbcbgeq.mp4/face_0.mp4","fake":"http://visiongpu23.csail.mit.edu/scratch/datasets/DeepfakeDetection/facenet_smooth_frames/dfdc_train_part_6/kcvtrsoksi.mp4/face_0.mp4"}},{"choice":"real","left":"real","right":"fake","videoPair":{"real":"http://visiongpu23.csail.mit.edu/scratch/datasets/DeepfakeDetection/facenet_smooth_frames/dfdc_train_part_1/peysyddtmp.mp4/face_0.mp4","fake":"http://visiongpu23.csail.mit.edu/scratch/datasets/DeepfakeDetection/facenet_smooth_frames/dfdc_train_part_6/hurvjbckrw.mp4/face_0.mp4"}},{"choice":"fake","left":"fake","right":"real","videoPair":{"real":"http://visiongpu23.csail.mit.edu/scratch/datasets/DeepfakeDetection/facenet_smooth_frames/dfdc_train_part_1/junllgghcq.mp4/face_0.mp4","fake":"http://visiongpu23.csail.mit.edu/scratch/datasets/DeepfakeDetection/facenet_smooth_frames/dfdc_train_part_6/cukadnrzpo.mp4/face_0.mp4"}},{"choice":"fake","left":"fake","right":"real","videoPair":{"real":"http://visiongpu23.csail.mit.edu/scratch/datasets/DeepfakeDetection/facenet_smooth_frames/dfdc_train_part_6/abbgqbrdiz.mp4/face_0.mp4","fake":"http://visiongpu23.csail.mit.edu/scratch/datasets/DeepfakeDetection/facenet_smooth_frames/dfdc_train_part_6/gdtqvcbmvp.mp4/face_0.mp4"}},{"choice":"fake","left":"real","right":"fake","videoPair":{"real":"http://visiongpu23.csail.mit.edu/scratch/datasets/DeepfakeDetection/facenet_smooth_frames/dfdc_train_part_7/mjtgoedhei.mp4/face_0.mp4","fake":"http://visiongpu23.csail.mit.edu/scratch/datasets/DeepfakeDetection/facenet_smooth_frames/dfdc_train_part_6/fiwxyfsijh.mp4/face_0.mp4"}},{"choice":"fake","left":"fake","right":"real","videoPair":{"real":"http://visiongpu23.csail.mit.edu/scratch/datasets/DeepfakeDetection/facenet_smooth_frames/dfdc_train_part_1/zwswwwrefl.mp4/face_0.mp4","fake":"http://visiongpu23.csail.mit.edu/scratch/datasets/DeepfakeDetection/facenet_smooth_frames/dfdc_train_part_11/acwcgmdxhl.mp4/face_0.mp4"}},{"choice":"fake","left":"real","right":"fake","videoPair":{"real":"http://visiongpu23.csail.mit.edu/scratch/datasets/DeepfakeDetection/facenet_smooth_frames/dfdc_train_part_2/hzlfdbtbau.mp4/face_0.mp4","fake":"http://visiongpu23.csail.mit.edu/scratch/datasets/DeepfakeDetection/facenet_smooth_frames/dfdc_train_part_7/ipsbxiaxme.mp4/face_0.mp4"}},{"choice":"fake","left":"real","right":"fake","videoPair":{"real":"http://visiongpu23.csail.mit.edu/scratch/datasets/DeepfakeDetection/facenet_smooth_frames/dfdc_train_part_0/hplxtssgnz.mp4/face_0.mp4","fake":"http://visiongpu23.csail.mit.edu/scratch/datasets/DeepfakeDetection/facenet_smooth_frames/dfdc_train_part_7/hivtukryen.mp4/face_0.mp4"}},{"choice":"fake","left":"real","right":"fake","videoPair":{"real":"http://visiongpu23.csail.mit.edu/scratch/datasets/DeepfakeDetection/facenet_smooth_frames/dfdc_train_part_7/cqvrufiicc.mp4/face_0.mp4","fake":"http://visiongpu23.csail.mit.edu/scratch/datasets/DeepfakeDetection/facenet_smooth_frames/dfdc_train_part_7/nixwzywtrj.mp4/face_0.mp4"}},{"choice":"fake","left":"real","right":"fake","videoPair":{"real":"http://visiongpu23.csail.mit.edu/scratch/datasets/DeepfakeDetection/facenet_smooth_frames/dfdc_train_part_6/jyxdpfccde.mp4/face_0.mp4","fake":"http://visiongpu23.csail.mit.edu/scratch/datasets/DeepfakeDetection/facenet_smooth_frames/dfdc_train_part_1/ntyxlzsxrz.mp4/face_0.mp4"}},{"choice":"fake","left":"real","right":"fake","videoPair":{"real":"http://visiongpu23.csail.mit.edu/scratch/datasets/DeepfakeDetection/facenet_smooth_frames/dfdc_train_part_0/fsaronfupy.mp4/face_0.mp4","fake":"http://visiongpu23.csail.mit.edu/scratch/datasets/DeepfakeDetection/facenet_smooth_frames/dfdc_train_part_0/cvdrzlkwdf.mp4/face_0.mp4"}},{"choice":"fake","left":"fake","right":"real","videoPair":{"real":"http://visiongpu23.csail.mit.edu/scratch/datasets/DeepfakeDetection/facenet_smooth_frames/dfdc_train_part_7/nonwqkyict.mp4/face_0.mp4","fake":"http://visiongpu23.csail.mit.edu/scratch/datasets/DeepfakeDetection/facenet_smooth_frames/dfdc_train_part_6/ctwvhdkmkx.mp4/face_0.mp4"}},{"choice":"fake","left":"real","right":"fake","videoPair":{"real":"http://visiongpu23.csail.mit.edu/scratch/datasets/DeepfakeDetection/facenet_smooth_frames/dfdc_train_part_6/horbklyyni.mp4/face_0.mp4","fake":"http://visiongpu23.csail.mit.edu/scratch/datasets/DeepfakeDetection/facenet_smooth_frames/dfdc_train_part_6/mchagyepti.mp4/face_0.mp4"}},{"choice":"fake","left":"fake","right":"real","videoPair":{"real":"http://visiongpu23.csail.mit.edu/scratch/datasets/DeepfakeDetection/facenet_smooth_frames/dfdc_train_part_7/bqfbhkinte.mp4/face_0.mp4","fake":"http://visiongpu23.csail.mit.edu/scratch/datasets/DeepfakeDetection/facenet_smooth_frames/dfdc_train_part_6/ecvxkykmvx.mp4/face_0.mp4"}},{"choice":"fake","left":"real","right":"fake","videoPair":{"real":"http://visiongpu23.csail.mit.edu/scratch/datasets/DeepfakeDetection/facenet_smooth_frames/dfdc_train_part_5/hvierltlmq.mp4/face_0.mp4","fake":"http://visiongpu23.csail.mit.edu/scratch/datasets/DeepfakeDetection/facenet_smooth_frames/dfdc_train_part_7/bsqnzpidrn.mp4/face_0.mp4"}},{"choice":"fake","left":"fake","right":"real","videoPair":{"real":"http://visiongpu23.csail.mit.edu/scratch/datasets/DeepfakeDetection/facenet_smooth_frames/dfdc_train_part_7/lkppttaxoq.mp4/face_0.mp4","fake":"http://visiongpu23.csail.mit.edu/scratch/datasets/DeepfakeDetection/facenet_smooth_frames/dfdc_train_part_6/mfhpnpeuil.mp4/face_0.mp4"}},{"choice":"fake","left":"real","right":"fake","videoPair":{"real":"http://visiongpu23.csail.mit.edu/scratch/datasets/DeepfakeDetection/facenet_smooth_frames/dfdc_train_part_6/hzjpgjgtar.mp4/face_0.mp4","fake":"http://visiongpu23.csail.mit.edu/scratch/datasets/DeepfakeDetection/facenet_smooth_frames/dfdc_train_part_7/gigkljbtnw.mp4/face_0.mp4"}},{"choice":"fake","left":"fake","right":"real","videoPair":{"real":"http://visiongpu23.csail.mit.edu/scratch/datasets/DeepfakeDetection/facenet_smooth_frames/dfdc_train_part_5/dykljokhdg.mp4/face_0.mp4","fake":"http://visiongpu23.csail.mit.edu/scratch/datasets/DeepfakeDetection/facenet_smooth_frames/dfdc_train_part_10/cpcfmvdnlh.mp4/face_0.mp4"}},{"choice":"fake","left":"real","right":"fake","videoPair":{"real":"http://visiongpu23.csail.mit.edu/scratch/datasets/DeepfakeDetection/facenet_smooth_frames/dfdc_train_part_6/fcfwzjbllp.mp4/face_0.mp4","fake":"http://visiongpu23.csail.mit.edu/scratch/datasets/DeepfakeDetection/facenet_smooth_frames/dfdc_train_part_7/jintynmhzu.mp4/face_0.mp4"}},{"choice":"fake","left":"real","right":"fake","videoPair":{"real":"http://visiongpu23.csail.mit.edu/scratch/datasets/DeepfakeDetection/facenet_smooth_frames/dfdc_train_part_0/doniqevxeg.mp4/face_0.mp4","fake":"http://visiongpu23.csail.mit.edu/scratch/datasets/DeepfakeDetection/facenet_smooth_frames/dfdc_train_part_11/aqzgpmlynd.mp4/face_0.mp4"}},{"choice":"fake","left":"fake","right":"real","videoPair":{"real":"http://visiongpu23.csail.mit.edu/scratch/datasets/DeepfakeDetection/facenet_smooth_frames/dfdc_train_part_5/emflfadjyb.mp4/face_0.mp4","fake":"http://visiongpu23.csail.mit.edu/scratch/datasets/DeepfakeDetection/facenet_smooth_frames/dfdc_train_part_7/jkxyqsppke.mp4/face_0.mp4"}},{"choice":"fake","left":"real","right":"fake","videoPair":{"real":"http://visiongpu23.csail.mit.edu/scratch/datasets/DeepfakeDetection/facenet_smooth_frames/dfdc_train_part_2/bixvunsrsj.mp4/face_0.mp4","fake":"http://visiongpu23.csail.mit.edu/scratch/datasets/DeepfakeDetection/facenet_smooth_frames/dfdc_train_part_7/cnwryfbhjs.mp4/face_0.mp4"}},{"choice":"fake","left":"fake","right":"real","videoPair":{"real":"http://visiongpu23.csail.mit.edu/scratch/datasets/DeepfakeDetection/facenet_smooth_frames/dfdc_train_part_0/heiyoojifp.mp4/face_0.mp4","fake":"http://visiongpu23.csail.mit.edu/scratch/datasets/DeepfakeDetection/facenet_smooth_frames/dfdc_train_part_7/fusfpcpsox.mp4/face_0.mp4"}},{"choice":"fake","left":"fake","right":"real","videoPair":{"real":"http://visiongpu23.csail.mit.edu/scratch/datasets/DeepfakeDetection/facenet_smooth_frames/dfdc_train_part_6/lmdjukzovh.mp4/face_0.mp4","fake":"http://visiongpu23.csail.mit.edu/scratch/datasets/DeepfakeDetection/facenet_smooth_frames/dfdc_train_part_7/gwirozzovl.mp4/face_0.mp4"}},{"choice":"fake","left":"real","right":"fake","videoPair":{"real":"http://visiongpu23.csail.mit.edu/scratch/datasets/DeepfakeDetection/facenet_smooth_frames/dfdc_train_part_5/mpjiuzojzc.mp4/face_0.mp4","fake":"http://visiongpu23.csail.mit.edu/scratch/datasets/DeepfakeDetection/facenet_smooth_frames/dfdc_train_part_7/aciykyosuy.mp4/face_0.mp4"}},{"choice":"real","left":"real","right":"fake","videoPair":{"real":"http://visiongpu23.csail.mit.edu/scratch/datasets/DeepfakeDetection/facenet_smooth_frames/dfdc_train_part_6/fneatzvrsv.mp4/face_0.mp4","fake":"http://visiongpu23.csail.mit.edu/scratch/datasets/DeepfakeDetection/facenet_smooth_frames/dfdc_train_part_7/buavuaumij.mp4/face_0.mp4"}},{"choice":"fake","left":"fake","right":"real","videoPair":{"real":"http://visiongpu23.csail.mit.edu/scratch/datasets/DeepfakeDetection/facenet_smooth_frames/dfdc_train_part_2/hjiixnernu.mp4/face_0.mp4","fake":"http://visiongpu23.csail.mit.edu/scratch/datasets/DeepfakeDetection/facenet_smooth_frames/dfdc_train_part_7/jgtfjkcdfy.mp4/face_0.mp4"}},{"choice":"real","left":"fake","right":"real","videoPair":{"real":"http://visiongpu23.csail.mit.edu/scratch/datasets/DeepfakeDetection/facenet_smooth_frames/dfdc_train_part_5/mgqlxlnize.mp4/face_0.mp4","fake":"http://visiongpu23.csail.mit.edu/scratch/datasets/DeepfakeDetection/facenet_smooth_frames/dfdc_train_part_6/jregqlpriq.mp4/face_0.mp4"}},{"choice":"real","left":"fake","right":"real","videoPair":{"real":"http://visiongpu23.csail.mit.edu/scratch/datasets/DeepfakeDetection/facenet_smooth_frames/dfdc_train_part_5/nufqxmyffp.mp4/face_0.mp4","fake":"http://visiongpu23.csail.mit.edu/scratch/datasets/DeepfakeDetection/facenet_smooth_frames/dfdc_train_part_7/fkgdbngipj.mp4/face_0.mp4"}},{"choice":"real","left":"fake","right":"real","videoPair":{"real":"http://visiongpu23.csail.mit.edu/scratch/datasets/DeepfakeDetection/facenet_smooth_frames/dfdc_train_part_5/jmqmljznhv.mp4/face_0.mp4","fake":"http://visiongpu23.csail.mit.edu/scratch/datasets/DeepfakeDetection/facenet_smooth_frames/dfdc_train_part_6/ddcugdxkpj.mp4/face_0.mp4"}},{"choice":"fake","left":"fake","right":"real","videoPair":{"real":"http://visiongpu23.csail.mit.edu/scratch/datasets/DeepfakeDetection/facenet_smooth_frames/dfdc_train_part_5/epphrlkqhp.mp4/face_0.mp4","fake":"http://visiongpu23.csail.mit.edu/scratch/datasets/DeepfakeDetection/facenet_smooth_frames/dfdc_train_part_6/iqoqctfmec.mp4/face_0.mp4"}},{"choice":"real","left":"fake","right":"real","videoPair":{"real":"http://visiongpu23.csail.mit.edu/scratch/datasets/DeepfakeDetection/facenet_smooth_frames/dfdc_train_part_5/jhyfxihnws.mp4/face_0.mp4","fake":"http://visiongpu23.csail.mit.edu/scratch/datasets/DeepfakeDetection/facenet_smooth_frames/dfdc_train_part_6/ixggoemcbu.mp4/face_0.mp4"}},{"choice":"real","left":"real","right":"fake","videoPair":{"real":"http://visiongpu23.csail.mit.edu/scratch/datasets/DeepfakeDetection/facenet_smooth_frames/dfdc_train_part_6/ljzgbkcvgi.mp4/face_0.mp4","fake":"http://visiongpu23.csail.mit.edu/scratch/datasets/DeepfakeDetection/facenet_smooth_frames/dfdc_train_part_7/ektbqfsjoq.mp4/face_0.mp4"}},{"choice":"fake","left":"fake","right":"real","videoPair":{"real":"http://visiongpu23.csail.mit.edu/scratch/datasets/DeepfakeDetection/facenet_smooth_frames/dfdc_train_part_2/whurggewea.mp4/face_0.mp4","fake":"http://visiongpu23.csail.mit.edu/scratch/datasets/DeepfakeDetection/facenet_smooth_frames/dfdc_train_part_6/gllgprhsmc.mp4/face_0.mp4"}},{"choice":"fake","left":"fake","right":"real","videoPair":{"real":"http://visiongpu23.csail.mit.edu/scratch/datasets/DeepfakeDetection/facenet_smooth_frames/dfdc_train_part_2/crvepxiplb.mp4/face_0.mp4","fake":"http://visiongpu23.csail.mit.edu/scratch/datasets/DeepfakeDetection/facenet_smooth_frames/dfdc_train_part_7/bfokutsmfl.mp4/face_0.mp4"}},{"choice":"fake","left":"real","right":"fake","videoPair":{"real":"http://visiongpu23.csail.mit.edu/scratch/datasets/DeepfakeDetection/facenet_smooth_frames/dfdc_train_part_2/zfrrixsimm.mp4/face_0.mp4","fake":"http://visiongpu23.csail.mit.edu/scratch/datasets/DeepfakeDetection/facenet_smooth_frames/dfdc_train_part_6/arudlrbjsm.mp4/face_0.mp4"}},{"choice":"real","left":"real","right":"fake","videoPair":{"real":"http://visiongpu23.csail.mit.edu/scratch/datasets/DeepfakeDetection/facenet_smooth_frames/dfdc_train_part_5/hgqqwuqrlm.mp4/face_0.mp4","fake":"http://visiongpu23.csail.mit.edu/scratch/datasets/DeepfakeDetection/facenet_smooth_frames/dfdc_train_part_7/habfqfrmjz.mp4/face_0.mp4"}},{"choice":"fake","left":"fake","right":"real","videoPair":{"real":"http://visiongpu23.csail.mit.edu/scratch/datasets/DeepfakeDetection/facenet_smooth_frames/dfdc_train_part_2/mohiqoogpb.mp4/face_0.mp4","fake":"http://visiongpu23.csail.mit.edu/scratch/datasets/DeepfakeDetection/facenet_smooth_frames/dfdc_train_part_6/eciawhfnli.mp4/face_0.mp4"}},{"choice":"fake","left":"fake","right":"real","videoPair":{"real":"http://visiongpu23.csail.mit.edu/scratch/datasets/DeepfakeDetection/facenet_smooth_frames/dfdc_train_part_5/jiwlonxohi.mp4/face_0.mp4","fake":"http://visiongpu23.csail.mit.edu/scratch/datasets/DeepfakeDetection/facenet_smooth_frames/dfdc_train_part_7/fhzdeeqxsm.mp4/face_0.mp4"}},{"choice":"fake","left":"real","right":"fake","videoPair":{"real":"http://visiongpu23.csail.mit.edu/scratch/datasets/DeepfakeDetection/facenet_smooth_frames/dfdc_train_part_6/gchvouptky.mp4/face_0.mp4","fake":"http://visiongpu23.csail.mit.edu/scratch/datasets/DeepfakeDetection/facenet_smooth_frames/dfdc_train_part_7/mmypcqudth.mp4/face_0.mp4"}},{"choice":"fake","left":"fake","right":"real","videoPair":{"real":"http://visiongpu23.csail.mit.edu/scratch/datasets/DeepfakeDetection/facenet_smooth_frames/dfdc_train_part_5/bqruljgfil.mp4/face_0.mp4","fake":"http://visiongpu23.csail.mit.edu/scratch/datasets/DeepfakeDetection/facenet_smooth_frames/dfdc_train_part_7/nvkzmhtfeb.mp4/face_0.mp4"}},{"choice":"fake","left":"real","right":"fake","videoPair":{"real":"http://visiongpu23.csail.mit.edu/scratch/datasets/DeepfakeDetection/facenet_smooth_frames/dfdc_train_part_6/brwnebfnea.mp4/face_0.mp4","fake":"http://visiongpu23.csail.mit.edu/scratch/datasets/DeepfakeDetection/facenet_smooth_frames/dfdc_train_part_7/jnmygfglwb.mp4/face_0.mp4"}},{"choice":"fake","left":"fake","right":"real","videoPair":{"real":"http://visiongpu23.csail.mit.edu/scratch/datasets/DeepfakeDetection/facenet_smooth_frames/dfdc_train_part_1/tcsddvsewk.mp4/face_0.mp4","fake":"http://visiongpu23.csail.mit.edu/scratch/datasets/DeepfakeDetection/facenet_smooth_frames/dfdc_train_part_7/ipnahkyzem.mp4/face_0.mp4"}},{"choice":"real","left":"fake","right":"real","videoPair":{"real":"http://visiongpu23.csail.mit.edu/scratch/datasets/DeepfakeDetection/facenet_smooth_frames/dfdc_train_part_6/hhqcircgmf.mp4/face_0.mp4","fake":"http://visiongpu23.csail.mit.edu/scratch/datasets/DeepfakeDetection/facenet_smooth_frames/dfdc_train_part_0/escwylyxap.mp4/face_0.mp4"}},{"choice":"fake","left":"fake","right":"real","videoPair":{"real":"http://visiongpu23.csail.mit.edu/scratch/datasets/DeepfakeDetection/facenet_smooth_frames/dfdc_train_part_7/dtfqodmape.mp4/face_0.mp4","fake":"http://visiongpu23.csail.mit.edu/scratch/datasets/DeepfakeDetection/facenet_smooth_frames/dfdc_train_part_6/eipzvbpuuu.mp4/face_0.mp4"}},{"choice":"fake","left":"real","right":"fake","videoPair":{"real":"http://visiongpu23.csail.mit.edu/scratch/datasets/DeepfakeDetection/facenet_smooth_frames/dfdc_train_part_5/jqiyrrspsj.mp4/face_0.mp4","fake":"http://visiongpu23.csail.mit.edu/scratch/datasets/DeepfakeDetection/facenet_smooth_frames/dfdc_train_part_6/lpbwhpbrgi.mp4/face_0.mp4"}},{"choice":"fake","left":"fake","right":"real","videoPair":{"real":"http://visiongpu23.csail.mit.edu/scratch/datasets/DeepfakeDetection/facenet_smooth_frames/dfdc_train_part_7/cwbubjzysv.mp4/face_0.mp4","fake":"http://visiongpu23.csail.mit.edu/scratch/datasets/DeepfakeDetection/facenet_smooth_frames/dfdc_train_part_17/agnhouokqg.mp4/face_0.mp4"}},{"choice":"fake","left":"fake","right":"real","videoPair":{"real":"http://visiongpu23.csail.mit.edu/scratch/datasets/DeepfakeDetection/facenet_smooth_frames/dfdc_train_part_5/aljzaalpym.mp4/face_0.mp4","fake":"http://visiongpu23.csail.mit.edu/scratch/datasets/DeepfakeDetection/facenet_smooth_frames/dfdc_train_part_7/niutomctwy.mp4/face_0.mp4"}},{"choice":"fake","left":"fake","right":"real","videoPair":{"real":"http://visiongpu23.csail.mit.edu/scratch/datasets/DeepfakeDetection/facenet_smooth_frames/dfdc_train_part_11/bvfnfsllna.mp4/face_0.mp4","fake":"http://visiongpu23.csail.mit.edu/scratch/datasets/DeepfakeDetection/facenet_smooth_frames/dfdc_train_part_1/bmffrysoii.mp4/face_0.mp4"}},{"choice":"fake","left":"real","right":"fake","videoPair":{"real":"http://visiongpu23.csail.mit.edu/scratch/datasets/DeepfakeDetection/facenet_smooth_frames/dfdc_train_part_0/didzujjhtg.mp4/face_0.mp4","fake":"http://visiongpu23.csail.mit.edu/scratch/datasets/DeepfakeDetection/facenet_smooth_frames/dfdc_train_part_6/hyrxbwbabi.mp4/face_0.mp4"}},{"choice":"fake","left":"real","right":"fake","videoPair":{"real":"http://visiongpu23.csail.mit.edu/scratch/datasets/DeepfakeDetection/facenet_smooth_frames/dfdc_train_part_2/eerhmzaebh.mp4/face_0.mp4","fake":"http://visiongpu23.csail.mit.edu/scratch/datasets/DeepfakeDetection/facenet_smooth_frames/dfdc_train_part_7/oexznbsulp.mp4/face_0.mp4"}},{"choice":"fake","left":"fake","right":"real","videoPair":{"real":"http://visiongpu23.csail.mit.edu/scratch/datasets/DeepfakeDetection/facenet_smooth_frames/dfdc_train_part_5/egcuyhyvsm.mp4/face_0.mp4","fake":"http://visiongpu23.csail.mit.edu/scratch/datasets/DeepfakeDetection/facenet_smooth_frames/dfdc_train_part_6/cmqjpitmyj.mp4/face_0.mp4"}},{"choice":"real","left":"fake","right":"real","videoPair":{"real":"http://visiongpu23.csail.mit.edu/scratch/datasets/DeepfakeDetection/facenet_smooth_frames/dfdc_train_part_2/jyoxdvxpza.mp4/face_0.mp4","fake":"http://visiongpu23.csail.mit.edu/scratch/datasets/DeepfakeDetection/facenet_smooth_frames/dfdc_train_part_6/elkbquerfn.mp4/face_0.mp4"}},{"choice":"fake","left":"real","right":"fake","videoPair":{"real":"http://visiongpu23.csail.mit.edu/scratch/datasets/DeepfakeDetection/facenet_smooth_frames/dfdc_train_part_7/lxswrmqcpw.mp4/face_0.mp4","fake":"http://visiongpu23.csail.mit.edu/scratch/datasets/DeepfakeDetection/facenet_smooth_frames/dfdc_train_part_6/coawjwyyjo.mp4/face_0.mp4"}},{"choice":"real","left":"real","right":"fake","videoPair":{"real":"http://visiongpu23.csail.mit.edu/scratch/datasets/DeepfakeDetection/facenet_smooth_frames/dfdc_train_part_5/htrkeemhkr.mp4/face_0.mp4","fake":"http://visiongpu23.csail.mit.edu/scratch/datasets/DeepfakeDetection/facenet_smooth_frames/dfdc_train_part_7/djwtvksqup.mp4/face_0.mp4"}},{"choice":"real","left":"real","right":"fake","videoPair":{"real":"http://visiongpu23.csail.mit.edu/scratch/datasets/DeepfakeDetection/facenet_smooth_frames/dfdc_train_part_7/jcvihxcuyc.mp4/face_0.mp4","fake":"http://visiongpu23.csail.mit.edu/scratch/datasets/DeepfakeDetection/facenet_smooth_frames/dfdc_train_part_10/aywxjblnvr.mp4/face_0.mp4"}},{"choice":"fake","left":"real","right":"fake","videoPair":{"real":"http://visiongpu23.csail.mit.edu/scratch/datasets/DeepfakeDetection/facenet_smooth_frames/dfdc_train_part_0/apedduehoy.mp4/face_0.mp4","fake":"http://visiongpu23.csail.mit.edu/scratch/datasets/DeepfakeDetection/facenet_smooth_frames/dfdc_train_part_7/lhlfshyxrp.mp4/face_0.mp4"}},{"choice":"fake","left":"real","right":"fake","videoPair":{"real":"http://visiongpu23.csail.mit.edu/scratch/datasets/DeepfakeDetection/facenet_smooth_frames/dfdc_train_part_7/jtjeyowlxq.mp4/face_0.mp4","fake":"http://visiongpu23.csail.mit.edu/scratch/datasets/DeepfakeDetection/facenet_smooth_frames/dfdc_train_part_0/jstwvimaml.mp4/face_0.mp4"}},{"choice":"fake","left":"real","right":"fake","videoPair":{"real":"http://visiongpu23.csail.mit.edu/scratch/datasets/DeepfakeDetection/facenet_smooth_frames/dfdc_train_part_2/rnxzqumvvl.mp4/face_0.mp4","fake":"http://visiongpu23.csail.mit.edu/scratch/datasets/DeepfakeDetection/facenet_smooth_frames/dfdc_train_part_11/atijhccfre.mp4/face_0.mp4"}},{"choice":"real","left":"fake","right":"real","videoPair":{"real":"http://visiongpu23.csail.mit.edu/scratch/datasets/DeepfakeDetection/facenet_smooth_frames/dfdc_train_part_6/ieuxohfweg.mp4/face_0.mp4","fake":"http://visiongpu23.csail.mit.edu/scratch/datasets/DeepfakeDetection/facenet_smooth_frames/dfdc_train_part_6/arzxjcyupl.mp4/face_0.mp4"}},{"choice":"fake","left":"fake","right":"real","videoPair":{"real":"http://visiongpu23.csail.mit.edu/scratch/datasets/DeepfakeDetection/facenet_smooth_frames/dfdc_train_part_5/cczcxkrrnj.mp4/face_0.mp4","fake":"http://visiongpu23.csail.mit.edu/scratch/datasets/DeepfakeDetection/facenet_smooth_frames/dfdc_train_part_1/zsybhetzmb.mp4/face_0.mp4"}},{"choice":"fake","left":"real","right":"fake","videoPair":{"real":"http://visiongpu23.csail.mit.edu/scratch/datasets/DeepfakeDetection/facenet_smooth_frames/dfdc_train_part_5/mvplwzoirr.mp4/face_0.mp4","fake":"http://visiongpu23.csail.mit.edu/scratch/datasets/DeepfakeDetection/facenet_smooth_frames/dfdc_train_part_10/ciafebevxq.mp4/face_0.mp4"}},{"choice":"fake","left":"fake","right":"real","videoPair":{"real":"http://visiongpu23.csail.mit.edu/scratch/datasets/DeepfakeDetection/facenet_smooth_frames/dfdc_train_part_7/mvmbdizipz.mp4/face_0.mp4","fake":"http://visiongpu23.csail.mit.edu/scratch/datasets/DeepfakeDetection/facenet_smooth_frames/dfdc_train_part_6/ewavtkrxbb.mp4/face_0.mp4"}},{"choice":"real","left":"real","right":"fake","videoPair":{"real":"http://visiongpu23.csail.mit.edu/scratch/datasets/DeepfakeDetection/facenet_smooth_frames/dfdc_train_part_5/cefzoeryat.mp4/face_0.mp4","fake":"http://visiongpu23.csail.mit.edu/scratch/datasets/DeepfakeDetection/facenet_smooth_frames/dfdc_train_part_11/dkegmyzfmk.mp4/face_0.mp4"}},{"choice":"fake","left":"fake","right":"real","videoPair":{"real":"http://visiongpu23.csail.mit.edu/scratch/datasets/DeepfakeDetection/facenet_smooth_frames/dfdc_train_part_5/lznqagzwyk.mp4/face_0.mp4","fake":"http://visiongpu23.csail.mit.edu/scratch/datasets/DeepfakeDetection/facenet_smooth_frames/dfdc_train_part_11/axtyynoxdk.mp4/face_0.mp4"}},{"choice":"fake","left":"fake","right":"real","videoPair":{"real":"http://visiongpu23.csail.mit.edu/scratch/datasets/DeepfakeDetection/facenet_smooth_frames/dfdc_train_part_17/acefbeffbr.mp4/face_0.mp4","fake":"http://visiongpu23.csail.mit.edu/scratch/datasets/DeepfakeDetection/facenet_smooth_frames/dfdc_train_part_6/jkahmhnpub.mp4/face_0.mp4"}},{"choice":"real","left":"fake","right":"real","videoPair":{"real":"http://visiongpu23.csail.mit.edu/scratch/datasets/DeepfakeDetection/facenet_smooth_frames/dfdc_train_part_6/jvkjkrdeok.mp4/face_0.mp4","fake":"http://visiongpu23.csail.mit.edu/scratch/datasets/DeepfakeDetection/facenet_smooth_frames/dfdc_train_part_6/imljocdrfl.mp4/face_0.mp4"}},{"choice":"fake","left":"real","right":"fake","videoPair":{"real":"http://visiongpu23.csail.mit.edu/scratch/datasets/DeepfakeDetection/facenet_smooth_frames/dfdc_train_part_11/csdrnqjwev.mp4/face_0.mp4","fake":"http://visiongpu23.csail.mit.edu/scratch/datasets/DeepfakeDetection/facenet_smooth_frames/dfdc_train_part_7/czxtraxsnt.mp4/face_0.mp4"}},{"choice":"fake","left":"real","right":"fake","videoPair":{"real":"http://visiongpu23.csail.mit.edu/scratch/datasets/DeepfakeDetection/facenet_smooth_frames/dfdc_train_part_5/auubycdueq.mp4/face_0.mp4","fake":"http://visiongpu23.csail.mit.edu/scratch/datasets/DeepfakeDetection/facenet_smooth_frames/dfdc_train_part_7/kfdubsaups.mp4/face_0.mp4"}},{"choice":"fake","left":"real","right":"fake","videoPair":{"real":"http://visiongpu23.csail.mit.edu/scratch/datasets/DeepfakeDetection/facenet_smooth_frames/dfdc_train_part_7/kucosddfoi.mp4/face_0.mp4","fake":"http://visiongpu23.csail.mit.edu/scratch/datasets/DeepfakeDetection/facenet_smooth_frames/dfdc_train_part_7/crqybwddzz.mp4/face_0.mp4"}},{"choice":"fake","left":"real","right":"fake","videoPair":{"real":"http://visiongpu23.csail.mit.edu/scratch/datasets/DeepfakeDetection/facenet_smooth_frames/dfdc_train_part_7/ipolpruzgf.mp4/face_0.mp4","fake":"http://visiongpu23.csail.mit.edu/scratch/datasets/DeepfakeDetection/facenet_smooth_frames/dfdc_train_part_7/mymcgoolnx.mp4/face_0.mp4"}},{"choice":"real","left":"fake","right":"real","videoPair":{"real":"http://visiongpu23.csail.mit.edu/scratch/datasets/DeepfakeDetection/facenet_smooth_frames/dfdc_train_part_0/fnslimfagb.mp4/face_0.mp4","fake":"http://visiongpu23.csail.mit.edu/scratch/datasets/DeepfakeDetection/facenet_smooth_frames/dfdc_train_part_6/fwbumhpamo.mp4/face_0.mp4"}},{"choice":"fake","left":"real","right":"fake","videoPair":{"real":"http://visiongpu23.csail.mit.edu/scratch/datasets/DeepfakeDetection/facenet_smooth_frames/dfdc_train_part_5/arvqnhhwpm.mp4/face_0.mp4","fake":"http://visiongpu23.csail.mit.edu/scratch/datasets/DeepfakeDetection/facenet_smooth_frames/dfdc_train_part_10/cempkdywzt.mp4/face_0.mp4"}},{"choice":"real","left":"real","right":"fake","videoPair":{"real":"http://visiongpu23.csail.mit.edu/scratch/datasets/DeepfakeDetection/facenet_smooth_frames/dfdc_train_part_1/iedsgxqfuz.mp4/face_0.mp4","fake":"http://visiongpu23.csail.mit.edu/scratch/datasets/DeepfakeDetection/facenet_smooth_frames/dfdc_train_part_0/ezzfdnllnp.mp4/face_0.mp4"}},{"choice":"fake","left":"fake","right":"real","videoPair":{"real":"http://visiongpu23.csail.mit.edu/scratch/datasets/DeepfakeDetection/facenet_smooth_frames/dfdc_train_part_5/mbdjwoaxcq.mp4/face_0.mp4","fake":"http://visiongpu23.csail.mit.edu/scratch/datasets/DeepfakeDetection/facenet_smooth_frames/dfdc_train_part_7/nqobranitv.mp4/face_0.mp4"}},{"choice":"fake","left":"real","right":"fake","videoPair":{"real":"http://visiongpu23.csail.mit.edu/scratch/datasets/DeepfakeDetection/facenet_smooth_frames/dfdc_train_part_2/ihglzxzroo.mp4/face_0.mp4","fake":"http://visiongpu23.csail.mit.edu/scratch/datasets/DeepfakeDetection/facenet_smooth_frames/dfdc_train_part_6/ejmigxjzbe.mp4/face_0.mp4"}},{"choice":"fake","left":"real","right":"fake","videoPair":{"real":"http://visiongpu23.csail.mit.edu/scratch/datasets/DeepfakeDetection/facenet_smooth_frames/dfdc_train_part_1/znvdxgaoay.mp4/face_0.mp4","fake":"http://visiongpu23.csail.mit.edu/scratch/datasets/DeepfakeDetection/facenet_smooth_frames/dfdc_train_part_7/kzwlxdnxud.mp4/face_0.mp4"}},{"choice":"fake","left":"real","right":"fake","videoPair":{"real":"http://visiongpu23.csail.mit.edu/scratch/datasets/DeepfakeDetection/facenet_smooth_frames/dfdc_train_part_7/cbrvdbvnea.mp4/face_0.mp4","fake":"http://visiongpu23.csail.mit.edu/scratch/datasets/DeepfakeDetection/facenet_smooth_frames/dfdc_train_part_1/yjmabrwmlp.mp4/face_0.mp4"}},{"choice":"fake","left":"fake","right":"real","videoPair":{"real":"http://visiongpu23.csail.mit.edu/scratch/datasets/DeepfakeDetection/facenet_smooth_frames/dfdc_train_part_17/aiupnpzgkp.mp4/face_0.mp4","fake":"http://visiongpu23.csail.mit.edu/scratch/datasets/DeepfakeDetection/facenet_smooth_frames/dfdc_train_part_7/ajybacpqmc.mp4/face_0.mp4"}},{"choice":"fake","left":"real","right":"fake","videoPair":{"real":"http://visiongpu23.csail.mit.edu/scratch/datasets/DeepfakeDetection/facenet_smooth_frames/dfdc_train_part_7/cvoxjflaxg.mp4/face_0.mp4","fake":"http://visiongpu23.csail.mit.edu/scratch/datasets/DeepfakeDetection/facenet_smooth_frames/dfdc_train_part_7/gwhzrvwcky.mp4/face_0.mp4"}},{"choice":"real","left":"real","right":"fake","videoPair":{"real":"http://visiongpu23.csail.mit.edu/scratch/datasets/DeepfakeDetection/facenet_smooth_frames/dfdc_train_part_2/kiyvsruaai.mp4/face_0.mp4","fake":"http://visiongpu23.csail.mit.edu/scratch/datasets/DeepfakeDetection/facenet_smooth_frames/dfdc_train_part_7/mowsgnsors.mp4/face_0.mp4"}},{"choice":"fake","left":"real","right":"fake","videoPair":{"real":"http://visiongpu23.csail.mit.edu/scratch/datasets/DeepfakeDetection/facenet_smooth_frames/dfdc_train_part_5/dogenbgabh.mp4/face_0.mp4","fake":"http://visiongpu23.csail.mit.edu/scratch/datasets/DeepfakeDetection/facenet_smooth_frames/dfdc_train_part_6/jdjdnrufji.mp4/face_0.mp4"}},{"choice":"fake","left":"real","right":"fake","videoPair":{"real":"http://visiongpu23.csail.mit.edu/scratch/datasets/DeepfakeDetection/facenet_smooth_frames/dfdc_train_part_6/cuuxqetxmb.mp4/face_0.mp4","fake":"http://visiongpu23.csail.mit.edu/scratch/datasets/DeepfakeDetection/facenet_smooth_frames/dfdc_train_part_6/axcasmwtjb.mp4/face_0.mp4"}},{"choice":"fake","left":"real","right":"fake","videoPair":{"real":"http://visiongpu23.csail.mit.edu/scratch/datasets/DeepfakeDetection/facenet_smooth_frames/dfdc_train_part_7/fhioksfycd.mp4/face_0.mp4","fake":"http://visiongpu23.csail.mit.edu/scratch/datasets/DeepfakeDetection/facenet_smooth_frames/dfdc_train_part_6/idjfydctho.mp4/face_0.mp4"}},{"choice":"fake","left":"fake","right":"real","videoPair":{"real":"http://visiongpu23.csail.mit.edu/scratch/datasets/DeepfakeDetection/facenet_smooth_frames/dfdc_train_part_11/cpiztwrcqk.mp4/face_0.mp4","fake":"http://visiongpu23.csail.mit.edu/scratch/datasets/DeepfakeDetection/facenet_smooth_frames/dfdc_train_part_6/kljiusgslo.mp4/face_0.mp4"}},{"choice":"real","left":"fake","right":"real","videoPair":{"real":"http://visiongpu23.csail.mit.edu/scratch/datasets/DeepfakeDetection/facenet_smooth_frames/dfdc_train_part_5/fnhtrjggdb.mp4/face_0.mp4","fake":"http://visiongpu23.csail.mit.edu/scratch/datasets/DeepfakeDetection/facenet_smooth_frames/dfdc_train_part_6/bqpiaibadq.mp4/face_0.mp4"}},{"choice":"fake","left":"fake","right":"real","videoPair":{"real":"http://visiongpu23.csail.mit.edu/scratch/datasets/DeepfakeDetection/facenet_smooth_frames/dfdc_train_part_1/nbdixxfjph.mp4/face_0.mp4","fake":"http://visiongpu23.csail.mit.edu/scratch/datasets/DeepfakeDetection/facenet_smooth_frames/dfdc_train_part_11/bhjqmlqvch.mp4/face_0.mp4"}},{"choice":"fake","left":"fake","right":"real","videoPair":{"real":"http://visiongpu23.csail.mit.edu/scratch/datasets/DeepfakeDetection/facenet_smooth_frames/dfdc_train_part_7/kilioqxnmq.mp4/face_0.mp4","fake":"http://visiongpu23.csail.mit.edu/scratch/datasets/DeepfakeDetection/facenet_smooth_frames/dfdc_train_part_7/fcnfgrkpes.mp4/face_0.mp4"}},{"choice":"fake","left":"fake","right":"real","videoPair":{"real":"http://visiongpu23.csail.mit.edu/scratch/datasets/DeepfakeDetection/facenet_smooth_frames/dfdc_train_part_5/ncoetisvvx.mp4/face_0.mp4","fake":"http://visiongpu23.csail.mit.edu/scratch/datasets/DeepfakeDetection/facenet_smooth_frames/dfdc_train_part_7/msziwpojuw.mp4/face_0.mp4"}},{"choice":"fake","left":"fake","right":"real","videoPair":{"real":"http://visiongpu23.csail.mit.edu/scratch/datasets/DeepfakeDetection/facenet_smooth_frames/dfdc_train_part_1/ouaowjmigq.mp4/face_0.mp4","fake":"http://visiongpu23.csail.mit.edu/scratch/datasets/DeepfakeDetection/facenet_smooth_frames/dfdc_train_part_10/azmtgtivlm.mp4/face_0.mp4"}},{"choice":"fake","left":"real","right":"fake","videoPair":{"real":"http://visiongpu23.csail.mit.edu/scratch/datasets/DeepfakeDetection/facenet_smooth_frames/dfdc_train_part_11/apgogdhmzd.mp4/face_0.mp4","fake":"http://visiongpu23.csail.mit.edu/scratch/datasets/DeepfakeDetection/facenet_smooth_frames/dfdc_train_part_10/bhebbvkawn.mp4/face_0.mp4"}},{"choice":"fake","left":"real","right":"fake","videoPair":{"real":"http://visiongpu23.csail.mit.edu/scratch/datasets/DeepfakeDetection/facenet_smooth_frames/dfdc_train_part_7/figsmtmzse.mp4/face_0.mp4","fake":"http://visiongpu23.csail.mit.edu/scratch/datasets/DeepfakeDetection/facenet_smooth_frames/dfdc_train_part_6/mckwvvspiq.mp4/face_0.mp4"}},{"choice":"fake","left":"real","right":"fake","videoPair":{"real":"http://visiongpu23.csail.mit.edu/scratch/datasets/DeepfakeDetection/facenet_smooth_frames/dfdc_train_part_2/ljouzjaqqe.mp4/face_0.mp4","fake":"http://visiongpu23.csail.mit.edu/scratch/datasets/DeepfakeDetection/facenet_smooth_frames/dfdc_train_part_7/fakycyhozw.mp4/face_0.mp4"}},{"choice":"real","left":"real","right":"fake","videoPair":{"real":"http://visiongpu23.csail.mit.edu/scratch/datasets/DeepfakeDetection/facenet_smooth_frames/dfdc_train_part_7/leoicyngqc.mp4/face_0.mp4","fake":"http://visiongpu23.csail.mit.edu/scratch/datasets/DeepfakeDetection/facenet_smooth_frames/dfdc_train_part_6/ccmfdjqzil.mp4/face_0.mp4"}},{"choice":"real","left":"fake","right":"real","videoPair":{"real":"http://visiongpu23.csail.mit.edu/scratch/datasets/DeepfakeDetection/facenet_smooth_frames/dfdc_train_part_5/eiofpijvxq.mp4/face_0.mp4","fake":"http://visiongpu23.csail.mit.edu/scratch/datasets/DeepfakeDetection/facenet_smooth_frames/dfdc_train_part_11/apbidtmyvm.mp4/face_0.mp4"}},{"choice":"fake","left":"fake","right":"real","videoPair":{"real":"http://visiongpu23.csail.mit.edu/scratch/datasets/DeepfakeDetection/facenet_smooth_frames/dfdc_train_part_2/ystdtnetgj.mp4/face_0.mp4","fake":"http://visiongpu23.csail.mit.edu/scratch/datasets/DeepfakeDetection/facenet_smooth_frames/dfdc_train_part_6/bxfxykencc.mp4/face_0.mp4"}},{"choice":"fake","left":"fake","right":"real","videoPair":{"real":"http://visiongpu23.csail.mit.edu/scratch/datasets/DeepfakeDetection/facenet_smooth_frames/dfdc_train_part_7/ntddufonlu.mp4/face_0.mp4","fake":"http://visiongpu23.csail.mit.edu/scratch/datasets/DeepfakeDetection/facenet_smooth_frames/dfdc_train_part_7/nxtwjubqed.mp4/face_0.mp4"}},{"choice":"real","left":"fake","right":"real","videoPair":{"real":"http://visiongpu23.csail.mit.edu/scratch/datasets/DeepfakeDetection/facenet_smooth_frames/dfdc_train_part_7/fwjfbaqaux.mp4/face_0.mp4","fake":"http://visiongpu23.csail.mit.edu/scratch/datasets/DeepfakeDetection/facenet_smooth_frames/dfdc_train_part_10/blyvubsbod.mp4/face_0.mp4"}},{"choice":"fake","left":"real","right":"fake","videoPair":{"real":"http://visiongpu23.csail.mit.edu/scratch/datasets/DeepfakeDetection/facenet_smooth_frames/dfdc_train_part_10/bihdarejma.mp4/face_0.mp4","fake":"http://visiongpu23.csail.mit.edu/scratch/datasets/DeepfakeDetection/facenet_smooth_frames/dfdc_train_part_6/bftgduqoct.mp4/face_0.mp4"}},{"choice":"fake","left":"fake","right":"real","videoPair":{"real":"http://visiongpu23.csail.mit.edu/scratch/datasets/DeepfakeDetection/facenet_smooth_frames/dfdc_train_part_2/uvrzaczrbx.mp4/face_0.mp4","fake":"http://visiongpu23.csail.mit.edu/scratch/datasets/DeepfakeDetection/facenet_smooth_frames/dfdc_train_part_6/idhduicoip.mp4/face_0.mp4"}},{"choice":"fake","left":"real","right":"fake","videoPair":{"real":"http://visiongpu23.csail.mit.edu/scratch/datasets/DeepfakeDetection/facenet_smooth_frames/dfdc_train_part_7/lcfikdgtrl.mp4/face_0.mp4","fake":"http://visiongpu23.csail.mit.edu/scratch/datasets/DeepfakeDetection/facenet_smooth_frames/dfdc_train_part_6/ihpqqcfzxy.mp4/face_0.mp4"}},{"choice":"fake","left":"fake","right":"real","videoPair":{"real":"http://visiongpu23.csail.mit.edu/scratch/datasets/DeepfakeDetection/facenet_smooth_frames/dfdc_train_part_2/aayfryxljh.mp4/face_0.mp4","fake":"http://visiongpu23.csail.mit.edu/scratch/datasets/DeepfakeDetection/facenet_smooth_frames/dfdc_train_part_6/aibolzviqm.mp4/face_0.mp4"}},{"choice":"fake","left":"real","right":"fake","videoPair":{"real":"http://visiongpu23.csail.mit.edu/scratch/datasets/DeepfakeDetection/facenet_smooth_frames/dfdc_train_part_2/lbigytrrtr.mp4/face_0.mp4","fake":"http://visiongpu23.csail.mit.edu/scratch/datasets/DeepfakeDetection/facenet_smooth_frames/dfdc_train_part_0/bqefygjsnx.mp4/face_0.mp4"}},{"choice":"fake","left":"fake","right":"real","videoPair":{"real":"http://visiongpu23.csail.mit.edu/scratch/datasets/DeepfakeDetection/facenet_smooth_frames/dfdc_train_part_5/fvcnftvtjv.mp4/face_0.mp4","fake":"http://visiongpu23.csail.mit.edu/scratch/datasets/DeepfakeDetection/facenet_smooth_frames/dfdc_train_part_10/burfxzoidv.mp4/face_0.mp4"}},{"choice":"fake","left":"real","right":"fake","videoPair":{"real":"http://visiongpu23.csail.mit.edu/scratch/datasets/DeepfakeDetection/facenet_smooth_frames/dfdc_train_part_5/fskjykudzw.mp4/face_0.mp4","fake":"http://visiongpu23.csail.mit.edu/scratch/datasets/DeepfakeDetection/facenet_smooth_frames/dfdc_train_part_6/bacbsuewui.mp4/face_0.mp4"}},{"choice":"real","left":"fake","right":"real","videoPair":{"real":"http://visiongpu23.csail.mit.edu/scratch/datasets/DeepfakeDetection/facenet_smooth_frames/dfdc_train_part_10/afuumscrle.mp4/face_0.mp4","fake":"http://visiongpu23.csail.mit.edu/scratch/datasets/DeepfakeDetection/facenet_smooth_frames/dfdc_train_part_11/aanfrlpkui.mp4/face_0.mp4"}},{"choice":"fake","left":"fake","right":"real","videoPair":{"real":"http://visiongpu23.csail.mit.edu/scratch/datasets/DeepfakeDetection/facenet_smooth_frames/dfdc_train_part_5/ifvpemzpuf.mp4/face_0.mp4","fake":"http://visiongpu23.csail.mit.edu/scratch/datasets/DeepfakeDetection/facenet_smooth_frames/dfdc_train_part_7/oilrhsbanj.mp4/face_0.mp4"}},{"choice":"fake","left":"fake","right":"real","videoPair":{"real":"http://visiongpu23.csail.mit.edu/scratch/datasets/DeepfakeDetection/facenet_smooth_frames/dfdc_train_part_2/qhkzlnzruj.mp4/face_0.mp4","fake":"http://visiongpu23.csail.mit.edu/scratch/datasets/DeepfakeDetection/facenet_smooth_frames/dfdc_train_part_10/bapixmyzsy.mp4/face_0.mp4"}},{"choice":"fake","left":"real","right":"fake","videoPair":{"real":"http://visiongpu23.csail.mit.edu/scratch/datasets/DeepfakeDetection/facenet_smooth_frames/dfdc_train_part_2/ijvprklcmz.mp4/face_0.mp4","fake":"http://visiongpu23.csail.mit.edu/scratch/datasets/DeepfakeDetection/facenet_smooth_frames/dfdc_train_part_10/avgfywmqlr.mp4/face_0.mp4"}},{"choice":"fake","left":"fake","right":"real","videoPair":{"real":"http://visiongpu23.csail.mit.edu/scratch/datasets/DeepfakeDetection/facenet_smooth_frames/dfdc_train_part_1/pdufsewrec.mp4/face_0.mp4","fake":"http://visiongpu23.csail.mit.edu/scratch/datasets/DeepfakeDetection/facenet_smooth_frames/dfdc_train_part_11/amdtcpqcjf.mp4/face_0.mp4"}},{"choice":"fake","left":"fake","right":"real","videoPair":{"real":"http://visiongpu23.csail.mit.edu/scratch/datasets/DeepfakeDetection/facenet_smooth_frames/dfdc_train_part_2/hevcclcklc.mp4/face_0.mp4","fake":"http://visiongpu23.csail.mit.edu/scratch/datasets/DeepfakeDetection/facenet_smooth_frames/dfdc_train_part_7/ibdiyczlnf.mp4/face_0.mp4"}},{"choice":"fake","left":"fake","right":"real","videoPair":{"real":"http://visiongpu23.csail.mit.edu/scratch/datasets/DeepfakeDetection/facenet_smooth_frames/dfdc_train_part_2/uqguyibemu.mp4/face_0.mp4","fake":"http://visiongpu23.csail.mit.edu/scratch/datasets/DeepfakeDetection/facenet_smooth_frames/dfdc_train_part_7/fukhunlqmn.mp4/face_0.mp4"}},{"choice":"real","left":"fake","right":"real","videoPair":{"real":"http://visiongpu23.csail.mit.edu/scratch/datasets/DeepfakeDetection/facenet_smooth_frames/dfdc_train_part_5/gwmlawcreb.mp4/face_0.mp4","fake":"http://visiongpu23.csail.mit.edu/scratch/datasets/DeepfakeDetection/facenet_smooth_frames/dfdc_train_part_6/bpteuesxca.mp4/face_0.mp4"}},{"choice":"real","left":"real","right":"fake","videoPair":{"real":"http://visiongpu23.csail.mit.edu/scratch/datasets/DeepfakeDetection/facenet_smooth_frames/dfdc_train_part_5/jgrdzsjsqn.mp4/face_0.mp4","fake":"http://visiongpu23.csail.mit.edu/scratch/datasets/DeepfakeDetection/facenet_smooth_frames/dfdc_train_part_11/ciwrhnigzx.mp4/face_0.mp4"}},{"choice":"fake","left":"real","right":"fake","videoPair":{"real":"http://visiongpu23.csail.mit.edu/scratch/datasets/DeepfakeDetection/facenet_smooth_frames/dfdc_train_part_11/ddzmdulwdn.mp4/face_0.mp4","fake":"http://visiongpu23.csail.mit.edu/scratch/datasets/DeepfakeDetection/facenet_smooth_frames/dfdc_train_part_11/dfvrytdmoe.mp4/face_0.mp4"}},{"choice":"fake","left":"real","right":"fake","videoPair":{"real":"http://visiongpu23.csail.mit.edu/scratch/datasets/DeepfakeDetection/facenet_smooth_frames/dfdc_train_part_0/fdpisghkmd.mp4/face_0.mp4","fake":"http://visiongpu23.csail.mit.edu/scratch/datasets/DeepfakeDetection/facenet_smooth_frames/dfdc_train_part_10/adilspamjj.mp4/face_0.mp4"}},{"choice":"fake","left":"real","right":"fake","videoPair":{"real":"http://visiongpu23.csail.mit.edu/scratch/datasets/DeepfakeDetection/facenet_smooth_frames/dfdc_train_part_7/creyvvrxcf.mp4/face_0.mp4","fake":"http://visiongpu23.csail.mit.edu/scratch/datasets/DeepfakeDetection/facenet_smooth_frames/dfdc_train_part_6/atskafotrj.mp4/face_0.mp4"}},{"choice":"fake","left":"real","right":"fake","videoPair":{"real":"http://visiongpu23.csail.mit.edu/scratch/datasets/DeepfakeDetection/facenet_smooth_frames/dfdc_train_part_5/balpoltqvn.mp4/face_0.mp4","fake":"http://visiongpu23.csail.mit.edu/scratch/datasets/DeepfakeDetection/facenet_smooth_frames/dfdc_train_part_7/bkyqaqhdra.mp4/face_0.mp4"}},{"choice":"fake","left":"real","right":"fake","videoPair":{"real":"http://visiongpu23.csail.mit.edu/scratch/datasets/DeepfakeDetection/facenet_smooth_frames/dfdc_train_part_2/gpsxfxrjrr.mp4/face_0.mp4","fake":"http://visiongpu23.csail.mit.edu/scratch/datasets/DeepfakeDetection/facenet_smooth_frames/dfdc_train_part_6/dbrpqjttey.mp4/face_0.mp4"}},{"choice":"fake","left":"real","right":"fake","videoPair":{"real":"http://visiongpu23.csail.mit.edu/scratch/datasets/DeepfakeDetection/facenet_smooth_frames/dfdc_train_part_2/omphqltjdd.mp4/face_0.mp4","fake":"http://visiongpu23.csail.mit.edu/scratch/datasets/DeepfakeDetection/facenet_smooth_frames/dfdc_train_part_7/davhbwinyn.mp4/face_0.mp4"}},{"choice":"real","left":"real","right":"fake","videoPair":{"real":"http://visiongpu23.csail.mit.edu/scratch/datasets/DeepfakeDetection/facenet_smooth_frames/dfdc_train_part_2/oocincvedt.mp4/face_0.mp4","fake":"http://visiongpu23.csail.mit.edu/scratch/datasets/DeepfakeDetection/facenet_smooth_frames/dfdc_train_part_7/jkoowdsgbe.mp4/face_0.mp4"}},{"choice":"real","left":"real","right":"fake","videoPair":{"real":"http://visiongpu23.csail.mit.edu/scratch/datasets/DeepfakeDetection/facenet_smooth_frames/dfdc_train_part_6/gvlvrhgndw.mp4/face_0.mp4","fake":"http://visiongpu23.csail.mit.edu/scratch/datasets/DeepfakeDetection/facenet_smooth_frames/dfdc_train_part_6/eqyjvkultg.mp4/face_0.mp4"}},{"choice":"real","left":"fake","right":"real","videoPair":{"real":"http://visiongpu23.csail.mit.edu/scratch/datasets/DeepfakeDetection/facenet_smooth_frames/dfdc_train_part_1/vssmlqoiti.mp4/face_0.mp4","fake":"http://visiongpu23.csail.mit.edu/scratch/datasets/DeepfakeDetection/facenet_smooth_frames/dfdc_train_part_6/gznlbpdnxa.mp4/face_0.mp4"}},{"choice":"fake","left":"real","right":"fake","videoPair":{"real":"http://visiongpu23.csail.mit.edu/scratch/datasets/DeepfakeDetection/facenet_smooth_frames/dfdc_train_part_5/lhglvsajka.mp4/face_0.mp4","fake":"http://visiongpu23.csail.mit.edu/scratch/datasets/DeepfakeDetection/facenet_smooth_frames/dfdc_train_part_7/ejmicbsvfd.mp4/face_0.mp4"}},{"choice":"fake","left":"real","right":"fake","videoPair":{"real":"http://visiongpu23.csail.mit.edu/scratch/datasets/DeepfakeDetection/facenet_smooth_frames/dfdc_train_part_7/biyldyzclj.mp4/face_0.mp4","fake":"http://visiongpu23.csail.mit.edu/scratch/datasets/DeepfakeDetection/facenet_smooth_frames/dfdc_train_part_6/lziifbwnue.mp4/face_0.mp4"}},{"choice":"real","left":"real","right":"fake","videoPair":{"real":"http://visiongpu23.csail.mit.edu/scratch/datasets/DeepfakeDetection/facenet_smooth_frames/dfdc_train_part_6/cuafoggwku.mp4/face_0.mp4","fake":"http://visiongpu23.csail.mit.edu/scratch/datasets/DeepfakeDetection/facenet_smooth_frames/dfdc_train_part_7/oikgnmcdte.mp4/face_0.mp4"}},{"choice":"fake","left":"fake","right":"real","videoPair":{"real":"http://visiongpu23.csail.mit.edu/scratch/datasets/DeepfakeDetection/facenet_smooth_frames/dfdc_train_part_7/hiadoidirz.mp4/face_0.mp4","fake":"http://visiongpu23.csail.mit.edu/scratch/datasets/DeepfakeDetection/facenet_smooth_frames/dfdc_train_part_10/auhyylivrx.mp4/face_0.mp4"}},{"choice":"fake","left":"real","right":"fake","videoPair":{"real":"http://visiongpu23.csail.mit.edu/scratch/datasets/DeepfakeDetection/facenet_smooth_frames/dfdc_train_part_11/chdbpzgrpy.mp4/face_0.mp4","fake":"http://visiongpu23.csail.mit.edu/scratch/datasets/DeepfakeDetection/facenet_smooth_frames/dfdc_train_part_7/kntinphmto.mp4/face_0.mp4"}},{"choice":"real","left":"fake","right":"real","videoPair":{"real":"http://visiongpu23.csail.mit.edu/scratch/datasets/DeepfakeDetection/facenet_smooth_frames/dfdc_train_part_1/gsshxchgqv.mp4/face_0.mp4","fake":"http://visiongpu23.csail.mit.edu/scratch/datasets/DeepfakeDetection/facenet_smooth_frames/dfdc_train_part_6/jkvdlvfznj.mp4/face_0.mp4"}},{"choice":"fake","left":"real","right":"fake","videoPair":{"real":"http://visiongpu23.csail.mit.edu/scratch/datasets/DeepfakeDetection/facenet_smooth_frames/dfdc_train_part_1/fwykevubzy.mp4/face_0.mp4","fake":"http://visiongpu23.csail.mit.edu/scratch/datasets/DeepfakeDetection/facenet_smooth_frames/dfdc_train_part_11/dmgooiimwk.mp4/face_0.mp4"}},{"choice":"fake","left":"fake","right":"real","videoPair":{"real":"http://visiongpu23.csail.mit.edu/scratch/datasets/DeepfakeDetection/facenet_smooth_frames/dfdc_train_part_2/uxuvkrjhws.mp4/face_0.mp4","fake":"http://visiongpu23.csail.mit.edu/scratch/datasets/DeepfakeDetection/facenet_smooth_frames/dfdc_train_part_6/lriyprqxkq.mp4/face_0.mp4"}},{"choice":"fake","left":"fake","right":"real","videoPair":{"real":"http://visiongpu23.csail.mit.edu/scratch/datasets/DeepfakeDetection/facenet_smooth_frames/dfdc_train_part_7/bcorltkxuf.mp4/face_0.mp4","fake":"http://visiongpu23.csail.mit.edu/scratch/datasets/DeepfakeDetection/facenet_smooth_frames/dfdc_train_part_21/aetdhiqpaf.mp4/face_0.mp4"}},{"choice":"fake","left":"fake","right":"real","videoPair":{"real":"http://visiongpu23.csail.mit.edu/scratch/datasets/DeepfakeDetection/facenet_smooth_frames/dfdc_train_part_6/brqcongpqi.mp4/face_0.mp4","fake":"http://visiongpu23.csail.mit.edu/scratch/datasets/DeepfakeDetection/facenet_smooth_frames/dfdc_train_part_0/brihlutndc.mp4/face_0.mp4"}},{"choice":"fake","left":"fake","right":"real","videoPair":{"real":"http://visiongpu23.csail.mit.edu/scratch/datasets/DeepfakeDetection/facenet_smooth_frames/dfdc_train_part_10/azfyeyuhww.mp4/face_0.mp4","fake":"http://visiongpu23.csail.mit.edu/scratch/datasets/DeepfakeDetection/facenet_smooth_frames/dfdc_train_part_7/gzrfjlvvqu.mp4/face_0.mp4"}},{"choice":"fake","left":"real","right":"fake","videoPair":{"real":"http://visiongpu23.csail.mit.edu/scratch/datasets/DeepfakeDetection/facenet_smooth_frames/dfdc_train_part_5/bbkwwrlwpb.mp4/face_0.mp4","fake":"http://visiongpu23.csail.mit.edu/scratch/datasets/DeepfakeDetection/facenet_smooth_frames/dfdc_train_part_0/hqxfenmiis.mp4/face_0.mp4"}},{"choice":"fake","left":"real","right":"fake","videoPair":{"real":"http://visiongpu23.csail.mit.edu/scratch/datasets/DeepfakeDetection/facenet_smooth_frames/dfdc_train_part_5/apttmhpmps.mp4/face_0.mp4","fake":"http://visiongpu23.csail.mit.edu/scratch/datasets/DeepfakeDetection/facenet_smooth_frames/dfdc_train_part_7/dneghxhqsr.mp4/face_0.mp4"}}],"times":[26133.200000040233,9980.529999942519,6273.304999922402,949.2599999066442,992.0949999941513,941.9200000120327,1061.2249999539927,982.4050000170246,6797.844999935478,1094.4949999684468,1186.1950000748038,687.6499999780208,849.5349999284372,1297.3350000102073,951.5449999598786,771.5300000272691,4265.559999970719,3131.569999968633,793.8349999021739,986.1650000093505,2514.9550000205636,1433.5799999535084,1399.1549999918789,668.3549999725074,691.8600000208244,3042.2350000590086,983.8849999941885,1017.0899999793619,1053.9649999700487,1632.744999951683,1755.0549999577925,4132.38999992609,917.5299999769777,687.1750000864267,1399.3049999698997,1604.520000051707,834.1200000140816,2493.900000001304,769.4200000260025,1793.3300000149757,3246.3449999922886,1094.9350000591949,2143.154999939725,725.1699999906123,1028.8149999687448,939.4149999134243,830.045000067912,1228.8699999917299,859.4649999868125,2199.765000026673,983.3649999927729,737.4100000597537,1333.5100000258535,690.0700000114739,3323.7750000553206,1085.1150000235066,1392.0050000306219,1266.620000009425,1897.0050000352785,1519.0200000070035,636.2499999813735,1201.4949999284,732.5350000755861,972.8600000962615,1009.2250000452623,747.135000070557,757.4000000022352,1411.614999989979,975.245000096038,2087.2449999442324,1323.3999999938533,863.1799999857321,756.7999999737367,1713.859999901615,1055.1650000270456,1397.3250000271946,1185.2499999804422,1627.6749999960884,1289.9350000079721,2193.874999997206,793.6549999285489,1434.3499999959022,1420.1099999481812,728.5599999595433,1443.7049999833107,1095.435000024736,870.0800000224262,2053.459999966435,930.6949999881908,748.5650000162423,802.5150001049042,904.3650000821799,962.4899999471381,915.7750000013039,750.2099999692291,690.3200000524521,1061.0249999444932,712.8299999749288,849.2050000932068,1537.1199999935925,1307.6150000561029,645.564999897033,807.3099999455735,788.6050000088289,691.2900001043454,781.9900000467896,669.0850000595674,896.2549999123439,1083.8600000133738,657.2150000138208,681.1900000320747,1187.1650000102818,768.6499999836087,1187.9199999384582,915.5299999983981,814.0949999215081,3098.384999902919,1622.6299999980256,1153.4049999900162,813.7449999339879,952.019999967888,757.6899999985471,1075.040000025183,1471.0699999704957,1149.4400000665337,904.3900000397116,1885.7100000604987,1814.49000001885,2966.6149999247864,4805.7199999457225,1131.874999962747,2041.2950000027195,4033.6799999931827,779.9900000682101,781.5049999626353,1461.104999994859,848.5050000017509,1462.9649999551475,42657.28499996476,723.1049999827519,1094.0799999516457,847.9499999666587,813.9450000599027,4304.600000032224,903.1700000632554,1232.8049999196082,1096.7299999902025,2264.9850000161678,1232.7499999664724,759.3699999852106,769.2650000099093,1927.529999986291,804.8849999904633,610.7949999859557,3886.549999937415,1016.620000009425,1243.125000037253,881.7849999759346,2232.8299999935552,948.5750000458211,1409.914999967441,793.584999977611,1209.6899999305606,769.9599999468774,1724.3549999548122,1343.364999978803,728.9050000254065,1172.454999992624,1590.900000068359,1063.8199999229982,837.8800000064075,3034.3550000106916,1814.3500000005588,924.5099999243394,772.4650000454858,1027.5300000794232,1657.5149999698624,702.9900000197813,1446.5499999932945,2077.95500010252,1035.7950000325218,1006.1250000726432,1043.0250000208616,890.9099999582395,1062.8750000614673,838.6150000151247,826.8450000323355,1032.6300000306219,1048.8950000144541,860.9099999302998,1435.8500000089407,1027.0550000714138,645.0150000164285,1468.849999946542,1679.9050000263378,1119.6850000414997,1062.3299999861047,838.1850000005215,858.3199999993667,779.8950000433251,1221.2899998994544,690.4100000392646,1298.9150000503287,950.4600000800565,1918.8550000544637,1670.5549999605864,858.6849999846891,713.7949999887496,882.7250000322238,781.6149999853224],"nullify":[]}