{"videoChoices":[{"choice":"real","left":"fake","right":"real","videoPair":{"real":"http://visiongpu23.csail.mit.edu/scratch/datasets/DeepfakeDetection/facenet_smooth_frames/dfdc_train_part_10/asfqfdvrjj.mp4/face_0.mp4","fake":"http://visiongpu23.csail.mit.edu/scratch/datasets/DeepfakeDetection/facenet_smooth_frames/dfdc_train_part_6/ludekmqaoa.mp4/face_0.mp4"}},{"choice":"fake","left":"fake","right":"real","videoPair":{"real":"http://visiongpu23.csail.mit.edu/scratch/datasets/DeepfakeDetection/facenet_smooth_frames/dfdc_train_part_1/ywauoonmlr.mp4/face_0.mp4","fake":"http://visiongpu23.csail.mit.edu/scratch/datasets/DeepfakeDetection/facenet_smooth_frames/dfdc_train_part_7/czvtpopqok.mp4/face_0.mp4"}},{"choice":"real","left":"fake","right":"real","videoPair":{"real":"http://visiongpu23.csail.mit.edu/scratch/datasets/DeepfakeDetection/facenet_smooth_frames/dfdc_train_part_7/mbxblocpyw.mp4/face_0.mp4","fake":"http://visiongpu23.csail.mit.edu/scratch/datasets/DeepfakeDetection/facenet_smooth_frames/dfdc_train_part_1/jgpxmqxazp.mp4/face_0.mp4"}},{"choice":"fake","left":"fake","right":"real","videoPair":{"real":"http://visiongpu23.csail.mit.edu/scratch/datasets/DeepfakeDetection/facenet_smooth_frames/dfdc_train_part_5/bmjbamtqwn.mp4/face_0.mp4","fake":"http://visiongpu23.csail.mit.edu/scratch/datasets/DeepfakeDetection/facenet_smooth_frames/dfdc_train_part_11/cjaulsvavp.mp4/face_0.mp4"}},{"choice":"fake","left":"fake","right":"real","videoPair":{"real":"http://visiongpu23.csail.mit.edu/scratch/datasets/DeepfakeDetection/facenet_smooth_frames/dfdc_train_part_6/gmkuswweko.mp4/face_0.mp4","fake":"http://visiongpu23.csail.mit.edu/scratch/datasets/DeepfakeDetection/facenet_smooth_frames/dfdc_train_part_6/fsouqkhmkp.mp4/face_0.mp4"}},{"choice":"real","left":"fake","right":"real","videoPair":{"real":"http://visiongpu23.csail.mit.edu/scratch/datasets/DeepfakeDetection/facenet_smooth_frames/dfdc_train_part_2/phjvutxpoi.mp4/face_0.mp4","fake":"http://visiongpu23.csail.mit.edu/scratch/datasets/DeepfakeDetection/facenet_smooth_frames/dfdc_train_part_7/boffgepsfl.mp4/face_0.mp4"}},{"choice":"fake","left":"real","right":"fake","videoPair":{"real":"http://visiongpu23.csail.mit.edu/scratch/datasets/DeepfakeDetection/facenet_smooth_frames/dfdc_train_part_7/gefugazrua.mp4/face_0.mp4","fake":"http://visiongpu23.csail.mit.edu/scratch/datasets/DeepfakeDetection/facenet_smooth_frames/dfdc_train_part_6/eqpfwyapqg.mp4/face_0.mp4"}},{"choice":"fake","left":"real","right":"fake","videoPair":{"real":"http://visiongpu23.csail.mit.edu/scratch/datasets/DeepfakeDetection/facenet_smooth_frames/dfdc_train_part_5/lkbpavasad.mp4/face_0.mp4","fake":"http://visiongpu23.csail.mit.edu/scratch/datasets/DeepfakeDetection/facenet_smooth_frames/dfdc_train_part_7/dgcrrnrjyl.mp4/face_0.mp4"}},{"choice":"fake","left":"fake","right":"real","videoPair":{"real":"http://visiongpu23.csail.mit.edu/scratch/datasets/DeepfakeDetection/facenet_smooth_frames/dfdc_train_part_6/dsxmpdwjjq.mp4/face_0.mp4","fake":"http://visiongpu23.csail.mit.edu/scratch/datasets/DeepfakeDetection/facenet_smooth_frames/dfdc_train_part_6/bmcpsjkjqv.mp4/face_0.mp4"}},{"choice":"real","left":"fake","right":"real","videoPair":{"real":"http://visiongpu23.csail.mit.edu/scratch/datasets/DeepfakeDetection/facenet_smooth_frames/dfdc_train_part_6/enjaxrsqfw.mp4/face_0.mp4","fake":"http://visiongpu23.csail.mit.edu/scratch/datasets/DeepfakeDetection/facenet_smooth_frames/dfdc_train_part_7/ndfokrbwnr.mp4/face_0.mp4"}},{"choice":"null","left":"fake","right":"real","videoPair":{"real":"http://visiongpu23.csail.mit.edu/scratch/datasets/DeepfakeDetection/facenet_smooth_frames/dfdc_train_part_7/kpltzztlvj.mp4/face_0.mp4","fake":"http://visiongpu23.csail.mit.edu/scratch/datasets/DeepfakeDetection/facenet_smooth_frames/dfdc_train_part_6/afmxcjlzbq.mp4/face_0.mp4"}},{"choice":"real","left":"real","right":"fake","videoPair":{"real":"http://visiongpu23.csail.mit.edu/scratch/datasets/DeepfakeDetection/facenet_smooth_frames/dfdc_train_part_6/iarobzzslu.mp4/face_0.mp4","fake":"http://visiongpu23.csail.mit.edu/scratch/datasets/DeepfakeDetection/facenet_smooth_frames/dfdc_train_part_17/adnuzwuhcb.mp4/face_0.mp4"}},{"choice":"fake","left":"real","right":"fake","videoPair":{"real":"http://visiongpu23.csail.mit.edu/scratch/datasets/DeepfakeDetection/facenet_smooth_frames/dfdc_train_part_6/euoudlinep.mp4/face_0.mp4","fake":"http://visiongpu23.csail.mit.edu/scratch/datasets/DeepfakeDetection/facenet_smooth_frames/dfdc_train_part_6/ijazwgmpzh.mp4/face_0.mp4"}},{"choice":"fake","left":"real","right":"fake","videoPair":{"real":"http://visiongpu23.csail.mit.edu/scratch/datasets/DeepfakeDetection/facenet_smooth_frames/dfdc_train_part_5/koowljkerd.mp4/face_0.mp4","fake":"http://visiongpu23.csail.mit.edu/scratch/datasets/DeepfakeDetection/facenet_smooth_frames/dfdc_train_part_21/ahxwvdyowy.mp4/face_0.mp4"}},{"choice":"fake","left":"real","right":"fake","videoPair":{"real":"http://visiongpu23.csail.mit.edu/scratch/datasets/DeepfakeDetection/facenet_smooth_frames/dfdc_train_part_2/blnmxntbey.mp4/face_0.mp4","fake":"http://visiongpu23.csail.mit.edu/scratch/datasets/DeepfakeDetection/facenet_smooth_frames/dfdc_train_part_1/beoobdybbw.mp4/face_0.mp4"}},{"choice":"fake","left":"real","right":"fake","videoPair":{"real":"http://visiongpu23.csail.mit.edu/scratch/datasets/DeepfakeDetection/facenet_smooth_frames/dfdc_train_part_2/qxzuuzvpmg.mp4/face_0.mp4","fake":"http://visiongpu23.csail.mit.edu/scratch/datasets/DeepfakeDetection/facenet_smooth_frames/dfdc_train_part_6/lnnflacpfl.mp4/face_0.mp4"}},{"choice":"real","left":"fake","right":"real","videoPair":{"real":"http://visiongpu23.csail.mit.edu/scratch/datasets/DeepfakeDetection/facenet_smooth_frames/dfdc_train_part_2/ypgayhhaxx.mp4/face_0.mp4","fake":"http://visiongpu23.csail.mit.edu/scratch/datasets/DeepfakeDetection/facenet_smooth_frames/dfdc_train_part_7/mzudzbqckq.mp4/face_0.mp4"}},{"choice":"fake","left":"fake","right":"real","videoPair":{"real":"http://visiongpu23.csail.mit.edu/scratch/datasets/DeepfakeDetection/facenet_smooth_frames/dfdc_train_part_7/lbaqljuzgt.mp4/face_0.mp4","fake":"http://visiongpu23.csail.mit.edu/scratch/datasets/DeepfakeDetection/facenet_smooth_frames/dfdc_train_part_11/bxwswwesmk.mp4/face_0.mp4"}},{"choice":"fake","left":"fake","right":"real","videoPair":{"real":"http://visiongpu23.csail.mit.edu/scratch/datasets/DeepfakeDetection/facenet_smooth_frames/dfdc_train_part_2/mkmgcxaztt.mp4/face_0.mp4","fake":"http://visiongpu23.csail.mit.edu/scratch/datasets/DeepfakeDetection/facenet_smooth_frames/dfdc_train_part_10/bzhvcqciis.mp4/face_0.mp4"}},{"choice":"fake","left":"fake","right":"real","videoPair":{"real":"http://visiongpu23.csail.mit.edu/scratch/datasets/DeepfakeDetection/facenet_smooth_frames/dfdc_train_part_5/noonwrxiwg.mp4/face_0.mp4","fake":"http://visiongpu23.csail.mit.edu/scratch/datasets/DeepfakeDetection/facenet_smooth_frames/dfdc_train_part_6/gqwhktgtuw.mp4/face_0.mp4"}},{"choice":"real","left":"real","right":"fake","videoPair":{"real":"http://visiongpu23.csail.mit.edu/scratch/datasets/DeepfakeDetection/facenet_smooth_frames/dfdc_train_part_2/rlqbowounu.mp4/face_0.mp4","fake":"http://visiongpu23.csail.mit.edu/scratch/datasets/DeepfakeDetection/facenet_smooth_frames/dfdc_train_part_11/blfzhuobde.mp4/face_0.mp4"}},{"choice":"fake","left":"real","right":"fake","videoPair":{"real":"http://visiongpu23.csail.mit.edu/scratch/datasets/DeepfakeDetection/facenet_smooth_frames/dfdc_train_part_7/fsoanljfmx.mp4/face_0.mp4","fake":"http://visiongpu23.csail.mit.edu/scratch/datasets/DeepfakeDetection/facenet_smooth_frames/dfdc_train_part_7/ltunrovguv.mp4/face_0.mp4"}},{"choice":"fake","left":"fake","right":"real","videoPair":{"real":"http://visiongpu23.csail.mit.edu/scratch/datasets/DeepfakeDetection/facenet_smooth_frames/dfdc_train_part_0/exxqlfpnbz.mp4/face_0.mp4","fake":"http://visiongpu23.csail.mit.edu/scratch/datasets/DeepfakeDetection/facenet_smooth_frames/dfdc_train_part_7/ohsuexvbax.mp4/face_0.mp4"}},{"choice":"fake","left":"fake","right":"real","videoPair":{"real":"http://visiongpu23.csail.mit.edu/scratch/datasets/DeepfakeDetection/facenet_smooth_frames/dfdc_train_part_11/asaznagkeg.mp4/face_0.mp4","fake":"http://visiongpu23.csail.mit.edu/scratch/datasets/DeepfakeDetection/facenet_smooth_frames/dfdc_train_part_7/adsxpxgjlp.mp4/face_0.mp4"}},{"choice":"fake","left":"fake","right":"real","videoPair":{"real":"http://visiongpu23.csail.mit.edu/scratch/datasets/DeepfakeDetection/facenet_smooth_frames/dfdc_train_part_11/bgmzzxkwdz.mp4/face_0.mp4","fake":"http://visiongpu23.csail.mit.edu/scratch/datasets/DeepfakeDetection/facenet_smooth_frames/dfdc_train_part_6/lwxlleeolp.mp4/face_0.mp4"}},{"choice":"fake","left":"real","right":"fake","videoPair":{"real":"http://visiongpu23.csail.mit.edu/scratch/datasets/DeepfakeDetection/facenet_smooth_frames/dfdc_train_part_11/awihhtzuen.mp4/face_0.mp4","fake":"http://visiongpu23.csail.mit.edu/scratch/datasets/DeepfakeDetection/facenet_smooth_frames/dfdc_train_part_6/bevijjvici.mp4/face_0.mp4"}},{"choice":"fake","left":"fake","right":"real","videoPair":{"real":"http://visiongpu23.csail.mit.edu/scratch/datasets/DeepfakeDetection/facenet_smooth_frames/dfdc_train_part_2/tyjpjpglgx.mp4/face_0.mp4","fake":"http://visiongpu23.csail.mit.edu/scratch/datasets/DeepfakeDetection/facenet_smooth_frames/dfdc_train_part_10/cpsqfqaztq.mp4/face_0.mp4"}},{"choice":"fake","left":"real","right":"fake","videoPair":{"real":"http://visiongpu23.csail.mit.edu/scratch/datasets/DeepfakeDetection/facenet_smooth_frames/dfdc_train_part_7/iqqckuassu.mp4/face_0.mp4","fake":"http://visiongpu23.csail.mit.edu/scratch/datasets/DeepfakeDetection/facenet_smooth_frames/dfdc_train_part_7/fozpvjlfuo.mp4/face_0.mp4"}},{"choice":"fake","left":"fake","right":"real","videoPair":{"real":"http://visiongpu23.csail.mit.edu/scratch/datasets/DeepfakeDetection/facenet_smooth_frames/dfdc_train_part_5/mugpedpwbl.mp4/face_0.mp4","fake":"http://visiongpu23.csail.mit.edu/scratch/datasets/DeepfakeDetection/facenet_smooth_frames/dfdc_train_part_6/bsxznrgkpz.mp4/face_0.mp4"}},{"choice":"real","left":"fake","right":"real","videoPair":{"real":"http://visiongpu23.csail.mit.edu/scratch/datasets/DeepfakeDetection/facenet_smooth_frames/dfdc_train_part_2/ijptktlyfr.mp4/face_0.mp4","fake":"http://visiongpu23.csail.mit.edu/scratch/datasets/DeepfakeDetection/facenet_smooth_frames/dfdc_train_part_11/cjadoedyhk.mp4/face_0.mp4"}},{"choice":"fake","left":"fake","right":"real","videoPair":{"real":"http://visiongpu23.csail.mit.edu/scratch/datasets/DeepfakeDetection/facenet_smooth_frames/dfdc_train_part_6/akcijmdkaq.mp4/face_0.mp4","fake":"http://visiongpu23.csail.mit.edu/scratch/datasets/DeepfakeDetection/facenet_smooth_frames/dfdc_train_part_6/jwfizmebox.mp4/face_0.mp4"}},{"choice":"real","left":"real","right":"fake","videoPair":{"real":"http://visiongpu23.csail.mit.edu/scratch/datasets/DeepfakeDetection/facenet_smooth_frames/dfdc_train_part_1/kwfdyqofzw.mp4/face_0.mp4","fake":"http://visiongpu23.csail.mit.edu/scratch/datasets/DeepfakeDetection/facenet_smooth_frames/dfdc_train_part_7/coatfjiush.mp4/face_0.mp4"}},{"choice":"fake","left":"fake","right":"real","videoPair":{"real":"http://visiongpu23.csail.mit.edu/scratch/datasets/DeepfakeDetection/facenet_smooth_frames/dfdc_train_part_6/azcbnczesb.mp4/face_0.mp4","fake":"http://visiongpu23.csail.mit.edu/scratch/datasets/DeepfakeDetection/facenet_smooth_frames/dfdc_train_part_6/iduxskpipi.mp4/face_0.mp4"}},{"choice":"fake","left":"fake","right":"real","videoPair":{"real":"http://visiongpu23.csail.mit.edu/scratch/datasets/DeepfakeDetection/facenet_smooth_frames/dfdc_train_part_7/ldefkanmkf.mp4/face_0.mp4","fake":"http://visiongpu23.csail.mit.edu/scratch/datasets/DeepfakeDetection/facenet_smooth_frames/dfdc_train_part_7/ivkvgtaekc.mp4/face_0.mp4"}},{"choice":"fake","left":"fake","right":"real","videoPair":{"real":"http://visiongpu23.csail.mit.edu/scratch/datasets/DeepfakeDetection/facenet_smooth_frames/dfdc_train_part_2/dzojiwfvba.mp4/face_0.mp4","fake":"http://visiongpu23.csail.mit.edu/scratch/datasets/DeepfakeDetection/facenet_smooth_frames/dfdc_train_part_7/lmvvnmqcjo.mp4/face_0.mp4"}},{"choice":"fake","left":"real","right":"fake","videoPair":{"real":"http://visiongpu23.csail.mit.edu/scratch/datasets/DeepfakeDetection/facenet_smooth_frames/dfdc_train_part_6/cgacynuzzc.mp4/face_0.mp4","fake":"http://visiongpu23.csail.mit.edu/scratch/datasets/DeepfakeDetection/facenet_smooth_frames/dfdc_train_part_0/iffvaaswwj.mp4/face_0.mp4"}},{"choice":"fake","left":"real","right":"fake","videoPair":{"real":"http://visiongpu23.csail.mit.edu/scratch/datasets/DeepfakeDetection/facenet_smooth_frames/dfdc_train_part_7/dafhnjbgjp.mp4/face_0.mp4","fake":"http://visiongpu23.csail.mit.edu/scratch/datasets/DeepfakeDetection/facenet_smooth_frames/dfdc_train_part_1/fyygfkcsqq.mp4/face_0.mp4"}},{"choice":"fake","left":"fake","right":"real","videoPair":{"real":"http://visiongpu23.csail.mit.edu/scratch/datasets/DeepfakeDetection/facenet_smooth_frames/dfdc_train_part_2/elackxuccp.mp4/face_0.mp4","fake":"http://visiongpu23.csail.mit.edu/scratch/datasets/DeepfakeDetection/facenet_smooth_frames/dfdc_train_part_1/bpcimjvhlu.mp4/face_0.mp4"}},{"choice":"fake","left":"fake","right":"real","videoPair":{"real":"http://visiongpu23.csail.mit.edu/scratch/datasets/DeepfakeDetection/facenet_smooth_frames/dfdc_train_part_6/dnhlwyzwtx.mp4/face_0.mp4","fake":"http://visiongpu23.csail.mit.edu/scratch/datasets/DeepfakeDetection/facenet_smooth_frames/dfdc_train_part_7/bkzcioseyf.mp4/face_0.mp4"}},{"choice":"fake","left":"fake","right":"real","videoPair":{"real":"http://visiongpu23.csail.mit.edu/scratch/datasets/DeepfakeDetection/facenet_smooth_frames/dfdc_train_part_2/rrwdacnzcd.mp4/face_0.mp4","fake":"http://visiongpu23.csail.mit.edu/scratch/datasets/DeepfakeDetection/facenet_smooth_frames/dfdc_train_part_7/ofuviodasc.mp4/face_0.mp4"}},{"choice":"fake","left":"real","right":"fake","videoPair":{"real":"http://visiongpu23.csail.mit.edu/scratch/datasets/DeepfakeDetection/facenet_smooth_frames/dfdc_train_part_1/qzpwniycty.mp4/face_0.mp4","fake":"http://visiongpu23.csail.mit.edu/scratch/datasets/DeepfakeDetection/facenet_smooth_frames/dfdc_train_part_7/apgxbcqpko.mp4/face_0.mp4"}},{"choice":"fake","left":"fake","right":"real","videoPair":{"real":"http://visiongpu23.csail.mit.edu/scratch/datasets/DeepfakeDetection/facenet_smooth_frames/dfdc_train_part_7/nioqtolubb.mp4/face_0.mp4","fake":"http://visiongpu23.csail.mit.edu/scratch/datasets/DeepfakeDetection/facenet_smooth_frames/dfdc_train_part_6/bygtwucggu.mp4/face_0.mp4"}},{"choice":"fake","left":"real","right":"fake","videoPair":{"real":"http://visiongpu23.csail.mit.edu/scratch/datasets/DeepfakeDetection/facenet_smooth_frames/dfdc_train_part_6/bzbgfksqiq.mp4/face_0.mp4","fake":"http://visiongpu23.csail.mit.edu/scratch/datasets/DeepfakeDetection/facenet_smooth_frames/dfdc_train_part_7/fotdwuwgsq.mp4/face_0.mp4"}},{"choice":"fake","left":"fake","right":"real","videoPair":{"real":"http://visiongpu23.csail.mit.edu/scratch/datasets/DeepfakeDetection/facenet_smooth_frames/dfdc_train_part_5/ezuyqnjbwb.mp4/face_0.mp4","fake":"http://visiongpu23.csail.mit.edu/scratch/datasets/DeepfakeDetection/facenet_smooth_frames/dfdc_train_part_6/addkktdymg.mp4/face_0.mp4"}},{"choice":"fake","left":"real","right":"fake","videoPair":{"real":"http://visiongpu23.csail.mit.edu/scratch/datasets/DeepfakeDetection/facenet_smooth_frames/dfdc_train_part_5/kmigcpmqoq.mp4/face_0.mp4","fake":"http://visiongpu23.csail.mit.edu/scratch/datasets/DeepfakeDetection/facenet_smooth_frames/dfdc_train_part_7/eokrjqnxwx.mp4/face_0.mp4"}},{"choice":"real","left":"fake","right":"real","videoPair":{"real":"http://visiongpu23.csail.mit.edu/scratch/datasets/DeepfakeDetection/facenet_smooth_frames/dfdc_train_part_5/kjbjzswdsw.mp4/face_0.mp4","fake":"http://visiongpu23.csail.mit.edu/scratch/datasets/DeepfakeDetection/facenet_smooth_frames/dfdc_train_part_11/cffiamlmxj.mp4/face_0.mp4"}},{"choice":"fake","left":"real","right":"fake","videoPair":{"real":"http://visiongpu23.csail.mit.edu/scratch/datasets/DeepfakeDetection/facenet_smooth_frames/dfdc_train_part_2/rcqcattfsu.mp4/face_0.mp4","fake":"http://visiongpu23.csail.mit.edu/scratch/datasets/DeepfakeDetection/facenet_smooth_frames/dfdc_train_part_7/nffgksynro.mp4/face_0.mp4"}},{"choice":"fake","left":"real","right":"fake","videoPair":{"real":"http://visiongpu23.csail.mit.edu/scratch/datasets/DeepfakeDetection/facenet_smooth_frames/dfdc_train_part_2/sekwncgkzc.mp4/face_0.mp4","fake":"http://visiongpu23.csail.mit.edu/scratch/datasets/DeepfakeDetection/facenet_smooth_frames/dfdc_train_part_6/cumwqtxgvl.mp4/face_0.mp4"}},{"choice":"fake","left":"fake","right":"real","videoPair":{"real":"http://visiongpu23.csail.mit.edu/scratch/datasets/DeepfakeDetection/facenet_smooth_frames/dfdc_train_part_7/nsfnxqvgxn.mp4/face_0.mp4","fake":"http://visiongpu23.csail.mit.edu/scratch/datasets/DeepfakeDetection/facenet_smooth_frames/dfdc_train_part_0/fsiunpwpqx.mp4/face_0.mp4"}},{"choice":"fake","left":"real","right":"fake","videoPair":{"real":"http://visiongpu23.csail.mit.edu/scratch/datasets/DeepfakeDetection/facenet_smooth_frames/dfdc_train_part_6/buesukpgjd.mp4/face_0.mp4","fake":"http://visiongpu23.csail.mit.edu/scratch/datasets/DeepfakeDetection/facenet_smooth_frames/dfdc_train_part_0/acdkfksyev.mp4/face_0.mp4"}},{"choice":"fake","left":"fake","right":"real","videoPair":{"real":"http://visiongpu23.csail.mit.edu/scratch/datasets/DeepfakeDetection/facenet_smooth_frames/dfdc_train_part_1/wqdsarmger.mp4/face_0.mp4","fake":"http://visiongpu23.csail.mit.edu/scratch/datasets/DeepfakeDetection/facenet_smooth_frames/dfdc_train_part_6/bhtoegtzyi.mp4/face_0.mp4"}},{"choice":"fake","left":"fake","right":"real","videoPair":{"real":"http://visiongpu23.csail.mit.edu/scratch/datasets/DeepfakeDetection/facenet_smooth_frames/dfdc_train_part_7/odioowlayj.mp4/face_0.mp4","fake":"http://visiongpu23.csail.mit.edu/scratch/datasets/DeepfakeDetection/facenet_smooth_frames/dfdc_train_part_6/hlsklnclxn.mp4/face_0.mp4"}},{"choice":"fake","left":"fake","right":"real","videoPair":{"real":"http://visiongpu23.csail.mit.edu/scratch/datasets/DeepfakeDetection/facenet_smooth_frames/dfdc_train_part_2/qcsfyfuibd.mp4/face_0.mp4","fake":"http://visiongpu23.csail.mit.edu/scratch/datasets/DeepfakeDetection/facenet_smooth_frames/dfdc_train_part_6/czywvnuoug.mp4/face_0.mp4"}},{"choice":"fake","left":"real","right":"fake","videoPair":{"real":"http://visiongpu23.csail.mit.edu/scratch/datasets/DeepfakeDetection/facenet_smooth_frames/dfdc_train_part_11/aqyvunegbf.mp4/face_0.mp4","fake":"http://visiongpu23.csail.mit.edu/scratch/datasets/DeepfakeDetection/facenet_smooth_frames/dfdc_train_part_6/kijixmfcou.mp4/face_0.mp4"}},{"choice":"fake","left":"real","right":"fake","videoPair":{"real":"http://visiongpu23.csail.mit.edu/scratch/datasets/DeepfakeDetection/facenet_smooth_frames/dfdc_train_part_2/wbjtrlyjsm.mp4/face_0.mp4","fake":"http://visiongpu23.csail.mit.edu/scratch/datasets/DeepfakeDetection/facenet_smooth_frames/dfdc_train_part_10/avsmkgfxso.mp4/face_0.mp4"}},{"choice":"fake","left":"real","right":"fake","videoPair":{"real":"http://visiongpu23.csail.mit.edu/scratch/datasets/DeepfakeDetection/facenet_smooth_frames/dfdc_train_part_2/bfdopzvxbi.mp4/face_0.mp4","fake":"http://visiongpu23.csail.mit.edu/scratch/datasets/DeepfakeDetection/facenet_smooth_frames/dfdc_train_part_7/jgjctxasju.mp4/face_0.mp4"}},{"choice":"fake","left":"real","right":"fake","videoPair":{"real":"http://visiongpu23.csail.mit.edu/scratch/datasets/DeepfakeDetection/facenet_smooth_frames/dfdc_train_part_11/bsnrcykrki.mp4/face_0.mp4","fake":"http://visiongpu23.csail.mit.edu/scratch/datasets/DeepfakeDetection/facenet_smooth_frames/dfdc_train_part_7/coegoetjpm.mp4/face_0.mp4"}},{"choice":"fake","left":"real","right":"fake","videoPair":{"real":"http://visiongpu23.csail.mit.edu/scratch/datasets/DeepfakeDetection/facenet_smooth_frames/dfdc_train_part_1/hjhdhumvod.mp4/face_0.mp4","fake":"http://visiongpu23.csail.mit.edu/scratch/datasets/DeepfakeDetection/facenet_smooth_frames/dfdc_train_part_11/avvmidgbai.mp4/face_0.mp4"}},{"choice":"real","left":"fake","right":"real","videoPair":{"real":"http://visiongpu23.csail.mit.edu/scratch/datasets/DeepfakeDetection/facenet_smooth_frames/dfdc_train_part_6/fkisosebej.mp4/face_0.mp4","fake":"http://visiongpu23.csail.mit.edu/scratch/datasets/DeepfakeDetection/facenet_smooth_frames/dfdc_train_part_7/ecdvjgbxko.mp4/face_0.mp4"}},{"choice":"real","left":"fake","right":"real","videoPair":{"real":"http://visiongpu23.csail.mit.edu/scratch/datasets/DeepfakeDetection/facenet_smooth_frames/dfdc_train_part_11/biksijpktj.mp4/face_0.mp4","fake":"http://visiongpu23.csail.mit.edu/scratch/datasets/DeepfakeDetection/facenet_smooth_frames/dfdc_train_part_7/dszocsfvpr.mp4/face_0.mp4"}},{"choice":"fake","left":"real","right":"fake","videoPair":{"real":"http://visiongpu23.csail.mit.edu/scratch/datasets/DeepfakeDetection/facenet_smooth_frames/dfdc_train_part_11/deqxaihxuz.mp4/face_0.mp4","fake":"http://visiongpu23.csail.mit.edu/scratch/datasets/DeepfakeDetection/facenet_smooth_frames/dfdc_train_part_6/gnhzduwqbr.mp4/face_0.mp4"}},{"choice":"fake","left":"fake","right":"real","videoPair":{"real":"http://visiongpu23.csail.mit.edu/scratch/datasets/DeepfakeDetection/facenet_smooth_frames/dfdc_train_part_2/uulabkvfns.mp4/face_0.mp4","fake":"http://visiongpu23.csail.mit.edu/scratch/datasets/DeepfakeDetection/facenet_smooth_frames/dfdc_train_part_7/lijfcncczj.mp4/face_0.mp4"}},{"choice":"fake","left":"fake","right":"real","videoPair":{"real":"http://visiongpu23.csail.mit.edu/scratch/datasets/DeepfakeDetection/facenet_smooth_frames/dfdc_train_part_2/fzmnxvmtgh.mp4/face_0.mp4","fake":"http://visiongpu23.csail.mit.edu/scratch/datasets/DeepfakeDetection/facenet_smooth_frames/dfdc_train_part_6/dmdfeqjmpe.mp4/face_0.mp4"}},{"choice":"fake","left":"real","right":"fake","videoPair":{"real":"http://visiongpu23.csail.mit.edu/scratch/datasets/DeepfakeDetection/facenet_smooth_frames/dfdc_train_part_1/zfobicuigx.mp4/face_0.mp4","fake":"http://visiongpu23.csail.mit.edu/scratch/datasets/DeepfakeDetection/facenet_smooth_frames/dfdc_train_part_7/fwqjqstizc.mp4/face_0.mp4"}},{"choice":"fake","left":"fake","right":"real","videoPair":{"real":"http://visiongpu23.csail.mit.edu/scratch/datasets/DeepfakeDetection/facenet_smooth_frames/dfdc_train_part_6/bryxfrlkul.mp4/face_0.mp4","fake":"http://visiongpu23.csail.mit.edu/scratch/datasets/DeepfakeDetection/facenet_smooth_frames/dfdc_train_part_6/ktsuralgmr.mp4/face_0.mp4"}},{"choice":"fake","left":"real","right":"fake","videoPair":{"real":"http://visiongpu23.csail.mit.edu/scratch/datasets/DeepfakeDetection/facenet_smooth_frames/dfdc_train_part_5/bbwrqfawrj.mp4/face_0.mp4","fake":"http://visiongpu23.csail.mit.edu/scratch/datasets/DeepfakeDetection/facenet_smooth_frames/dfdc_train_part_7/dmzupwmxjo.mp4/face_0.mp4"}},{"choice":"fake","left":"real","right":"fake","videoPair":{"real":"http://visiongpu23.csail.mit.edu/scratch/datasets/DeepfakeDetection/facenet_smooth_frames/dfdc_train_part_0/apvzjkvnwn.mp4/face_0.mp4","fake":"http://visiongpu23.csail.mit.edu/scratch/datasets/DeepfakeDetection/facenet_smooth_frames/dfdc_train_part_7/cmyhcrqfnl.mp4/face_0.mp4"}},{"choice":"fake","left":"real","right":"fake","videoPair":{"real":"http://visiongpu23.csail.mit.edu/scratch/datasets/DeepfakeDetection/facenet_smooth_frames/dfdc_train_part_11/aldekovjjt.mp4/face_0.mp4","fake":"http://visiongpu23.csail.mit.edu/scratch/datasets/DeepfakeDetection/facenet_smooth_frames/dfdc_train_part_6/juunpbzdaz.mp4/face_0.mp4"}},{"choice":"fake","left":"real","right":"fake","videoPair":{"real":"http://visiongpu23.csail.mit.edu/scratch/datasets/DeepfakeDetection/facenet_smooth_frames/dfdc_train_part_6/lperomvunw.mp4/face_0.mp4","fake":"http://visiongpu23.csail.mit.edu/scratch/datasets/DeepfakeDetection/facenet_smooth_frames/dfdc_train_part_6/hruydvrvqu.mp4/face_0.mp4"}},{"choice":"real","left":"real","right":"fake","videoPair":{"real":"http://visiongpu23.csail.mit.edu/scratch/datasets/DeepfakeDetection/facenet_smooth_frames/dfdc_train_part_6/drjkkdbcvc.mp4/face_0.mp4","fake":"http://visiongpu23.csail.mit.edu/scratch/datasets/DeepfakeDetection/facenet_smooth_frames/dfdc_train_part_10/byuqfzuwuh.mp4/face_0.mp4"}},{"choice":"fake","left":"fake","right":"real","videoPair":{"real":"http://visiongpu23.csail.mit.edu/scratch/datasets/DeepfakeDetection/facenet_smooth_frames/dfdc_train_part_7/hkplvhwibp.mp4/face_0.mp4","fake":"http://visiongpu23.csail.mit.edu/scratch/datasets/DeepfakeDetection/facenet_smooth_frames/dfdc_train_part_7/ltsfbcjouq.mp4/face_0.mp4"}},{"choice":"fake","left":"fake","right":"real","videoPair":{"real":"http://visiongpu23.csail.mit.edu/scratch/datasets/DeepfakeDetection/facenet_smooth_frames/dfdc_train_part_5/flbrvohbvv.mp4/face_0.mp4","fake":"http://visiongpu23.csail.mit.edu/scratch/datasets/DeepfakeDetection/facenet_smooth_frames/dfdc_train_part_7/nbrypwfcrk.mp4/face_0.mp4"}},{"choice":"real","left":"fake","right":"real","videoPair":{"real":"http://visiongpu23.csail.mit.edu/scratch/datasets/DeepfakeDetection/facenet_smooth_frames/dfdc_train_part_2/torjqecxjw.mp4/face_0.mp4","fake":"http://visiongpu23.csail.mit.edu/scratch/datasets/DeepfakeDetection/facenet_smooth_frames/dfdc_train_part_6/gwlhmtkofu.mp4/face_0.mp4"}},{"choice":"fake","left":"fake","right":"real","videoPair":{"real":"http://visiongpu23.csail.mit.edu/scratch/datasets/DeepfakeDetection/facenet_smooth_frames/dfdc_train_part_6/jncghwmmpf.mp4/face_0.mp4","fake":"http://visiongpu23.csail.mit.edu/scratch/datasets/DeepfakeDetection/facenet_smooth_frames/dfdc_train_part_6/eslhebdhyn.mp4/face_0.mp4"}},{"choice":"fake","left":"real","right":"fake","videoPair":{"real":"http://visiongpu23.csail.mit.edu/scratch/datasets/DeepfakeDetection/facenet_smooth_frames/dfdc_train_part_6/mivamcdkfj.mp4/face_0.mp4","fake":"http://visiongpu23.csail.mit.edu/scratch/datasets/DeepfakeDetection/facenet_smooth_frames/dfdc_train_part_6/gvscaplsah.mp4/face_0.mp4"}},{"choice":"fake","left":"real","right":"fake","videoPair":{"real":"http://visiongpu23.csail.mit.edu/scratch/datasets/DeepfakeDetection/facenet_smooth_frames/dfdc_train_part_5/ghutxxwjrs.mp4/face_0.mp4","fake":"http://visiongpu23.csail.mit.edu/scratch/datasets/DeepfakeDetection/facenet_smooth_frames/dfdc_train_part_7/ctoeplyxsc.mp4/face_0.mp4"}},{"choice":"fake","left":"fake","right":"real","videoPair":{"real":"http://visiongpu23.csail.mit.edu/scratch/datasets/DeepfakeDetection/facenet_smooth_frames/dfdc_train_part_5/nmusooihlb.mp4/face_0.mp4","fake":"http://visiongpu23.csail.mit.edu/scratch/datasets/DeepfakeDetection/facenet_smooth_frames/dfdc_train_part_11/cssuukpkgx.mp4/face_0.mp4"}},{"choice":"fake","left":"fake","right":"real","videoPair":{"real":"http://visiongpu23.csail.mit.edu/scratch/datasets/DeepfakeDetection/facenet_smooth_frames/dfdc_train_part_7/ejmpycnatt.mp4/face_0.mp4","fake":"http://visiongpu23.csail.mit.edu/scratch/datasets/DeepfakeDetection/facenet_smooth_frames/dfdc_train_part_7/erujqhdqsu.mp4/face_0.mp4"}},{"choice":"fake","left":"real","right":"fake","videoPair":{"real":"http://visiongpu23.csail.mit.edu/scratch/datasets/DeepfakeDetection/facenet_smooth_frames/dfdc_train_part_2/ebezansurq.mp4/face_0.mp4","fake":"http://visiongpu23.csail.mit.edu/scratch/datasets/DeepfakeDetection/facenet_smooth_frames/dfdc_train_part_10/bshmwbzewf.mp4/face_0.mp4"}},{"choice":"fake","left":"fake","right":"real","videoPair":{"real":"http://visiongpu23.csail.mit.edu/scratch/datasets/DeepfakeDetection/facenet_smooth_frames/dfdc_train_part_7/fwiyjcfwta.mp4/face_0.mp4","fake":"http://visiongpu23.csail.mit.edu/scratch/datasets/DeepfakeDetection/facenet_smooth_frames/dfdc_train_part_10/cnymesatee.mp4/face_0.mp4"}},{"choice":"fake","left":"fake","right":"real","videoPair":{"real":"http://visiongpu23.csail.mit.edu/scratch/datasets/DeepfakeDetection/facenet_smooth_frames/dfdc_train_part_5/dmwmhxvlfq.mp4/face_0.mp4","fake":"http://visiongpu23.csail.mit.edu/scratch/datasets/DeepfakeDetection/facenet_smooth_frames/dfdc_train_part_1/rxbabwdbhj.mp4/face_0.mp4"}},{"choice":"real","left":"real","right":"fake","videoPair":{"real":"http://visiongpu23.csail.mit.edu/scratch/datasets/DeepfakeDetection/facenet_smooth_frames/dfdc_train_part_2/rbhecseopz.mp4/face_0.mp4","fake":"http://visiongpu23.csail.mit.edu/scratch/datasets/DeepfakeDetection/facenet_smooth_frames/dfdc_train_part_6/idvystcrfi.mp4/face_0.mp4"}},{"choice":"fake","left":"real","right":"fake","videoPair":{"real":"http://visiongpu23.csail.mit.edu/scratch/datasets/DeepfakeDetection/facenet_smooth_frames/dfdc_train_part_5/anikhdvdzo.mp4/face_0.mp4","fake":"http://visiongpu23.csail.mit.edu/scratch/datasets/DeepfakeDetection/facenet_smooth_frames/dfdc_train_part_6/alxpnosgtc.mp4/face_0.mp4"}},{"choice":"fake","left":"real","right":"fake","videoPair":{"real":"http://visiongpu23.csail.mit.edu/scratch/datasets/DeepfakeDetection/facenet_smooth_frames/dfdc_train_part_6/mhlviycfpq.mp4/face_0.mp4","fake":"http://visiongpu23.csail.mit.edu/scratch/datasets/DeepfakeDetection/facenet_smooth_frames/dfdc_train_part_10/bkdodfwcqn.mp4/face_0.mp4"}},{"choice":"fake","left":"fake","right":"real","videoPair":{"real":"http://visiongpu23.csail.mit.edu/scratch/datasets/DeepfakeDetection/facenet_smooth_frames/dfdc_train_part_5/aizcvzaxcj.mp4/face_0.mp4","fake":"http://visiongpu23.csail.mit.edu/scratch/datasets/DeepfakeDetection/facenet_smooth_frames/dfdc_train_part_6/juswhonnji.mp4/face_0.mp4"}},{"choice":"fake","left":"real","right":"fake","videoPair":{"real":"http://visiongpu23.csail.mit.edu/scratch/datasets/DeepfakeDetection/facenet_smooth_frames/dfdc_train_part_5/gnhbtnojfp.mp4/face_0.mp4","fake":"http://visiongpu23.csail.mit.edu/scratch/datasets/DeepfakeDetection/facenet_smooth_frames/dfdc_train_part_11/cikhubpqxy.mp4/face_0.mp4"}},{"choice":"fake","left":"fake","right":"real","videoPair":{"real":"http://visiongpu23.csail.mit.edu/scratch/datasets/DeepfakeDetection/facenet_smooth_frames/dfdc_train_part_7/jtpjvsnwjc.mp4/face_0.mp4","fake":"http://visiongpu23.csail.mit.edu/scratch/datasets/DeepfakeDetection/facenet_smooth_frames/dfdc_train_part_7/khxoqmmdfu.mp4/face_0.mp4"}},{"choice":"fake","left":"real","right":"fake","videoPair":{"real":"http://visiongpu23.csail.mit.edu/scratch/datasets/DeepfakeDetection/facenet_smooth_frames/dfdc_train_part_6/frrkzgjapb.mp4/face_0.mp4","fake":"http://visiongpu23.csail.mit.edu/scratch/datasets/DeepfakeDetection/facenet_smooth_frames/dfdc_train_part_7/hmtoqsdvss.mp4/face_0.mp4"}},{"choice":"real","left":"fake","right":"real","videoPair":{"real":"http://visiongpu23.csail.mit.edu/scratch/datasets/DeepfakeDetection/facenet_smooth_frames/dfdc_train_part_6/ljrcafxwrn.mp4/face_0.mp4","fake":"http://visiongpu23.csail.mit.edu/scratch/datasets/DeepfakeDetection/facenet_smooth_frames/dfdc_train_part_7/bptrqltmsx.mp4/face_0.mp4"}},{"choice":"fake","left":"real","right":"fake","videoPair":{"real":"http://visiongpu23.csail.mit.edu/scratch/datasets/DeepfakeDetection/facenet_smooth_frames/dfdc_train_part_7/jjamkukusv.mp4/face_0.mp4","fake":"http://visiongpu23.csail.mit.edu/scratch/datasets/DeepfakeDetection/facenet_smooth_frames/dfdc_train_part_7/jcbrkrekbh.mp4/face_0.mp4"}},{"choice":"fake","left":"real","right":"fake","videoPair":{"real":"http://visiongpu23.csail.mit.edu/scratch/datasets/DeepfakeDetection/facenet_smooth_frames/dfdc_train_part_2/jkonwkrhqp.mp4/face_0.mp4","fake":"http://visiongpu23.csail.mit.edu/scratch/datasets/DeepfakeDetection/facenet_smooth_frames/dfdc_train_part_6/kdbnvdnmjw.mp4/face_0.mp4"}},{"choice":"fake","left":"real","right":"fake","videoPair":{"real":"http://visiongpu23.csail.mit.edu/scratch/datasets/DeepfakeDetection/facenet_smooth_frames/dfdc_train_part_5/fwekcrqdak.mp4/face_0.mp4","fake":"http://visiongpu23.csail.mit.edu/scratch/datasets/DeepfakeDetection/facenet_smooth_frames/dfdc_train_part_6/eagqnsbiyh.mp4/face_0.mp4"}},{"choice":"real","left":"fake","right":"real","videoPair":{"real":"http://visiongpu23.csail.mit.edu/scratch/datasets/DeepfakeDetection/facenet_smooth_frames/dfdc_train_part_6/kjorkudgro.mp4/face_0.mp4","fake":"http://visiongpu23.csail.mit.edu/scratch/datasets/DeepfakeDetection/facenet_smooth_frames/dfdc_train_part_7/jpgejzqzxc.mp4/face_0.mp4"}},{"choice":"real","left":"real","right":"fake","videoPair":{"real":"http://visiongpu23.csail.mit.edu/scratch/datasets/DeepfakeDetection/facenet_smooth_frames/dfdc_train_part_1/xrhqtmxlvx.mp4/face_0.mp4","fake":"http://visiongpu23.csail.mit.edu/scratch/datasets/DeepfakeDetection/facenet_smooth_frames/dfdc_train_part_7/dahznkybpw.mp4/face_0.mp4"}},{"choice":"fake","left":"fake","right":"real","videoPair":{"real":"http://visiongpu23.csail.mit.edu/scratch/datasets/DeepfakeDetection/facenet_smooth_frames/dfdc_train_part_2/adohdulfwb.mp4/face_0.mp4","fake":"http://visiongpu23.csail.mit.edu/scratch/datasets/DeepfakeDetection/facenet_smooth_frames/dfdc_train_part_7/ncpkleegld.mp4/face_0.mp4"}},{"choice":"real","left":"fake","right":"real","videoPair":{"real":"http://visiongpu23.csail.mit.edu/scratch/datasets/DeepfakeDetection/facenet_smooth_frames/dfdc_train_part_5/ggjcrroblk.mp4/face_0.mp4","fake":"http://visiongpu23.csail.mit.edu/scratch/datasets/DeepfakeDetection/facenet_smooth_frames/dfdc_train_part_7/kufrfqqulg.mp4/face_0.mp4"}},{"choice":"real","left":"fake","right":"real","videoPair":{"real":"http://visiongpu23.csail.mit.edu/scratch/datasets/DeepfakeDetection/facenet_smooth_frames/dfdc_train_part_7/jtcdnrwmwn.mp4/face_0.mp4","fake":"http://visiongpu23.csail.mit.edu/scratch/datasets/DeepfakeDetection/facenet_smooth_frames/dfdc_train_part_0/alpkghdgrv.mp4/face_0.mp4"}},{"choice":"fake","left":"real","right":"fake","videoPair":{"real":"http://visiongpu23.csail.mit.edu/scratch/datasets/DeepfakeDetection/facenet_smooth_frames/dfdc_train_part_2/vbfjlcuswe.mp4/face_0.mp4","fake":"http://visiongpu23.csail.mit.edu/scratch/datasets/DeepfakeDetection/facenet_smooth_frames/dfdc_train_part_17/acrnjclnuw.mp4/face_0.mp4"}},{"choice":"fake","left":"fake","right":"real","videoPair":{"real":"http://visiongpu23.csail.mit.edu/scratch/datasets/DeepfakeDetection/facenet_smooth_frames/dfdc_train_part_2/kbulxcnrhd.mp4/face_0.mp4","fake":"http://visiongpu23.csail.mit.edu/scratch/datasets/DeepfakeDetection/facenet_smooth_frames/dfdc_train_part_6/btjooqbucg.mp4/face_0.mp4"}},{"choice":"fake","left":"fake","right":"real","videoPair":{"real":"http://visiongpu23.csail.mit.edu/scratch/datasets/DeepfakeDetection/facenet_smooth_frames/dfdc_train_part_2/lpgxwdgnio.mp4/face_0.mp4","fake":"http://visiongpu23.csail.mit.edu/scratch/datasets/DeepfakeDetection/facenet_smooth_frames/dfdc_train_part_7/dhfqnebqii.mp4/face_0.mp4"}},{"choice":"real","left":"fake","right":"real","videoPair":{"real":"http://visiongpu23.csail.mit.edu/scratch/datasets/DeepfakeDetection/facenet_smooth_frames/dfdc_train_part_7/jnxninjsir.mp4/face_0.mp4","fake":"http://visiongpu23.csail.mit.edu/scratch/datasets/DeepfakeDetection/facenet_smooth_frames/dfdc_train_part_17/ahdlptchip.mp4/face_0.mp4"}},{"choice":"real","left":"real","right":"fake","videoPair":{"real":"http://visiongpu23.csail.mit.edu/scratch/datasets/DeepfakeDetection/facenet_smooth_frames/dfdc_train_part_5/ncmtepztza.mp4/face_0.mp4","fake":"http://visiongpu23.csail.mit.edu/scratch/datasets/DeepfakeDetection/facenet_smooth_frames/dfdc_train_part_10/cpjyrivahb.mp4/face_0.mp4"}},{"choice":"fake","left":"real","right":"fake","videoPair":{"real":"http://visiongpu23.csail.mit.edu/scratch/datasets/DeepfakeDetection/facenet_smooth_frames/dfdc_train_part_6/axulmlkufx.mp4/face_0.mp4","fake":"http://visiongpu23.csail.mit.edu/scratch/datasets/DeepfakeDetection/facenet_smooth_frames/dfdc_train_part_6/ekhdzmeygp.mp4/face_0.mp4"}},{"choice":"real","left":"fake","right":"real","videoPair":{"real":"http://visiongpu23.csail.mit.edu/scratch/datasets/DeepfakeDetection/facenet_smooth_frames/dfdc_train_part_5/csfwgdpzym.mp4/face_0.mp4","fake":"http://visiongpu23.csail.mit.edu/scratch/datasets/DeepfakeDetection/facenet_smooth_frames/dfdc_train_part_6/fmwegswtzj.mp4/face_0.mp4"}},{"choice":"fake","left":"fake","right":"real","videoPair":{"real":"http://visiongpu23.csail.mit.edu/scratch/datasets/DeepfakeDetection/facenet_smooth_frames/dfdc_train_part_2/knmrhhsnqw.mp4/face_0.mp4","fake":"http://visiongpu23.csail.mit.edu/scratch/datasets/DeepfakeDetection/facenet_smooth_frames/dfdc_train_part_7/mxdalvgyaa.mp4/face_0.mp4"}},{"choice":"fake","left":"fake","right":"real","videoPair":{"real":"http://visiongpu23.csail.mit.edu/scratch/datasets/DeepfakeDetection/facenet_smooth_frames/dfdc_train_part_6/iieygeizqt.mp4/face_0.mp4","fake":"http://visiongpu23.csail.mit.edu/scratch/datasets/DeepfakeDetection/facenet_smooth_frames/dfdc_train_part_7/mocwcmlrwu.mp4/face_0.mp4"}},{"choice":"fake","left":"fake","right":"real","videoPair":{"real":"http://visiongpu23.csail.mit.edu/scratch/datasets/DeepfakeDetection/facenet_smooth_frames/dfdc_train_part_6/lrknyidgjx.mp4/face_0.mp4","fake":"http://visiongpu23.csail.mit.edu/scratch/datasets/DeepfakeDetection/facenet_smooth_frames/dfdc_train_part_7/kuatanwdch.mp4/face_0.mp4"}},{"choice":"real","left":"real","right":"fake","videoPair":{"real":"http://visiongpu23.csail.mit.edu/scratch/datasets/DeepfakeDetection/facenet_smooth_frames/dfdc_train_part_0/fzvpbrzssi.mp4/face_0.mp4","fake":"http://visiongpu23.csail.mit.edu/scratch/datasets/DeepfakeDetection/facenet_smooth_frames/dfdc_train_part_11/aprcmkybrl.mp4/face_0.mp4"}},{"choice":"fake","left":"fake","right":"real","videoPair":{"real":"http://visiongpu23.csail.mit.edu/scratch/datasets/DeepfakeDetection/facenet_smooth_frames/dfdc_train_part_2/caaackoecr.mp4/face_0.mp4","fake":"http://visiongpu23.csail.mit.edu/scratch/datasets/DeepfakeDetection/facenet_smooth_frames/dfdc_train_part_6/lzfgrtjpty.mp4/face_0.mp4"}},{"choice":"fake","left":"fake","right":"real","videoPair":{"real":"http://visiongpu23.csail.mit.edu/scratch/datasets/DeepfakeDetection/facenet_smooth_frames/dfdc_train_part_2/prwsfljdjo.mp4/face_0.mp4","fake":"http://visiongpu23.csail.mit.edu/scratch/datasets/DeepfakeDetection/facenet_smooth_frames/dfdc_train_part_7/hwmpwaennr.mp4/face_0.mp4"}},{"choice":"fake","left":"fake","right":"real","videoPair":{"real":"http://visiongpu23.csail.mit.edu/scratch/datasets/DeepfakeDetection/facenet_smooth_frames/dfdc_train_part_2/oaguiggjyv.mp4/face_0.mp4","fake":"http://visiongpu23.csail.mit.edu/scratch/datasets/DeepfakeDetection/facenet_smooth_frames/dfdc_train_part_7/ezxbjoamxn.mp4/face_0.mp4"}},{"choice":"fake","left":"fake","right":"real","videoPair":{"real":"http://visiongpu23.csail.mit.edu/scratch/datasets/DeepfakeDetection/facenet_smooth_frames/dfdc_train_part_2/zxacihctqp.mp4/face_0.mp4","fake":"http://visiongpu23.csail.mit.edu/scratch/datasets/DeepfakeDetection/facenet_smooth_frames/dfdc_train_part_11/bebnleywrr.mp4/face_0.mp4"}},{"choice":"real","left":"real","right":"fake","videoPair":{"real":"http://visiongpu23.csail.mit.edu/scratch/datasets/DeepfakeDetection/facenet_smooth_frames/dfdc_train_part_1/gahgyuwzbu.mp4/face_0.mp4","fake":"http://visiongpu23.csail.mit.edu/scratch/datasets/DeepfakeDetection/facenet_smooth_frames/dfdc_train_part_6/dwjmwxgqtg.mp4/face_0.mp4"}},{"choice":"real","left":"fake","right":"real","videoPair":{"real":"http://visiongpu23.csail.mit.edu/scratch/datasets/DeepfakeDetection/facenet_smooth_frames/dfdc_train_part_6/kuoraiutvy.mp4/face_0.mp4","fake":"http://visiongpu23.csail.mit.edu/scratch/datasets/DeepfakeDetection/facenet_smooth_frames/dfdc_train_part_7/kxserhilpo.mp4/face_0.mp4"}},{"choice":"fake","left":"real","right":"fake","videoPair":{"real":"http://visiongpu23.csail.mit.edu/scratch/datasets/DeepfakeDetection/facenet_smooth_frames/dfdc_train_part_11/aokrlamaci.mp4/face_0.mp4","fake":"http://visiongpu23.csail.mit.edu/scratch/datasets/DeepfakeDetection/facenet_smooth_frames/dfdc_train_part_7/dxkqxgumzp.mp4/face_0.mp4"}},{"choice":"fake","left":"fake","right":"real","videoPair":{"real":"http://visiongpu23.csail.mit.edu/scratch/datasets/DeepfakeDetection/facenet_smooth_frames/dfdc_train_part_6/dkkvcedpkn.mp4/face_0.mp4","fake":"http://visiongpu23.csail.mit.edu/scratch/datasets/DeepfakeDetection/facenet_smooth_frames/dfdc_train_part_6/iqgxpctdvo.mp4/face_0.mp4"}},{"choice":"fake","left":"real","right":"fake","videoPair":{"real":"http://visiongpu23.csail.mit.edu/scratch/datasets/DeepfakeDetection/facenet_smooth_frames/dfdc_train_part_1/cnpanmywno.mp4/face_0.mp4","fake":"http://visiongpu23.csail.mit.edu/scratch/datasets/DeepfakeDetection/facenet_smooth_frames/dfdc_train_part_7/dgkdcvnhrr.mp4/face_0.mp4"}},{"choice":"fake","left":"real","right":"fake","videoPair":{"real":"http://visiongpu23.csail.mit.edu/scratch/datasets/DeepfakeDetection/facenet_smooth_frames/dfdc_train_part_2/sodvtfqbpf.mp4/face_0.mp4","fake":"http://visiongpu23.csail.mit.edu/scratch/datasets/DeepfakeDetection/facenet_smooth_frames/dfdc_train_part_7/mtowgsfoti.mp4/face_0.mp4"}},{"choice":"fake","left":"fake","right":"real","videoPair":{"real":"http://visiongpu23.csail.mit.edu/scratch/datasets/DeepfakeDetection/facenet_smooth_frames/dfdc_train_part_2/ruhtnngrqv.mp4/face_0.mp4","fake":"http://visiongpu23.csail.mit.edu/scratch/datasets/DeepfakeDetection/facenet_smooth_frames/dfdc_train_part_1/ovvaimjkex.mp4/face_0.mp4"}},{"choice":"real","left":"fake","right":"real","videoPair":{"real":"http://visiongpu23.csail.mit.edu/scratch/datasets/DeepfakeDetection/facenet_smooth_frames/dfdc_train_part_6/edggkddtuv.mp4/face_0.mp4","fake":"http://visiongpu23.csail.mit.edu/scratch/datasets/DeepfakeDetection/facenet_smooth_frames/dfdc_train_part_7/kcfbaulmcz.mp4/face_0.mp4"}},{"choice":"fake","left":"real","right":"fake","videoPair":{"real":"http://visiongpu23.csail.mit.edu/scratch/datasets/DeepfakeDetection/facenet_smooth_frames/dfdc_train_part_11/dfkatdijen.mp4/face_0.mp4","fake":"http://visiongpu23.csail.mit.edu/scratch/datasets/DeepfakeDetection/facenet_smooth_frames/dfdc_train_part_6/cxdlxvgysz.mp4/face_0.mp4"}},{"choice":"real","left":"fake","right":"real","videoPair":{"real":"http://visiongpu23.csail.mit.edu/scratch/datasets/DeepfakeDetection/facenet_smooth_frames/dfdc_train_part_5/mgnqkbtorj.mp4/face_0.mp4","fake":"http://visiongpu23.csail.mit.edu/scratch/datasets/DeepfakeDetection/facenet_smooth_frames/dfdc_train_part_0/fbxpssbrqp.mp4/face_0.mp4"}},{"choice":"fake","left":"fake","right":"real","videoPair":{"real":"http://visiongpu23.csail.mit.edu/scratch/datasets/DeepfakeDetection/facenet_smooth_frames/dfdc_train_part_11/agazcxsnes.mp4/face_0.mp4","fake":"http://visiongpu23.csail.mit.edu/scratch/datasets/DeepfakeDetection/facenet_smooth_frames/dfdc_train_part_6/adarbftbnt.mp4/face_0.mp4"}},{"choice":"fake","left":"real","right":"fake","videoPair":{"real":"http://visiongpu23.csail.mit.edu/scratch/datasets/DeepfakeDetection/facenet_smooth_frames/dfdc_train_part_7/gyluavwkij.mp4/face_0.mp4","fake":"http://visiongpu23.csail.mit.edu/scratch/datasets/DeepfakeDetection/facenet_smooth_frames/dfdc_train_part_6/kmgklpxwfw.mp4/face_0.mp4"}},{"choice":"fake","left":"real","right":"fake","videoPair":{"real":"http://visiongpu23.csail.mit.edu/scratch/datasets/DeepfakeDetection/facenet_smooth_frames/dfdc_train_part_11/bhguavqyfj.mp4/face_0.mp4","fake":"http://visiongpu23.csail.mit.edu/scratch/datasets/DeepfakeDetection/facenet_smooth_frames/dfdc_train_part_7/lbxzrmgvfa.mp4/face_0.mp4"}},{"choice":"fake","left":"real","right":"fake","videoPair":{"real":"http://visiongpu23.csail.mit.edu/scratch/datasets/DeepfakeDetection/facenet_smooth_frames/dfdc_train_part_2/jtafajtmpv.mp4/face_0.mp4","fake":"http://visiongpu23.csail.mit.edu/scratch/datasets/DeepfakeDetection/facenet_smooth_frames/dfdc_train_part_1/yqauackjci.mp4/face_0.mp4"}},{"choice":"fake","left":"real","right":"fake","videoPair":{"real":"http://visiongpu23.csail.mit.edu/scratch/datasets/DeepfakeDetection/facenet_smooth_frames/dfdc_train_part_5/ebuebnxpdq.mp4/face_0.mp4","fake":"http://visiongpu23.csail.mit.edu/scratch/datasets/DeepfakeDetection/facenet_smooth_frames/dfdc_train_part_11/dnepnrozau.mp4/face_0.mp4"}},{"choice":"fake","left":"fake","right":"real","videoPair":{"real":"http://visiongpu23.csail.mit.edu/scratch/datasets/DeepfakeDetection/facenet_smooth_frames/dfdc_train_part_17/abviavonpo.mp4/face_0.mp4","fake":"http://visiongpu23.csail.mit.edu/scratch/datasets/DeepfakeDetection/facenet_smooth_frames/dfdc_train_part_6/hbebkyeksu.mp4/face_0.mp4"}},{"choice":"fake","left":"real","right":"fake","videoPair":{"real":"http://visiongpu23.csail.mit.edu/scratch/datasets/DeepfakeDetection/facenet_smooth_frames/dfdc_train_part_2/jfvhokkzmq.mp4/face_0.mp4","fake":"http://visiongpu23.csail.mit.edu/scratch/datasets/DeepfakeDetection/facenet_smooth_frames/dfdc_train_part_6/mfhoawwpvy.mp4/face_0.mp4"}},{"choice":"fake","left":"real","right":"fake","videoPair":{"real":"http://visiongpu23.csail.mit.edu/scratch/datasets/DeepfakeDetection/facenet_smooth_frames/dfdc_train_part_5/byahwgvhmf.mp4/face_0.mp4","fake":"http://visiongpu23.csail.mit.edu/scratch/datasets/DeepfakeDetection/facenet_smooth_frames/dfdc_train_part_1/abxtkdjyru.mp4/face_0.mp4"}},{"choice":"real","left":"fake","right":"real","videoPair":{"real":"http://visiongpu23.csail.mit.edu/scratch/datasets/DeepfakeDetection/facenet_smooth_frames/dfdc_train_part_6/bgebgmkxyc.mp4/face_0.mp4","fake":"http://visiongpu23.csail.mit.edu/scratch/datasets/DeepfakeDetection/facenet_smooth_frames/dfdc_train_part_6/ibyfsskmnp.mp4/face_0.mp4"}},{"choice":"fake","left":"fake","right":"real","videoPair":{"real":"http://visiongpu23.csail.mit.edu/scratch/datasets/DeepfakeDetection/facenet_smooth_frames/dfdc_train_part_2/bfjsthfhbd.mp4/face_0.mp4","fake":"http://visiongpu23.csail.mit.edu/scratch/datasets/DeepfakeDetection/facenet_smooth_frames/dfdc_train_part_7/hcqilphicl.mp4/face_0.mp4"}},{"choice":"fake","left":"real","right":"fake","videoPair":{"real":"http://visiongpu23.csail.mit.edu/scratch/datasets/DeepfakeDetection/facenet_smooth_frames/dfdc_train_part_7/njrcaurral.mp4/face_0.mp4","fake":"http://visiongpu23.csail.mit.edu/scratch/datasets/DeepfakeDetection/facenet_smooth_frames/dfdc_train_part_10/axrhyqpdte.mp4/face_0.mp4"}},{"choice":"fake","left":"fake","right":"real","videoPair":{"real":"http://visiongpu23.csail.mit.edu/scratch/datasets/DeepfakeDetection/facenet_smooth_frames/dfdc_train_part_2/qiyzfjrloz.mp4/face_0.mp4","fake":"http://visiongpu23.csail.mit.edu/scratch/datasets/DeepfakeDetection/facenet_smooth_frames/dfdc_train_part_6/jtkoizauow.mp4/face_0.mp4"}},{"choice":"fake","left":"real","right":"fake","videoPair":{"real":"http://visiongpu23.csail.mit.edu/scratch/datasets/DeepfakeDetection/facenet_smooth_frames/dfdc_train_part_2/yhjlnisfel.mp4/face_0.mp4","fake":"http://visiongpu23.csail.mit.edu/scratch/datasets/DeepfakeDetection/facenet_smooth_frames/dfdc_train_part_6/jhigeycavr.mp4/face_0.mp4"}},{"choice":"fake","left":"fake","right":"real","videoPair":{"real":"http://visiongpu23.csail.mit.edu/scratch/datasets/DeepfakeDetection/facenet_smooth_frames/dfdc_train_part_5/ihwwpkzcdn.mp4/face_0.mp4","fake":"http://visiongpu23.csail.mit.edu/scratch/datasets/DeepfakeDetection/facenet_smooth_frames/dfdc_train_part_10/cjjjchakav.mp4/face_0.mp4"}},{"choice":"real","left":"fake","right":"real","videoPair":{"real":"http://visiongpu23.csail.mit.edu/scratch/datasets/DeepfakeDetection/facenet_smooth_frames/dfdc_train_part_7/bjtbmyfoyq.mp4/face_0.mp4","fake":"http://visiongpu23.csail.mit.edu/scratch/datasets/DeepfakeDetection/facenet_smooth_frames/dfdc_train_part_6/gspxydfbup.mp4/face_0.mp4"}},{"choice":"fake","left":"fake","right":"real","videoPair":{"real":"http://visiongpu23.csail.mit.edu/scratch/datasets/DeepfakeDetection/facenet_smooth_frames/dfdc_train_part_6/lzexzlshim.mp4/face_0.mp4","fake":"http://visiongpu23.csail.mit.edu/scratch/datasets/DeepfakeDetection/facenet_smooth_frames/dfdc_train_part_6/elkewgkesd.mp4/face_0.mp4"}},{"choice":"fake","left":"real","right":"fake","videoPair":{"real":"http://visiongpu23.csail.mit.edu/scratch/datasets/DeepfakeDetection/facenet_smooth_frames/dfdc_train_part_1/gzbagbdubm.mp4/face_0.mp4","fake":"http://visiongpu23.csail.mit.edu/scratch/datasets/DeepfakeDetection/facenet_smooth_frames/dfdc_train_part_7/ckkcbibrkd.mp4/face_0.mp4"}},{"choice":"fake","left":"real","right":"fake","videoPair":{"real":"http://visiongpu23.csail.mit.edu/scratch/datasets/DeepfakeDetection/facenet_smooth_frames/dfdc_train_part_10/cgvpzbdvlh.mp4/face_0.mp4","fake":"http://visiongpu23.csail.mit.edu/scratch/datasets/DeepfakeDetection/facenet_smooth_frames/dfdc_train_part_6/bwcajtxluy.mp4/face_0.mp4"}},{"choice":"fake","left":"fake","right":"real","videoPair":{"real":"http://visiongpu23.csail.mit.edu/scratch/datasets/DeepfakeDetection/facenet_smooth_frames/dfdc_train_part_6/hplemlikjw.mp4/face_0.mp4","fake":"http://visiongpu23.csail.mit.edu/scratch/datasets/DeepfakeDetection/facenet_smooth_frames/dfdc_train_part_7/khfokvjkyt.mp4/face_0.mp4"}},{"choice":"fake","left":"fake","right":"real","videoPair":{"real":"http://visiongpu23.csail.mit.edu/scratch/datasets/DeepfakeDetection/facenet_smooth_frames/dfdc_train_part_1/xxzefxwyku.mp4/face_0.mp4","fake":"http://visiongpu23.csail.mit.edu/scratch/datasets/DeepfakeDetection/facenet_smooth_frames/dfdc_train_part_7/lrhoazzxij.mp4/face_0.mp4"}},{"choice":"fake","left":"real","right":"fake","videoPair":{"real":"http://visiongpu23.csail.mit.edu/scratch/datasets/DeepfakeDetection/facenet_smooth_frames/dfdc_train_part_7/ebxeniwdgc.mp4/face_0.mp4","fake":"http://visiongpu23.csail.mit.edu/scratch/datasets/DeepfakeDetection/facenet_smooth_frames/dfdc_train_part_6/jwtcthyuxh.mp4/face_0.mp4"}},{"choice":"fake","left":"real","right":"fake","videoPair":{"real":"http://visiongpu23.csail.mit.edu/scratch/datasets/DeepfakeDetection/facenet_smooth_frames/dfdc_train_part_6/cuqmhymyxk.mp4/face_0.mp4","fake":"http://visiongpu23.csail.mit.edu/scratch/datasets/DeepfakeDetection/facenet_smooth_frames/dfdc_train_part_6/jjlsdxbgmu.mp4/face_0.mp4"}},{"choice":"real","left":"fake","right":"real","videoPair":{"real":"http://visiongpu23.csail.mit.edu/scratch/datasets/DeepfakeDetection/facenet_smooth_frames/dfdc_train_part_2/pcoxcmtroa.mp4/face_0.mp4","fake":"http://visiongpu23.csail.mit.edu/scratch/datasets/DeepfakeDetection/facenet_smooth_frames/dfdc_train_part_6/guaxsdkngw.mp4/face_0.mp4"}},{"choice":"fake","left":"fake","right":"real","videoPair":{"real":"http://visiongpu23.csail.mit.edu/scratch/datasets/DeepfakeDetection/facenet_smooth_frames/dfdc_train_part_7/domsajovzs.mp4/face_0.mp4","fake":"http://visiongpu23.csail.mit.edu/scratch/datasets/DeepfakeDetection/facenet_smooth_frames/dfdc_train_part_7/kfvzdyhrhl.mp4/face_0.mp4"}},{"choice":"fake","left":"fake","right":"real","videoPair":{"real":"http://visiongpu23.csail.mit.edu/scratch/datasets/DeepfakeDetection/facenet_smooth_frames/dfdc_train_part_5/jlvqrgqhpw.mp4/face_0.mp4","fake":"http://visiongpu23.csail.mit.edu/scratch/datasets/DeepfakeDetection/facenet_smooth_frames/dfdc_train_part_7/htrfpzpiso.mp4/face_0.mp4"}},{"choice":"fake","left":"fake","right":"real","videoPair":{"real":"http://visiongpu23.csail.mit.edu/scratch/datasets/DeepfakeDetection/facenet_smooth_frames/dfdc_train_part_5/nvjdasvkoe.mp4/face_0.mp4","fake":"http://visiongpu23.csail.mit.edu/scratch/datasets/DeepfakeDetection/facenet_smooth_frames/dfdc_train_part_6/gkmzggwtvb.mp4/face_0.mp4"}},{"choice":"real","left":"real","right":"fake","videoPair":{"real":"http://visiongpu23.csail.mit.edu/scratch/datasets/DeepfakeDetection/facenet_smooth_frames/dfdc_train_part_2/ogghhskfdr.mp4/face_0.mp4","fake":"http://visiongpu23.csail.mit.edu/scratch/datasets/DeepfakeDetection/facenet_smooth_frames/dfdc_train_part_7/dewgobbsfq.mp4/face_0.mp4"}},{"choice":"fake","left":"real","right":"fake","videoPair":{"real":"http://visiongpu23.csail.mit.edu/scratch/datasets/DeepfakeDetection/facenet_smooth_frames/dfdc_train_part_10/cqlarprtdy.mp4/face_0.mp4","fake":"http://visiongpu23.csail.mit.edu/scratch/datasets/DeepfakeDetection/facenet_smooth_frames/dfdc_train_part_6/gnrdilopke.mp4/face_0.mp4"}},{"choice":"fake","left":"real","right":"fake","videoPair":{"real":"http://visiongpu23.csail.mit.edu/scratch/datasets/DeepfakeDetection/facenet_smooth_frames/dfdc_train_part_2/yronlutbgm.mp4/face_0.mp4","fake":"http://visiongpu23.csail.mit.edu/scratch/datasets/DeepfakeDetection/facenet_smooth_frames/dfdc_train_part_6/jfqladzfeb.mp4/face_0.mp4"}},{"choice":"fake","left":"real","right":"fake","videoPair":{"real":"http://visiongpu23.csail.mit.edu/scratch/datasets/DeepfakeDetection/facenet_smooth_frames/dfdc_train_part_7/lpdqfeicxe.mp4/face_0.mp4","fake":"http://visiongpu23.csail.mit.edu/scratch/datasets/DeepfakeDetection/facenet_smooth_frames/dfdc_train_part_7/exjspovhor.mp4/face_0.mp4"}},{"choice":"fake","left":"real","right":"fake","videoPair":{"real":"http://visiongpu23.csail.mit.edu/scratch/datasets/DeepfakeDetection/facenet_smooth_frames/dfdc_train_part_7/jpazwswbjj.mp4/face_0.mp4","fake":"http://visiongpu23.csail.mit.edu/scratch/datasets/DeepfakeDetection/facenet_smooth_frames/dfdc_train_part_7/haoogauyzr.mp4/face_0.mp4"}},{"choice":"fake","left":"real","right":"fake","videoPair":{"real":"http://visiongpu23.csail.mit.edu/scratch/datasets/DeepfakeDetection/facenet_smooth_frames/dfdc_train_part_2/mwxecbuidu.mp4/face_0.mp4","fake":"http://visiongpu23.csail.mit.edu/scratch/datasets/DeepfakeDetection/facenet_smooth_frames/dfdc_train_part_6/ggidptmvad.mp4/face_0.mp4"}},{"choice":"fake","left":"fake","right":"real","videoPair":{"real":"http://visiongpu23.csail.mit.edu/scratch/datasets/DeepfakeDetection/facenet_smooth_frames/dfdc_train_part_1/rmhsahyvta.mp4/face_0.mp4","fake":"http://visiongpu23.csail.mit.edu/scratch/datasets/DeepfakeDetection/facenet_smooth_frames/dfdc_train_part_7/ivapjffhns.mp4/face_0.mp4"}},{"choice":"fake","left":"fake","right":"real","videoPair":{"real":"http://visiongpu23.csail.mit.edu/scratch/datasets/DeepfakeDetection/facenet_smooth_frames/dfdc_train_part_7/dkjxtelpyg.mp4/face_0.mp4","fake":"http://visiongpu23.csail.mit.edu/scratch/datasets/DeepfakeDetection/facenet_smooth_frames/dfdc_train_part_11/ahdjlkjoiy.mp4/face_0.mp4"}},{"choice":"fake","left":"fake","right":"real","videoPair":{"real":"http://visiongpu23.csail.mit.edu/scratch/datasets/DeepfakeDetection/facenet_smooth_frames/dfdc_train_part_2/hkrhoronxv.mp4/face_0.mp4","fake":"http://visiongpu23.csail.mit.edu/scratch/datasets/DeepfakeDetection/facenet_smooth_frames/dfdc_train_part_7/fzaowpidqx.mp4/face_0.mp4"}},{"choice":"fake","left":"fake","right":"real","videoPair":{"real":"http://visiongpu23.csail.mit.edu/scratch/datasets/DeepfakeDetection/facenet_smooth_frames/dfdc_train_part_6/gwypcwesyg.mp4/face_0.mp4","fake":"http://visiongpu23.csail.mit.edu/scratch/datasets/DeepfakeDetection/facenet_smooth_frames/dfdc_train_part_6/lvsqhiisfx.mp4/face_0.mp4"}},{"choice":"fake","left":"fake","right":"real","videoPair":{"real":"http://visiongpu23.csail.mit.edu/scratch/datasets/DeepfakeDetection/facenet_smooth_frames/dfdc_train_part_2/ejhhokmvpe.mp4/face_0.mp4","fake":"http://visiongpu23.csail.mit.edu/scratch/datasets/DeepfakeDetection/facenet_smooth_frames/dfdc_train_part_6/lzhtvficnu.mp4/face_0.mp4"}},{"choice":"fake","left":"real","right":"fake","videoPair":{"real":"http://visiongpu23.csail.mit.edu/scratch/datasets/DeepfakeDetection/facenet_smooth_frames/dfdc_train_part_5/chqosjqjus.mp4/face_0.mp4","fake":"http://visiongpu23.csail.mit.edu/scratch/datasets/DeepfakeDetection/facenet_smooth_frames/dfdc_train_part_6/eraodsamyd.mp4/face_0.mp4"}},{"choice":"fake","left":"real","right":"fake","videoPair":{"real":"http://visiongpu23.csail.mit.edu/scratch/datasets/DeepfakeDetection/facenet_smooth_frames/dfdc_train_part_6/joxiekwyhw.mp4/face_0.mp4","fake":"http://visiongpu23.csail.mit.edu/scratch/datasets/DeepfakeDetection/facenet_smooth_frames/dfdc_train_part_6/baklbjkzeq.mp4/face_0.mp4"}},{"choice":"fake","left":"fake","right":"real","videoPair":{"real":"http://visiongpu23.csail.mit.edu/scratch/datasets/DeepfakeDetection/facenet_smooth_frames/dfdc_train_part_6/cqqcrpuail.mp4/face_0.mp4","fake":"http://visiongpu23.csail.mit.edu/scratch/datasets/DeepfakeDetection/facenet_smooth_frames/dfdc_train_part_7/nhcfgewaic.mp4/face_0.mp4"}},{"choice":"fake","left":"fake","right":"real","videoPair":{"real":"http://visiongpu23.csail.mit.edu/scratch/datasets/DeepfakeDetection/facenet_smooth_frames/dfdc_train_part_5/jinawwgxls.mp4/face_0.mp4","fake":"http://visiongpu23.csail.mit.edu/scratch/datasets/DeepfakeDetection/facenet_smooth_frames/dfdc_train_part_7/mdokgndttf.mp4/face_0.mp4"}},{"choice":"real","left":"fake","right":"real","videoPair":{"real":"http://visiongpu23.csail.mit.edu/scratch/datasets/DeepfakeDetection/facenet_smooth_frames/dfdc_train_part_0/hicjuubiau.mp4/face_0.mp4","fake":"http://visiongpu23.csail.mit.edu/scratch/datasets/DeepfakeDetection/facenet_smooth_frames/dfdc_train_part_0/jbxviammiv.mp4/face_0.mp4"}},{"choice":"fake","left":"fake","right":"real","videoPair":{"real":"http://visiongpu23.csail.mit.edu/scratch/datasets/DeepfakeDetection/facenet_smooth_frames/dfdc_train_part_2/ywxpquomgt.mp4/face_0.mp4","fake":"http://visiongpu23.csail.mit.edu/scratch/datasets/DeepfakeDetection/facenet_smooth_frames/dfdc_train_part_0/hdgfgvcoqk.mp4/face_0.mp4"}},{"choice":"fake","left":"fake","right":"real","videoPair":{"real":"http://visiongpu23.csail.mit.edu/scratch/datasets/DeepfakeDetection/facenet_smooth_frames/dfdc_train_part_6/eomsfwykap.mp4/face_0.mp4","fake":"http://visiongpu23.csail.mit.edu/scratch/datasets/DeepfakeDetection/facenet_smooth_frames/dfdc_train_part_6/bjxxsvwlzm.mp4/face_0.mp4"}},{"choice":"fake","left":"fake","right":"real","videoPair":{"real":"http://visiongpu23.csail.mit.edu/scratch/datasets/DeepfakeDetection/facenet_smooth_frames/dfdc_train_part_2/ylxwcwhjjd.mp4/face_0.mp4","fake":"http://visiongpu23.csail.mit.edu/scratch/datasets/DeepfakeDetection/facenet_smooth_frames/dfdc_train_part_6/lawnipsakn.mp4/face_0.mp4"}},{"choice":"fake","left":"fake","right":"real","videoPair":{"real":"http://visiongpu23.csail.mit.edu/scratch/datasets/DeepfakeDetection/facenet_smooth_frames/dfdc_train_part_5/ehtmhdbslm.mp4/face_0.mp4","fake":"http://visiongpu23.csail.mit.edu/scratch/datasets/DeepfakeDetection/facenet_smooth_frames/dfdc_train_part_11/avvmvlzkug.mp4/face_0.mp4"}},{"choice":"fake","left":"real","right":"fake","videoPair":{"real":"http://visiongpu23.csail.mit.edu/scratch/datasets/DeepfakeDetection/facenet_smooth_frames/dfdc_train_part_7/ighgptshjh.mp4/face_0.mp4","fake":"http://visiongpu23.csail.mit.edu/scratch/datasets/DeepfakeDetection/facenet_smooth_frames/dfdc_train_part_6/cbmhbmwxgc.mp4/face_0.mp4"}},{"choice":"fake","left":"real","right":"fake","videoPair":{"real":"http://visiongpu23.csail.mit.edu/scratch/datasets/DeepfakeDetection/facenet_smooth_frames/dfdc_train_part_6/crjvhcpwis.mp4/face_0.mp4","fake":"http://visiongpu23.csail.mit.edu/scratch/datasets/DeepfakeDetection/facenet_smooth_frames/dfdc_train_part_6/ilcpkujaxn.mp4/face_0.mp4"}},{"choice":"real","left":"real","right":"fake","videoPair":{"real":"http://visiongpu23.csail.mit.edu/scratch/datasets/DeepfakeDetection/facenet_smooth_frames/dfdc_train_part_2/nthpnwylxo.mp4/face_0.mp4","fake":"http://visiongpu23.csail.mit.edu/scratch/datasets/DeepfakeDetection/facenet_smooth_frames/dfdc_train_part_7/exdarcvuci.mp4/face_0.mp4"}},{"choice":"fake","left":"real","right":"fake","videoPair":{"real":"http://visiongpu23.csail.mit.edu/scratch/datasets/DeepfakeDetection/facenet_smooth_frames/dfdc_train_part_5/hepjjlvper.mp4/face_0.mp4","fake":"http://visiongpu23.csail.mit.edu/scratch/datasets/DeepfakeDetection/facenet_smooth_frames/dfdc_train_part_11/dicvhmhhkg.mp4/face_0.mp4"}},{"choice":"fake","left":"real","right":"fake","videoPair":{"real":"http://visiongpu23.csail.mit.edu/scratch/datasets/DeepfakeDetection/facenet_smooth_frames/dfdc_train_part_10/ceuicumdmo.mp4/face_0.mp4","fake":"http://visiongpu23.csail.mit.edu/scratch/datasets/DeepfakeDetection/facenet_smooth_frames/dfdc_train_part_6/feomtvzchx.mp4/face_0.mp4"}},{"choice":"fake","left":"fake","right":"real","videoPair":{"real":"http://visiongpu23.csail.mit.edu/scratch/datasets/DeepfakeDetection/facenet_smooth_frames/dfdc_train_part_5/nxisgwjymu.mp4/face_0.mp4","fake":"http://visiongpu23.csail.mit.edu/scratch/datasets/DeepfakeDetection/facenet_smooth_frames/dfdc_train_part_7/jhnrzqlhxk.mp4/face_0.mp4"}},{"choice":"fake","left":"real","right":"fake","videoPair":{"real":"http://visiongpu23.csail.mit.edu/scratch/datasets/DeepfakeDetection/facenet_smooth_frames/dfdc_train_part_7/cftfpsgzil.mp4/face_0.mp4","fake":"http://visiongpu23.csail.mit.edu/scratch/datasets/DeepfakeDetection/facenet_smooth_frames/dfdc_train_part_7/bkdjwhyojy.mp4/face_0.mp4"}},{"choice":"fake","left":"real","right":"fake","videoPair":{"real":"http://visiongpu23.csail.mit.edu/scratch/datasets/DeepfakeDetection/facenet_smooth_frames/dfdc_train_part_2/phvzvwsxtx.mp4/face_0.mp4","fake":"http://visiongpu23.csail.mit.edu/scratch/datasets/DeepfakeDetection/facenet_smooth_frames/dfdc_train_part_7/moewcmixoa.mp4/face_0.mp4"}},{"choice":"fake","left":"fake","right":"real","videoPair":{"real":"http://visiongpu23.csail.mit.edu/scratch/datasets/DeepfakeDetection/facenet_smooth_frames/dfdc_train_part_5/ailmasxkxb.mp4/face_0.mp4","fake":"http://visiongpu23.csail.mit.edu/scratch/datasets/DeepfakeDetection/facenet_smooth_frames/dfdc_train_part_7/hawtpqabpl.mp4/face_0.mp4"}},{"choice":"fake","left":"fake","right":"real","videoPair":{"real":"http://visiongpu23.csail.mit.edu/scratch/datasets/DeepfakeDetection/facenet_smooth_frames/dfdc_train_part_1/wixbuuzygv.mp4/face_0.mp4","fake":"http://visiongpu23.csail.mit.edu/scratch/datasets/DeepfakeDetection/facenet_smooth_frames/dfdc_train_part_7/nlamrwoqba.mp4/face_0.mp4"}},{"choice":"fake","left":"real","right":"fake","videoPair":{"real":"http://visiongpu23.csail.mit.edu/scratch/datasets/DeepfakeDetection/facenet_smooth_frames/dfdc_train_part_6/lmpgsfasor.mp4/face_0.mp4","fake":"http://visiongpu23.csail.mit.edu/scratch/datasets/DeepfakeDetection/facenet_smooth_frames/dfdc_train_part_6/kweimubylr.mp4/face_0.mp4"}},{"choice":"fake","left":"real","right":"fake","videoPair":{"real":"http://visiongpu23.csail.mit.edu/scratch/datasets/DeepfakeDetection/facenet_smooth_frames/dfdc_train_part_10/aftqqmiysd.mp4/face_0.mp4","fake":"http://visiongpu23.csail.mit.edu/scratch/datasets/DeepfakeDetection/facenet_smooth_frames/dfdc_train_part_1/dgubmmyddl.mp4/face_0.mp4"}},{"choice":"fake","left":"fake","right":"real","videoPair":{"real":"http://visiongpu23.csail.mit.edu/scratch/datasets/DeepfakeDetection/facenet_smooth_frames/dfdc_train_part_7/iovykwzdjv.mp4/face_0.mp4","fake":"http://visiongpu23.csail.mit.edu/scratch/datasets/DeepfakeDetection/facenet_smooth_frames/dfdc_train_part_6/fuicllzvcq.mp4/face_0.mp4"}},{"choice":"real","left":"fake","right":"real","videoPair":{"real":"http://visiongpu23.csail.mit.edu/scratch/datasets/DeepfakeDetection/facenet_smooth_frames/dfdc_train_part_5/gbvravevjt.mp4/face_0.mp4","fake":"http://visiongpu23.csail.mit.edu/scratch/datasets/DeepfakeDetection/facenet_smooth_frames/dfdc_train_part_6/lmfjyswesg.mp4/face_0.mp4"}},{"choice":"fake","left":"real","right":"fake","videoPair":{"real":"http://visiongpu23.csail.mit.edu/scratch/datasets/DeepfakeDetection/facenet_smooth_frames/dfdc_train_part_11/ammjmqtbdo.mp4/face_0.mp4","fake":"http://visiongpu23.csail.mit.edu/scratch/datasets/DeepfakeDetection/facenet_smooth_frames/dfdc_train_part_7/kpssytguof.mp4/face_0.mp4"}},{"choice":"fake","left":"real","right":"fake","videoPair":{"real":"http://visiongpu23.csail.mit.edu/scratch/datasets/DeepfakeDetection/facenet_smooth_frames/dfdc_train_part_2/xemhvuvgrn.mp4/face_0.mp4","fake":"http://visiongpu23.csail.mit.edu/scratch/datasets/DeepfakeDetection/facenet_smooth_frames/dfdc_train_part_10/bqsgbqtdct.mp4/face_0.mp4"}},{"choice":"fake","left":"fake","right":"real","videoPair":{"real":"http://visiongpu23.csail.mit.edu/scratch/datasets/DeepfakeDetection/facenet_smooth_frames/dfdc_train_part_2/siebfpwuhu.mp4/face_0.mp4","fake":"http://visiongpu23.csail.mit.edu/scratch/datasets/DeepfakeDetection/facenet_smooth_frames/dfdc_train_part_7/fdlxbqbjxm.mp4/face_0.mp4"}},{"choice":"fake","left":"real","right":"fake","videoPair":{"real":"http://visiongpu23.csail.mit.edu/scratch/datasets/DeepfakeDetection/facenet_smooth_frames/dfdc_train_part_5/iloqoarohp.mp4/face_0.mp4","fake":"http://visiongpu23.csail.mit.edu/scratch/datasets/DeepfakeDetection/facenet_smooth_frames/dfdc_train_part_7/ielojrzbhe.mp4/face_0.mp4"}},{"choice":"fake","left":"fake","right":"real","videoPair":{"real":"http://visiongpu23.csail.mit.edu/scratch/datasets/DeepfakeDetection/facenet_smooth_frames/dfdc_train_part_7/jcsqrhfgso.mp4/face_0.mp4","fake":"http://visiongpu23.csail.mit.edu/scratch/datasets/DeepfakeDetection/facenet_smooth_frames/dfdc_train_part_6/atpwgkaeet.mp4/face_0.mp4"}},{"choice":"real","left":"real","right":"fake","videoPair":{"real":"http://visiongpu23.csail.mit.edu/scratch/datasets/DeepfakeDetection/facenet_smooth_frames/dfdc_train_part_7/dbnrpkiwjx.mp4/face_0.mp4","fake":"http://visiongpu23.csail.mit.edu/scratch/datasets/DeepfakeDetection/facenet_smooth_frames/dfdc_train_part_6/ftdhdltxkx.mp4/face_0.mp4"}},{"choice":"fake","left":"fake","right":"real","videoPair":{"real":"http://visiongpu23.csail.mit.edu/scratch/datasets/DeepfakeDetection/facenet_smooth_frames/dfdc_train_part_7/apeftlgrqg.mp4/face_0.mp4","fake":"http://visiongpu23.csail.mit.edu/scratch/datasets/DeepfakeDetection/facenet_smooth_frames/dfdc_train_part_10/cpzbttbllo.mp4/face_0.mp4"}},{"choice":"fake","left":"fake","right":"real","videoPair":{"real":"http://visiongpu23.csail.mit.edu/scratch/datasets/DeepfakeDetection/facenet_smooth_frames/dfdc_train_part_2/gochxzemmq.mp4/face_0.mp4","fake":"http://visiongpu23.csail.mit.edu/scratch/datasets/DeepfakeDetection/facenet_smooth_frames/dfdc_train_part_6/gwbfvbqtwl.mp4/face_0.mp4"}},{"choice":"real","left":"fake","right":"real","videoPair":{"real":"http://visiongpu23.csail.mit.edu/scratch/datasets/DeepfakeDetection/facenet_smooth_frames/dfdc_train_part_6/izkvecvmid.mp4/face_0.mp4","fake":"http://visiongpu23.csail.mit.edu/scratch/datasets/DeepfakeDetection/facenet_smooth_frames/dfdc_train_part_17/agwgyxvxjp.mp4/face_0.mp4"}},{"choice":"fake","left":"fake","right":"real","videoPair":{"real":"http://visiongpu23.csail.mit.edu/scratch/datasets/DeepfakeDetection/facenet_smooth_frames/dfdc_train_part_6/feihhdwmcu.mp4/face_0.mp4","fake":"http://visiongpu23.csail.mit.edu/scratch/datasets/DeepfakeDetection/facenet_smooth_frames/dfdc_train_part_6/illxinqoez.mp4/face_0.mp4"}},{"choice":"fake","left":"real","right":"fake","videoPair":{"real":"http://visiongpu23.csail.mit.edu/scratch/datasets/DeepfakeDetection/facenet_smooth_frames/dfdc_train_part_6/aqfytexxbl.mp4/face_0.mp4","fake":"http://visiongpu23.csail.mit.edu/scratch/datasets/DeepfakeDetection/facenet_smooth_frames/dfdc_train_part_6/lvzaifdcio.mp4/face_0.mp4"}},{"choice":"fake","left":"real","right":"fake","videoPair":{"real":"http://visiongpu23.csail.mit.edu/scratch/datasets/DeepfakeDetection/facenet_smooth_frames/dfdc_train_part_7/mkcmhdexey.mp4/face_0.mp4","fake":"http://visiongpu23.csail.mit.edu/scratch/datasets/DeepfakeDetection/facenet_smooth_frames/dfdc_train_part_0/etychryvty.mp4/face_0.mp4"}},{"choice":"fake","left":"fake","right":"real","videoPair":{"real":"http://visiongpu23.csail.mit.edu/scratch/datasets/DeepfakeDetection/facenet_smooth_frames/dfdc_train_part_7/nlqyedaokg.mp4/face_0.mp4","fake":"http://visiongpu23.csail.mit.edu/scratch/datasets/DeepfakeDetection/facenet_smooth_frames/dfdc_train_part_7/kzdvuqacej.mp4/face_0.mp4"}},{"choice":"real","left":"real","right":"fake","videoPair":{"real":"http://visiongpu23.csail.mit.edu/scratch/datasets/DeepfakeDetection/facenet_smooth_frames/dfdc_train_part_1/lujvyveojc.mp4/face_0.mp4","fake":"http://visiongpu23.csail.mit.edu/scratch/datasets/DeepfakeDetection/facenet_smooth_frames/dfdc_train_part_6/jlhahahiqr.mp4/face_0.mp4"}},{"choice":"real","left":"real","right":"fake","videoPair":{"real":"http://visiongpu23.csail.mit.edu/scratch/datasets/DeepfakeDetection/facenet_smooth_frames/dfdc_train_part_1/bkuzquigyt.mp4/face_0.mp4","fake":"http://visiongpu23.csail.mit.edu/scratch/datasets/DeepfakeDetection/facenet_smooth_frames/dfdc_train_part_7/dcfuwvayco.mp4/face_0.mp4"}},{"choice":"fake","left":"real","right":"fake","videoPair":{"real":"http://visiongpu23.csail.mit.edu/scratch/datasets/DeepfakeDetection/facenet_smooth_frames/dfdc_train_part_6/aymwgrmlbt.mp4/face_0.mp4","fake":"http://visiongpu23.csail.mit.edu/scratch/datasets/DeepfakeDetection/facenet_smooth_frames/dfdc_train_part_11/aozvkebfza.mp4/face_0.mp4"}},{"choice":"fake","left":"real","right":"fake","videoPair":{"real":"http://visiongpu23.csail.mit.edu/scratch/datasets/DeepfakeDetection/facenet_smooth_frames/dfdc_train_part_5/fivdmorlbt.mp4/face_0.mp4","fake":"http://visiongpu23.csail.mit.edu/scratch/datasets/DeepfakeDetection/facenet_smooth_frames/dfdc_train_part_6/isejamimam.mp4/face_0.mp4"}},{"choice":"fake","left":"fake","right":"real","videoPair":{"real":"http://visiongpu23.csail.mit.edu/scratch/datasets/DeepfakeDetection/facenet_smooth_frames/dfdc_train_part_2/uhrqlmlclw.mp4/face_0.mp4","fake":"http://visiongpu23.csail.mit.edu/scratch/datasets/DeepfakeDetection/facenet_smooth_frames/dfdc_train_part_7/crekemdxff.mp4/face_0.mp4"}},{"choice":"fake","left":"fake","right":"real","videoPair":{"real":"http://visiongpu23.csail.mit.edu/scratch/datasets/DeepfakeDetection/facenet_smooth_frames/dfdc_train_part_2/tejfudfgpq.mp4/face_0.mp4","fake":"http://visiongpu23.csail.mit.edu/scratch/datasets/DeepfakeDetection/facenet_smooth_frames/dfdc_train_part_7/dowybibeqv.mp4/face_0.mp4"}},{"choice":"fake","left":"fake","right":"real","videoPair":{"real":"http://visiongpu23.csail.mit.edu/scratch/datasets/DeepfakeDetection/facenet_smooth_frames/dfdc_train_part_2/gxbkcxyfjm.mp4/face_0.mp4","fake":"http://visiongpu23.csail.mit.edu/scratch/datasets/DeepfakeDetection/facenet_smooth_frames/dfdc_train_part_11/aekvkkmfqi.mp4/face_0.mp4"}},{"choice":"fake","left":"fake","right":"real","videoPair":{"real":"http://visiongpu23.csail.mit.edu/scratch/datasets/DeepfakeDetection/facenet_smooth_frames/dfdc_train_part_11/ccdaqfjqft.mp4/face_0.mp4","fake":"http://visiongpu23.csail.mit.edu/scratch/datasets/DeepfakeDetection/facenet_smooth_frames/dfdc_train_part_6/gimfdwnnpj.mp4/face_0.mp4"}},{"choice":"fake","left":"real","right":"fake","videoPair":{"real":"http://visiongpu23.csail.mit.edu/scratch/datasets/DeepfakeDetection/facenet_smooth_frames/dfdc_train_part_6/hknucpztup.mp4/face_0.mp4","fake":"http://visiongpu23.csail.mit.edu/scratch/datasets/DeepfakeDetection/facenet_smooth_frames/dfdc_train_part_6/excjgrhggx.mp4/face_0.mp4"}},{"choice":"fake","left":"fake","right":"real","videoPair":{"real":"http://visiongpu23.csail.mit.edu/scratch/datasets/DeepfakeDetection/facenet_smooth_frames/dfdc_train_part_7/ekvvevzkyu.mp4/face_0.mp4","fake":"http://visiongpu23.csail.mit.edu/scratch/datasets/DeepfakeDetection/facenet_smooth_frames/dfdc_train_part_7/copybkdfji.mp4/face_0.mp4"}},{"choice":"fake","left":"fake","right":"real","videoPair":{"real":"http://visiongpu23.csail.mit.edu/scratch/datasets/DeepfakeDetection/facenet_smooth_frames/dfdc_train_part_1/qjqxfcgsyd.mp4/face_0.mp4","fake":"http://visiongpu23.csail.mit.edu/scratch/datasets/DeepfakeDetection/facenet_smooth_frames/dfdc_train_part_7/dgzrkiuhre.mp4/face_0.mp4"}},{"choice":"fake","left":"fake","right":"real","videoPair":{"real":"http://visiongpu23.csail.mit.edu/scratch/datasets/DeepfakeDetection/facenet_smooth_frames/dfdc_train_part_6/etinaehykw.mp4/face_0.mp4","fake":"http://visiongpu23.csail.mit.edu/scratch/datasets/DeepfakeDetection/facenet_smooth_frames/dfdc_train_part_6/hkisbnuknx.mp4/face_0.mp4"}},{"choice":"fake","left":"fake","right":"real","videoPair":{"real":"http://visiongpu23.csail.mit.edu/scratch/datasets/DeepfakeDetection/facenet_smooth_frames/dfdc_train_part_2/hierggamuo.mp4/face_0.mp4","fake":"http://visiongpu23.csail.mit.edu/scratch/datasets/DeepfakeDetection/facenet_smooth_frames/dfdc_train_part_6/dhspjmstbw.mp4/face_0.mp4"}},{"choice":"fake","left":"real","right":"fake","videoPair":{"real":"http://visiongpu23.csail.mit.edu/scratch/datasets/DeepfakeDetection/facenet_smooth_frames/dfdc_train_part_2/kezwvsxxzj.mp4/face_0.mp4","fake":"http://visiongpu23.csail.mit.edu/scratch/datasets/DeepfakeDetection/facenet_smooth_frames/dfdc_train_part_7/dqmptbhnvo.mp4/face_0.mp4"}},{"choice":"real","left":"real","right":"fake","videoPair":{"real":"http://visiongpu23.csail.mit.edu/scratch/datasets/DeepfakeDetection/facenet_smooth_frames/dfdc_train_part_7/jbpxyyacyj.mp4/face_0.mp4","fake":"http://visiongpu23.csail.mit.edu/scratch/datasets/DeepfakeDetection/facenet_smooth_frames/dfdc_train_part_6/esrxmtadkt.mp4/face_0.mp4"}}],"times":[54803.2050000038,2601.225000107661,1805.335000040941,1421.889999997802,1927.060000016354,2931.5049999859184,4151.64499997627,2788.090000045486,2793.8250000588596,2569.1800001077354,3472.799999988638,6689.399999915622,3545.579999918118,4899.140000110492,2303.4249999327585,5070.27999998536,2559.4900000141934,4763.060000026599,3718.0250000674278,5898.384999949485,5087.709999992512,2417.9000000003725,3153.7950000492856,3284.220000030473,3894.6800000267103,2602.294999989681,2874.8650000197813,1796.489999978803,1764.7649999707937,2568.529999931343,2166.840000078082,3921.210000058636,5089.789999998175,3952.6450000703335,1973.2949999161065,2488.154999911785,2412.144999951124,3000.3550000255927,2445.839999942109,2866.080000065267,2416.36999999173,4373.2949999393895,3655.7749999919906,2740.860000019893,4257.824999978766,4202.425000024959,2442.6649999804795,2083.059999975376,2201.4949999284,1922.5599999772385,3869.5699999807402,3107.495000003837,2483.6500000674278,2767.439999966882,1995.1650000875816,2450.1050000544637,2816.969999927096,1940.544999903068,1760.7100000604987,2809.7399999387562,2226.645000046119,1384.5250000013039,1394.5649999659508,2916.0150000825524,1964.4350000889972,3167.8000000538304,2193.874999997206,2426.5850000083447,2252.6500000385568,2888.3549999445677,5493.5600000899285,2072.550000040792,2395.464999950491,1945.4250000417233,3600.0599999679253,1519.0700000384822,2017.409999971278,5925.020000082441,2267.0400000642985,3912.2349999379367,1982.2649999987334,3105.9100000420585,3074.2849999805912,3181.304999976419,1904.8099999781698,3467.1650000382215,2690.3049999382347,1721.350000007078,4787.715000100434,3017.519999993965,1978.3400000305846,2287.6000000396743,4344.135000021197,3550.4049999872223,6086.260000010952,3334.459999925457,2665.335000026971,2651.6849999316037,2779.2350000236183,3544.6699999738485,2922.915000002831,2696.4399999706075,2323.9949999842793,3154.024999937974,5342.539999983273,3199.559999979101,2490.389999933541,1835.1349999429658,3172.635000082664,2881.8699999246746,1933.7550000054762,5905.325000057928,2361.9549999712035,2235.660000005737,1666.7299999389797,2130.989999976009,1506.5499999327585,2105.6050000479445,3014.9850000161678,2448.835000046529,1760.0000000093132,4962.709999992512,1545.3349999152124,1474.7450000140816,1665.114999981597,2842.8050000220537,1471.070000086911,2952.984999981709,1948.175000026822,2129.7350000822917,3049.115000059828,3186.530000064522,1499.004999990575,2275.705000036396,2202.735000057146,2432.600000058301,2771.379999932833,2810.0049999775365,2834.5700000645593,1395.7299999892712,1649.5300000533462,2787.1499999891967,2267.229999997653,2944.249999942258,2171.100000035949,2122.830000007525,2708.1600000383332,7055.309999966994,3784.169999998994,2012.8849999746308,1682.6149999396876,2150.2399999881163,3633.4400000050664,1833.4999999497086,2050.044999923557,1956.7500000121072,2305.430000065826,2434.4149999087676,3868.194999988191,3876.4450000599027,2482.7600000426173,2218.944999971427,2800.4049999872223,3218.1199999758974,3852.2750000702217,2435.0899999262765,2956.330000073649,5001.720000058413,4464.079999946989,3187.184999929741,5443.909999914467,2299.819999956526,2953.3250000094995,1557.0699999807402,2640.0650000432506,1710.6549999443814,1150.5049999104813,1844.2550000036135,4469.079999951646,3688.270000042394,1919.4650000426918,2339.2350000794977,2097.425000043586,1888.029999914579,2011.7099999915808,3099.2300000507385,1697.924999985844,3676.3300000457093,2488.9599999878556,3116.314999992028,2838.1700000027195,1637.3350000940263,2866.8899999465793,4266.824999940582,4185.69000007119,1660.7399999629706,4017.0149999903515,1801.744999946095,3526.869999943301,3175.610000034794,1456.2600000062957,4082.9049999592826,2530.5200000293553,5748.355000047013,2952.430000063032,2560.0000000558794,2247.594999964349,4293.16000000108,3647.1899999305606,3201.6649999422953],"nullify":[[2,1]]}