{"videoChoices":[{"choice":"real","left":"fake","right":"real","videoPair":{"real":"http://visiongpu23.csail.mit.edu/scratch/datasets/DeepfakeDetection/facenet_smooth_frames/dfdc_train_part_6/gorrghkrjt.mp4/face_0.mp4","fake":"http://visiongpu23.csail.mit.edu/scratch/datasets/DeepfakeDetection/facenet_smooth_frames/dfdc_train_part_7/mygbtknviz.mp4/face_0.mp4"}},{"choice":"fake","left":"real","right":"fake","videoPair":{"real":"http://visiongpu23.csail.mit.edu/scratch/datasets/DeepfakeDetection/facenet_smooth_frames/dfdc_train_part_6/alfjkgcvle.mp4/face_0.mp4","fake":"http://visiongpu23.csail.mit.edu/scratch/datasets/DeepfakeDetection/facenet_smooth_frames/dfdc_train_part_1/kwwdbsyzcv.mp4/face_0.mp4"}},{"choice":"real","left":"real","right":"fake","videoPair":{"real":"http://visiongpu23.csail.mit.edu/scratch/datasets/DeepfakeDetection/facenet_smooth_frames/dfdc_train_part_6/kevklcbpvi.mp4/face_0.mp4","fake":"http://visiongpu23.csail.mit.edu/scratch/datasets/DeepfakeDetection/facenet_smooth_frames/dfdc_train_part_6/ambqrofozt.mp4/face_0.mp4"}},{"choice":"fake","left":"real","right":"fake","videoPair":{"real":"http://visiongpu23.csail.mit.edu/scratch/datasets/DeepfakeDetection/facenet_smooth_frames/dfdc_train_part_6/iiwofjbuyu.mp4/face_0.mp4","fake":"http://visiongpu23.csail.mit.edu/scratch/datasets/DeepfakeDetection/facenet_smooth_frames/dfdc_train_part_6/hgrppcvjyx.mp4/face_0.mp4"}},{"choice":"fake","left":"real","right":"fake","videoPair":{"real":"http://visiongpu23.csail.mit.edu/scratch/datasets/DeepfakeDetection/facenet_smooth_frames/dfdc_train_part_6/bjpnibwoid.mp4/face_0.mp4","fake":"http://visiongpu23.csail.mit.edu/scratch/datasets/DeepfakeDetection/facenet_smooth_frames/dfdc_train_part_7/ogbjslmezh.mp4/face_0.mp4"}},{"choice":"fake","left":"fake","right":"real","videoPair":{"real":"http://visiongpu23.csail.mit.edu/scratch/datasets/DeepfakeDetection/facenet_smooth_frames/dfdc_train_part_7/kerpokjmkf.mp4/face_0.mp4","fake":"http://visiongpu23.csail.mit.edu/scratch/datasets/DeepfakeDetection/facenet_smooth_frames/dfdc_train_part_7/cohlqbfxzu.mp4/face_0.mp4"}},{"choice":"fake","left":"real","right":"fake","videoPair":{"real":"http://visiongpu23.csail.mit.edu/scratch/datasets/DeepfakeDetection/facenet_smooth_frames/dfdc_train_part_21/abxrjzzetq.mp4/face_0.mp4","fake":"http://visiongpu23.csail.mit.edu/scratch/datasets/DeepfakeDetection/facenet_smooth_frames/dfdc_train_part_6/bzxesmhumc.mp4/face_0.mp4"}},{"choice":"fake","left":"fake","right":"real","videoPair":{"real":"http://visiongpu23.csail.mit.edu/scratch/datasets/DeepfakeDetection/facenet_smooth_frames/dfdc_train_part_1/gylcfcozce.mp4/face_0.mp4","fake":"http://visiongpu23.csail.mit.edu/scratch/datasets/DeepfakeDetection/facenet_smooth_frames/dfdc_train_part_6/ibietyxlgw.mp4/face_0.mp4"}},{"choice":"fake","left":"real","right":"fake","videoPair":{"real":"http://visiongpu23.csail.mit.edu/scratch/datasets/DeepfakeDetection/facenet_smooth_frames/dfdc_train_part_6/cxxgfpikji.mp4/face_0.mp4","fake":"http://visiongpu23.csail.mit.edu/scratch/datasets/DeepfakeDetection/facenet_smooth_frames/dfdc_train_part_6/mltqdiesrj.mp4/face_0.mp4"}},{"choice":"fake","left":"real","right":"fake","videoPair":{"real":"http://visiongpu23.csail.mit.edu/scratch/datasets/DeepfakeDetection/facenet_smooth_frames/dfdc_train_part_5/mfyqcmjhln.mp4/face_0.mp4","fake":"http://visiongpu23.csail.mit.edu/scratch/datasets/DeepfakeDetection/facenet_smooth_frames/dfdc_train_part_6/gmhmyvumlw.mp4/face_0.mp4"}},{"choice":"fake","left":"fake","right":"real","videoPair":{"real":"http://visiongpu23.csail.mit.edu/scratch/datasets/DeepfakeDetection/facenet_smooth_frames/dfdc_train_part_5/mppjpwwcom.mp4/face_0.mp4","fake":"http://visiongpu23.csail.mit.edu/scratch/datasets/DeepfakeDetection/facenet_smooth_frames/dfdc_train_part_7/fpyfzjyybt.mp4/face_0.mp4"}},{"choice":"fake","left":"real","right":"fake","videoPair":{"real":"http://visiongpu23.csail.mit.edu/scratch/datasets/DeepfakeDetection/facenet_smooth_frames/dfdc_train_part_1/blszgmxkvu.mp4/face_0.mp4","fake":"http://visiongpu23.csail.mit.edu/scratch/datasets/DeepfakeDetection/facenet_smooth_frames/dfdc_train_part_6/iwdittzleo.mp4/face_0.mp4"}},{"choice":"real","left":"fake","right":"real","videoPair":{"real":"http://visiongpu23.csail.mit.edu/scratch/datasets/DeepfakeDetection/facenet_smooth_frames/dfdc_train_part_1/dzrrklwrgn.mp4/face_0.mp4","fake":"http://visiongpu23.csail.mit.edu/scratch/datasets/DeepfakeDetection/facenet_smooth_frames/dfdc_train_part_7/hcirwncxmn.mp4/face_0.mp4"}},{"choice":"fake","left":"fake","right":"real","videoPair":{"real":"http://visiongpu23.csail.mit.edu/scratch/datasets/DeepfakeDetection/facenet_smooth_frames/dfdc_train_part_2/uufozqkfkf.mp4/face_0.mp4","fake":"http://visiongpu23.csail.mit.edu/scratch/datasets/DeepfakeDetection/facenet_smooth_frames/dfdc_train_part_6/cilicvyqlx.mp4/face_0.mp4"}},{"choice":"fake","left":"fake","right":"real","videoPair":{"real":"http://visiongpu23.csail.mit.edu/scratch/datasets/DeepfakeDetection/facenet_smooth_frames/dfdc_train_part_0/chqqxfuuzi.mp4/face_0.mp4","fake":"http://visiongpu23.csail.mit.edu/scratch/datasets/DeepfakeDetection/facenet_smooth_frames/dfdc_train_part_7/mvhqiepvdi.mp4/face_0.mp4"}},{"choice":"fake","left":"real","right":"fake","videoPair":{"real":"http://visiongpu23.csail.mit.edu/scratch/datasets/DeepfakeDetection/facenet_smooth_frames/dfdc_train_part_5/gbqmtnsweh.mp4/face_0.mp4","fake":"http://visiongpu23.csail.mit.edu/scratch/datasets/DeepfakeDetection/facenet_smooth_frames/dfdc_train_part_6/agilfnldve.mp4/face_0.mp4"}},{"choice":"fake","left":"real","right":"fake","videoPair":{"real":"http://visiongpu23.csail.mit.edu/scratch/datasets/DeepfakeDetection/facenet_smooth_frames/dfdc_train_part_11/aphbjcscfn.mp4/face_0.mp4","fake":"http://visiongpu23.csail.mit.edu/scratch/datasets/DeepfakeDetection/facenet_smooth_frames/dfdc_train_part_10/bvkgmmcdxr.mp4/face_0.mp4"}},{"choice":"fake","left":"fake","right":"real","videoPair":{"real":"http://visiongpu23.csail.mit.edu/scratch/datasets/DeepfakeDetection/facenet_smooth_frames/dfdc_train_part_2/loxagpgfei.mp4/face_0.mp4","fake":"http://visiongpu23.csail.mit.edu/scratch/datasets/DeepfakeDetection/facenet_smooth_frames/dfdc_train_part_11/doejawfgnh.mp4/face_0.mp4"}},{"choice":"fake","left":"fake","right":"real","videoPair":{"real":"http://visiongpu23.csail.mit.edu/scratch/datasets/DeepfakeDetection/facenet_smooth_frames/dfdc_train_part_1/uonwfowmfa.mp4/face_0.mp4","fake":"http://visiongpu23.csail.mit.edu/scratch/datasets/DeepfakeDetection/facenet_smooth_frames/dfdc_train_part_7/nsyxopfoau.mp4/face_0.mp4"}},{"choice":"fake","left":"fake","right":"real","videoPair":{"real":"http://visiongpu23.csail.mit.edu/scratch/datasets/DeepfakeDetection/facenet_smooth_frames/dfdc_train_part_1/nzbgohmaja.mp4/face_0.mp4","fake":"http://visiongpu23.csail.mit.edu/scratch/datasets/DeepfakeDetection/facenet_smooth_frames/dfdc_train_part_1/eabjipvech.mp4/face_0.mp4"}},{"choice":"real","left":"fake","right":"real","videoPair":{"real":"http://visiongpu23.csail.mit.edu/scratch/datasets/DeepfakeDetection/facenet_smooth_frames/dfdc_train_part_7/llagpqxcma.mp4/face_0.mp4","fake":"http://visiongpu23.csail.mit.edu/scratch/datasets/DeepfakeDetection/facenet_smooth_frames/dfdc_train_part_7/dmaqwzrgkr.mp4/face_0.mp4"}},{"choice":"fake","left":"real","right":"fake","videoPair":{"real":"http://visiongpu23.csail.mit.edu/scratch/datasets/DeepfakeDetection/facenet_smooth_frames/dfdc_train_part_5/giwobcepvb.mp4/face_0.mp4","fake":"http://visiongpu23.csail.mit.edu/scratch/datasets/DeepfakeDetection/facenet_smooth_frames/dfdc_train_part_6/dfonxmosjd.mp4/face_0.mp4"}},{"choice":"real","left":"real","right":"fake","videoPair":{"real":"http://visiongpu23.csail.mit.edu/scratch/datasets/DeepfakeDetection/facenet_smooth_frames/dfdc_train_part_2/dsnxgrfdmd.mp4/face_0.mp4","fake":"http://visiongpu23.csail.mit.edu/scratch/datasets/DeepfakeDetection/facenet_smooth_frames/dfdc_train_part_6/jtroatfmaw.mp4/face_0.mp4"}},{"choice":"fake","left":"real","right":"fake","videoPair":{"real":"http://visiongpu23.csail.mit.edu/scratch/datasets/DeepfakeDetection/facenet_smooth_frames/dfdc_train_part_21/aanvfngndg.mp4/face_0.mp4","fake":"http://visiongpu23.csail.mit.edu/scratch/datasets/DeepfakeDetection/facenet_smooth_frames/dfdc_train_part_7/adaoqecjet.mp4/face_0.mp4"}},{"choice":"real","left":"real","right":"fake","videoPair":{"real":"http://visiongpu23.csail.mit.edu/scratch/datasets/DeepfakeDetection/facenet_smooth_frames/dfdc_train_part_11/blbvdywnbk.mp4/face_0.mp4","fake":"http://visiongpu23.csail.mit.edu/scratch/datasets/DeepfakeDetection/facenet_smooth_frames/dfdc_train_part_0/fhzdtfiqrh.mp4/face_0.mp4"}},{"choice":"fake","left":"real","right":"fake","videoPair":{"real":"http://visiongpu23.csail.mit.edu/scratch/datasets/DeepfakeDetection/facenet_smooth_frames/dfdc_train_part_7/nilxaonflk.mp4/face_0.mp4","fake":"http://visiongpu23.csail.mit.edu/scratch/datasets/DeepfakeDetection/facenet_smooth_frames/dfdc_train_part_0/atpngxfnhr.mp4/face_0.mp4"}},{"choice":"real","left":"real","right":"fake","videoPair":{"real":"http://visiongpu23.csail.mit.edu/scratch/datasets/DeepfakeDetection/facenet_smooth_frames/dfdc_train_part_11/brinacubmg.mp4/face_0.mp4","fake":"http://visiongpu23.csail.mit.edu/scratch/datasets/DeepfakeDetection/facenet_smooth_frames/dfdc_train_part_0/dolynaukae.mp4/face_0.mp4"}},{"choice":"fake","left":"real","right":"fake","videoPair":{"real":"http://visiongpu23.csail.mit.edu/scratch/datasets/DeepfakeDetection/facenet_smooth_frames/dfdc_train_part_6/auqgkzaacb.mp4/face_0.mp4","fake":"http://visiongpu23.csail.mit.edu/scratch/datasets/DeepfakeDetection/facenet_smooth_frames/dfdc_train_part_6/mdhtdtjett.mp4/face_0.mp4"}},{"choice":"fake","left":"real","right":"fake","videoPair":{"real":"http://visiongpu23.csail.mit.edu/scratch/datasets/DeepfakeDetection/facenet_smooth_frames/dfdc_train_part_2/qswlzfgcgj.mp4/face_0.mp4","fake":"http://visiongpu23.csail.mit.edu/scratch/datasets/DeepfakeDetection/facenet_smooth_frames/dfdc_train_part_11/bxdhawuldp.mp4/face_0.mp4"}},{"choice":"real","left":"real","right":"fake","videoPair":{"real":"http://visiongpu23.csail.mit.edu/scratch/datasets/DeepfakeDetection/facenet_smooth_frames/dfdc_train_part_5/gppvbusobq.mp4/face_0.mp4","fake":"http://visiongpu23.csail.mit.edu/scratch/datasets/DeepfakeDetection/facenet_smooth_frames/dfdc_train_part_1/jwqvujrofw.mp4/face_0.mp4"}},{"choice":"fake","left":"fake","right":"real","videoPair":{"real":"http://visiongpu23.csail.mit.edu/scratch/datasets/DeepfakeDetection/facenet_smooth_frames/dfdc_train_part_7/bwtbedxpxf.mp4/face_0.mp4","fake":"http://visiongpu23.csail.mit.edu/scratch/datasets/DeepfakeDetection/facenet_smooth_frames/dfdc_train_part_6/mjsdygsjds.mp4/face_0.mp4"}},{"choice":"fake","left":"real","right":"fake","videoPair":{"real":"http://visiongpu23.csail.mit.edu/scratch/datasets/DeepfakeDetection/facenet_smooth_frames/dfdc_train_part_5/kxvowszzuo.mp4/face_0.mp4","fake":"http://visiongpu23.csail.mit.edu/scratch/datasets/DeepfakeDetection/facenet_smooth_frames/dfdc_train_part_6/kaqlfhpxoc.mp4/face_0.mp4"}},{"choice":"fake","left":"real","right":"fake","videoPair":{"real":"http://visiongpu23.csail.mit.edu/scratch/datasets/DeepfakeDetection/facenet_smooth_frames/dfdc_train_part_7/dyolakhvvw.mp4/face_0.mp4","fake":"http://visiongpu23.csail.mit.edu/scratch/datasets/DeepfakeDetection/facenet_smooth_frames/dfdc_train_part_7/irxrvprqqi.mp4/face_0.mp4"}},{"choice":"fake","left":"real","right":"fake","videoPair":{"real":"http://visiongpu23.csail.mit.edu/scratch/datasets/DeepfakeDetection/facenet_smooth_frames/dfdc_train_part_6/dofnhnvaxq.mp4/face_0.mp4","fake":"http://visiongpu23.csail.mit.edu/scratch/datasets/DeepfakeDetection/facenet_smooth_frames/dfdc_train_part_1/tgyyqyyfau.mp4/face_0.mp4"}},{"choice":"fake","left":"fake","right":"real","videoPair":{"real":"http://visiongpu23.csail.mit.edu/scratch/datasets/DeepfakeDetection/facenet_smooth_frames/dfdc_train_part_6/eseqomravm.mp4/face_0.mp4","fake":"http://visiongpu23.csail.mit.edu/scratch/datasets/DeepfakeDetection/facenet_smooth_frames/dfdc_train_part_6/dibgdfklfh.mp4/face_0.mp4"}},{"choice":"real","left":"real","right":"fake","videoPair":{"real":"http://visiongpu23.csail.mit.edu/scratch/datasets/DeepfakeDetection/facenet_smooth_frames/dfdc_train_part_7/engsjjoxfe.mp4/face_0.mp4","fake":"http://visiongpu23.csail.mit.edu/scratch/datasets/DeepfakeDetection/facenet_smooth_frames/dfdc_train_part_1/tlmlrntoxs.mp4/face_0.mp4"}},{"choice":"fake","left":"real","right":"fake","videoPair":{"real":"http://visiongpu23.csail.mit.edu/scratch/datasets/DeepfakeDetection/facenet_smooth_frames/dfdc_train_part_2/mdlwompdxe.mp4/face_0.mp4","fake":"http://visiongpu23.csail.mit.edu/scratch/datasets/DeepfakeDetection/facenet_smooth_frames/dfdc_train_part_6/bzhvpxtkks.mp4/face_0.mp4"}},{"choice":"fake","left":"real","right":"fake","videoPair":{"real":"http://visiongpu23.csail.mit.edu/scratch/datasets/DeepfakeDetection/facenet_smooth_frames/dfdc_train_part_10/crlftkllsd.mp4/face_0.mp4","fake":"http://visiongpu23.csail.mit.edu/scratch/datasets/DeepfakeDetection/facenet_smooth_frames/dfdc_train_part_6/cpezrspnjr.mp4/face_0.mp4"}},{"choice":"fake","left":"real","right":"fake","videoPair":{"real":"http://visiongpu23.csail.mit.edu/scratch/datasets/DeepfakeDetection/facenet_smooth_frames/dfdc_train_part_2/bkcyglmfci.mp4/face_0.mp4","fake":"http://visiongpu23.csail.mit.edu/scratch/datasets/DeepfakeDetection/facenet_smooth_frames/dfdc_train_part_7/jcjbfjuidx.mp4/face_0.mp4"}},{"choice":"real","left":"fake","right":"real","videoPair":{"real":"http://visiongpu23.csail.mit.edu/scratch/datasets/DeepfakeDetection/facenet_smooth_frames/dfdc_train_part_5/dihuyqyqps.mp4/face_0.mp4","fake":"http://visiongpu23.csail.mit.edu/scratch/datasets/DeepfakeDetection/facenet_smooth_frames/dfdc_train_part_11/bahpguunin.mp4/face_0.mp4"}},{"choice":"fake","left":"fake","right":"real","videoPair":{"real":"http://visiongpu23.csail.mit.edu/scratch/datasets/DeepfakeDetection/facenet_smooth_frames/dfdc_train_part_1/fmhiujydwo.mp4/face_0.mp4","fake":"http://visiongpu23.csail.mit.edu/scratch/datasets/DeepfakeDetection/facenet_smooth_frames/dfdc_train_part_7/aatzuimcwr.mp4/face_0.mp4"}},{"choice":"fake","left":"fake","right":"real","videoPair":{"real":"http://visiongpu23.csail.mit.edu/scratch/datasets/DeepfakeDetection/facenet_smooth_frames/dfdc_train_part_7/lmgbrxnyjk.mp4/face_0.mp4","fake":"http://visiongpu23.csail.mit.edu/scratch/datasets/DeepfakeDetection/facenet_smooth_frames/dfdc_train_part_6/bkfkiejtle.mp4/face_0.mp4"}},{"choice":"fake","left":"real","right":"fake","videoPair":{"real":"http://visiongpu23.csail.mit.edu/scratch/datasets/DeepfakeDetection/facenet_smooth_frames/dfdc_train_part_5/dpilxkugfs.mp4/face_0.mp4","fake":"http://visiongpu23.csail.mit.edu/scratch/datasets/DeepfakeDetection/facenet_smooth_frames/dfdc_train_part_6/iehcphzizv.mp4/face_0.mp4"}},{"choice":"fake","left":"real","right":"fake","videoPair":{"real":"http://visiongpu23.csail.mit.edu/scratch/datasets/DeepfakeDetection/facenet_smooth_frames/dfdc_train_part_5/fimhhyetym.mp4/face_0.mp4","fake":"http://visiongpu23.csail.mit.edu/scratch/datasets/DeepfakeDetection/facenet_smooth_frames/dfdc_train_part_7/nuimkdzsrq.mp4/face_0.mp4"}},{"choice":"fake","left":"real","right":"fake","videoPair":{"real":"http://visiongpu23.csail.mit.edu/scratch/datasets/DeepfakeDetection/facenet_smooth_frames/dfdc_train_part_2/zfnbkyefuh.mp4/face_0.mp4","fake":"http://visiongpu23.csail.mit.edu/scratch/datasets/DeepfakeDetection/facenet_smooth_frames/dfdc_train_part_7/fpapndwupg.mp4/face_0.mp4"}},{"choice":"real","left":"real","right":"fake","videoPair":{"real":"http://visiongpu23.csail.mit.edu/scratch/datasets/DeepfakeDetection/facenet_smooth_frames/dfdc_train_part_5/feubajatmw.mp4/face_0.mp4","fake":"http://visiongpu23.csail.mit.edu/scratch/datasets/DeepfakeDetection/facenet_smooth_frames/dfdc_train_part_6/isjlagxruy.mp4/face_0.mp4"}},{"choice":"fake","left":"real","right":"fake","videoPair":{"real":"http://visiongpu23.csail.mit.edu/scratch/datasets/DeepfakeDetection/facenet_smooth_frames/dfdc_train_part_2/bfajruognp.mp4/face_0.mp4","fake":"http://visiongpu23.csail.mit.edu/scratch/datasets/DeepfakeDetection/facenet_smooth_frames/dfdc_train_part_11/annaogdkfj.mp4/face_0.mp4"}},{"choice":"fake","left":"real","right":"fake","videoPair":{"real":"http://visiongpu23.csail.mit.edu/scratch/datasets/DeepfakeDetection/facenet_smooth_frames/dfdc_train_part_10/cfiujbglvp.mp4/face_0.mp4","fake":"http://visiongpu23.csail.mit.edu/scratch/datasets/DeepfakeDetection/facenet_smooth_frames/dfdc_train_part_17/ajnaarnfdw.mp4/face_0.mp4"}},{"choice":"fake","left":"real","right":"fake","videoPair":{"real":"http://visiongpu23.csail.mit.edu/scratch/datasets/DeepfakeDetection/facenet_smooth_frames/dfdc_train_part_2/orkccpsdba.mp4/face_0.mp4","fake":"http://visiongpu23.csail.mit.edu/scratch/datasets/DeepfakeDetection/facenet_smooth_frames/dfdc_train_part_6/gwmnrkbdsq.mp4/face_0.mp4"}},{"choice":"fake","left":"fake","right":"real","videoPair":{"real":"http://visiongpu23.csail.mit.edu/scratch/datasets/DeepfakeDetection/facenet_smooth_frames/dfdc_train_part_5/gefwxtpjiz.mp4/face_0.mp4","fake":"http://visiongpu23.csail.mit.edu/scratch/datasets/DeepfakeDetection/facenet_smooth_frames/dfdc_train_part_7/fmjtcrdfmm.mp4/face_0.mp4"}},{"choice":"fake","left":"real","right":"fake","videoPair":{"real":"http://visiongpu23.csail.mit.edu/scratch/datasets/DeepfakeDetection/facenet_smooth_frames/dfdc_train_part_11/ctmaffxlnx.mp4/face_0.mp4","fake":"http://visiongpu23.csail.mit.edu/scratch/datasets/DeepfakeDetection/facenet_smooth_frames/dfdc_train_part_0/cqtxrekabh.mp4/face_0.mp4"}},{"choice":"fake","left":"fake","right":"real","videoPair":{"real":"http://visiongpu23.csail.mit.edu/scratch/datasets/DeepfakeDetection/facenet_smooth_frames/dfdc_train_part_17/akqfwqfyck.mp4/face_0.mp4","fake":"http://visiongpu23.csail.mit.edu/scratch/datasets/DeepfakeDetection/facenet_smooth_frames/dfdc_train_part_7/hhvuhtweqi.mp4/face_0.mp4"}},{"choice":"fake","left":"fake","right":"real","videoPair":{"real":"http://visiongpu23.csail.mit.edu/scratch/datasets/DeepfakeDetection/facenet_smooth_frames/dfdc_train_part_7/iwfqatwnfa.mp4/face_0.mp4","fake":"http://visiongpu23.csail.mit.edu/scratch/datasets/DeepfakeDetection/facenet_smooth_frames/dfdc_train_part_7/kkfgefeqfr.mp4/face_0.mp4"}},{"choice":"fake","left":"real","right":"fake","videoPair":{"real":"http://visiongpu23.csail.mit.edu/scratch/datasets/DeepfakeDetection/facenet_smooth_frames/dfdc_train_part_2/vhsbatxysm.mp4/face_0.mp4","fake":"http://visiongpu23.csail.mit.edu/scratch/datasets/DeepfakeDetection/facenet_smooth_frames/dfdc_train_part_6/ajrhthktnq.mp4/face_0.mp4"}},{"choice":"real","left":"fake","right":"real","videoPair":{"real":"http://visiongpu23.csail.mit.edu/scratch/datasets/DeepfakeDetection/facenet_smooth_frames/dfdc_train_part_6/cfgotyucqv.mp4/face_0.mp4","fake":"http://visiongpu23.csail.mit.edu/scratch/datasets/DeepfakeDetection/facenet_smooth_frames/dfdc_train_part_7/kusktcqily.mp4/face_0.mp4"}},{"choice":"fake","left":"real","right":"fake","videoPair":{"real":"http://visiongpu23.csail.mit.edu/scratch/datasets/DeepfakeDetection/facenet_smooth_frames/dfdc_train_part_2/wqsveixiyo.mp4/face_0.mp4","fake":"http://visiongpu23.csail.mit.edu/scratch/datasets/DeepfakeDetection/facenet_smooth_frames/dfdc_train_part_7/fsxpbqfgub.mp4/face_0.mp4"}},{"choice":"fake","left":"fake","right":"real","videoPair":{"real":"http://visiongpu23.csail.mit.edu/scratch/datasets/DeepfakeDetection/facenet_smooth_frames/dfdc_train_part_5/jswunuyhcq.mp4/face_0.mp4","fake":"http://visiongpu23.csail.mit.edu/scratch/datasets/DeepfakeDetection/facenet_smooth_frames/dfdc_train_part_6/mdfozxrfwy.mp4/face_0.mp4"}},{"choice":"fake","left":"fake","right":"real","videoPair":{"real":"http://visiongpu23.csail.mit.edu/scratch/datasets/DeepfakeDetection/facenet_smooth_frames/dfdc_train_part_5/mocynzouym.mp4/face_0.mp4","fake":"http://visiongpu23.csail.mit.edu/scratch/datasets/DeepfakeDetection/facenet_smooth_frames/dfdc_train_part_11/cgwdrfwtyz.mp4/face_0.mp4"}},{"choice":"fake","left":"real","right":"fake","videoPair":{"real":"http://visiongpu23.csail.mit.edu/scratch/datasets/DeepfakeDetection/facenet_smooth_frames/dfdc_train_part_5/hbotpzjkuc.mp4/face_0.mp4","fake":"http://visiongpu23.csail.mit.edu/scratch/datasets/DeepfakeDetection/facenet_smooth_frames/dfdc_train_part_0/hjxckindzx.mp4/face_0.mp4"}},{"choice":"real","left":"real","right":"fake","videoPair":{"real":"http://visiongpu23.csail.mit.edu/scratch/datasets/DeepfakeDetection/facenet_smooth_frames/dfdc_train_part_6/fhhpgvcqoh.mp4/face_0.mp4","fake":"http://visiongpu23.csail.mit.edu/scratch/datasets/DeepfakeDetection/facenet_smooth_frames/dfdc_train_part_11/besbeekiaz.mp4/face_0.mp4"}},{"choice":"fake","left":"fake","right":"real","videoPair":{"real":"http://visiongpu23.csail.mit.edu/scratch/datasets/DeepfakeDetection/facenet_smooth_frames/dfdc_train_part_11/cazdiesnim.mp4/face_0.mp4","fake":"http://visiongpu23.csail.mit.edu/scratch/datasets/DeepfakeDetection/facenet_smooth_frames/dfdc_train_part_7/jqdxklmzfb.mp4/face_0.mp4"}},{"choice":"real","left":"fake","right":"real","videoPair":{"real":"http://visiongpu23.csail.mit.edu/scratch/datasets/DeepfakeDetection/facenet_smooth_frames/dfdc_train_part_7/knkhspjotx.mp4/face_0.mp4","fake":"http://visiongpu23.csail.mit.edu/scratch/datasets/DeepfakeDetection/facenet_smooth_frames/dfdc_train_part_10/accfhmtiuj.mp4/face_0.mp4"}},{"choice":"fake","left":"real","right":"fake","videoPair":{"real":"http://visiongpu23.csail.mit.edu/scratch/datasets/DeepfakeDetection/facenet_smooth_frames/dfdc_train_part_1/hhhvnhhqsc.mp4/face_0.mp4","fake":"http://visiongpu23.csail.mit.edu/scratch/datasets/DeepfakeDetection/facenet_smooth_frames/dfdc_train_part_0/hqzwudvhih.mp4/face_0.mp4"}},{"choice":"fake","left":"fake","right":"real","videoPair":{"real":"http://visiongpu23.csail.mit.edu/scratch/datasets/DeepfakeDetection/facenet_smooth_frames/dfdc_train_part_1/mkzaekkvej.mp4/face_0.mp4","fake":"http://visiongpu23.csail.mit.edu/scratch/datasets/DeepfakeDetection/facenet_smooth_frames/dfdc_train_part_6/gveeswbyyt.mp4/face_0.mp4"}},{"choice":"fake","left":"real","right":"fake","videoPair":{"real":"http://visiongpu23.csail.mit.edu/scratch/datasets/DeepfakeDetection/facenet_smooth_frames/dfdc_train_part_6/hzxufkpwhg.mp4/face_0.mp4","fake":"http://visiongpu23.csail.mit.edu/scratch/datasets/DeepfakeDetection/facenet_smooth_frames/dfdc_train_part_6/gpornvqtvz.mp4/face_0.mp4"}},{"choice":"real","left":"fake","right":"real","videoPair":{"real":"http://visiongpu23.csail.mit.edu/scratch/datasets/DeepfakeDetection/facenet_smooth_frames/dfdc_train_part_5/cxobtfqqqo.mp4/face_0.mp4","fake":"http://visiongpu23.csail.mit.edu/scratch/datasets/DeepfakeDetection/facenet_smooth_frames/dfdc_train_part_21/aabuyfvwrh.mp4/face_0.mp4"}},{"choice":"fake","left":"real","right":"fake","videoPair":{"real":"http://visiongpu23.csail.mit.edu/scratch/datasets/DeepfakeDetection/facenet_smooth_frames/dfdc_train_part_5/bnhejkbtyq.mp4/face_0.mp4","fake":"http://visiongpu23.csail.mit.edu/scratch/datasets/DeepfakeDetection/facenet_smooth_frames/dfdc_train_part_7/lvrlrbgrdp.mp4/face_0.mp4"}},{"choice":"fake","left":"real","right":"fake","videoPair":{"real":"http://visiongpu23.csail.mit.edu/scratch/datasets/DeepfakeDetection/facenet_smooth_frames/dfdc_train_part_2/ggzjfrirjh.mp4/face_0.mp4","fake":"http://visiongpu23.csail.mit.edu/scratch/datasets/DeepfakeDetection/facenet_smooth_frames/dfdc_train_part_6/gimbpphhrr.mp4/face_0.mp4"}},{"choice":"fake","left":"real","right":"fake","videoPair":{"real":"http://visiongpu23.csail.mit.edu/scratch/datasets/DeepfakeDetection/facenet_smooth_frames/dfdc_train_part_7/jxrejahpqa.mp4/face_0.mp4","fake":"http://visiongpu23.csail.mit.edu/scratch/datasets/DeepfakeDetection/facenet_smooth_frames/dfdc_train_part_7/ivppedrozi.mp4/face_0.mp4"}},{"choice":"fake","left":"real","right":"fake","videoPair":{"real":"http://visiongpu23.csail.mit.edu/scratch/datasets/DeepfakeDetection/facenet_smooth_frames/dfdc_train_part_2/jjycletzyl.mp4/face_0.mp4","fake":"http://visiongpu23.csail.mit.edu/scratch/datasets/DeepfakeDetection/facenet_smooth_frames/dfdc_train_part_10/bqeqdwugwm.mp4/face_0.mp4"}},{"choice":"fake","left":"real","right":"fake","videoPair":{"real":"http://visiongpu23.csail.mit.edu/scratch/datasets/DeepfakeDetection/facenet_smooth_frames/dfdc_train_part_1/eynxajczkd.mp4/face_0.mp4","fake":"http://visiongpu23.csail.mit.edu/scratch/datasets/DeepfakeDetection/facenet_smooth_frames/dfdc_train_part_6/kcwsyzjwfw.mp4/face_0.mp4"}},{"choice":"fake","left":"fake","right":"real","videoPair":{"real":"http://visiongpu23.csail.mit.edu/scratch/datasets/DeepfakeDetection/facenet_smooth_frames/dfdc_train_part_2/fglewmddcn.mp4/face_0.mp4","fake":"http://visiongpu23.csail.mit.edu/scratch/datasets/DeepfakeDetection/facenet_smooth_frames/dfdc_train_part_7/fbauuanxsc.mp4/face_0.mp4"}},{"choice":"fake","left":"fake","right":"real","videoPair":{"real":"http://visiongpu23.csail.mit.edu/scratch/datasets/DeepfakeDetection/facenet_smooth_frames/dfdc_train_part_5/ggpxsyidcv.mp4/face_0.mp4","fake":"http://visiongpu23.csail.mit.edu/scratch/datasets/DeepfakeDetection/facenet_smooth_frames/dfdc_train_part_7/eduorgiuji.mp4/face_0.mp4"}},{"choice":"fake","left":"real","right":"fake","videoPair":{"real":"http://visiongpu23.csail.mit.edu/scratch/datasets/DeepfakeDetection/facenet_smooth_frames/dfdc_train_part_2/btdxnajogv.mp4/face_0.mp4","fake":"http://visiongpu23.csail.mit.edu/scratch/datasets/DeepfakeDetection/facenet_smooth_frames/dfdc_train_part_1/bnaqqefxll.mp4/face_0.mp4"}},{"choice":"real","left":"real","right":"fake","videoPair":{"real":"http://visiongpu23.csail.mit.edu/scratch/datasets/DeepfakeDetection/facenet_smooth_frames/dfdc_train_part_7/dkntaifhkt.mp4/face_0.mp4","fake":"http://visiongpu23.csail.mit.edu/scratch/datasets/DeepfakeDetection/facenet_smooth_frames/dfdc_train_part_6/bhhyypufqy.mp4/face_0.mp4"}},{"choice":"real","left":"fake","right":"real","videoPair":{"real":"http://visiongpu23.csail.mit.edu/scratch/datasets/DeepfakeDetection/facenet_smooth_frames/dfdc_train_part_6/awqlgqazkz.mp4/face_0.mp4","fake":"http://visiongpu23.csail.mit.edu/scratch/datasets/DeepfakeDetection/facenet_smooth_frames/dfdc_train_part_10/ceuokdpayk.mp4/face_0.mp4"}},{"choice":"real","left":"real","right":"fake","videoPair":{"real":"http://visiongpu23.csail.mit.edu/scratch/datasets/DeepfakeDetection/facenet_smooth_frames/dfdc_train_part_7/mxrnlrylrq.mp4/face_0.mp4","fake":"http://visiongpu23.csail.mit.edu/scratch/datasets/DeepfakeDetection/facenet_smooth_frames/dfdc_train_part_0/fydhhlvjsj.mp4/face_0.mp4"}},{"choice":"real","left":"fake","right":"real","videoPair":{"real":"http://visiongpu23.csail.mit.edu/scratch/datasets/DeepfakeDetection/facenet_smooth_frames/dfdc_train_part_1/wfihvsniyz.mp4/face_0.mp4","fake":"http://visiongpu23.csail.mit.edu/scratch/datasets/DeepfakeDetection/facenet_smooth_frames/dfdc_train_part_6/jaeeeffypa.mp4/face_0.mp4"}},{"choice":"fake","left":"real","right":"fake","videoPair":{"real":"http://visiongpu23.csail.mit.edu/scratch/datasets/DeepfakeDetection/facenet_smooth_frames/dfdc_train_part_7/egkaufznwj.mp4/face_0.mp4","fake":"http://visiongpu23.csail.mit.edu/scratch/datasets/DeepfakeDetection/facenet_smooth_frames/dfdc_train_part_11/cjmkgrsply.mp4/face_0.mp4"}},{"choice":"real","left":"fake","right":"real","videoPair":{"real":"http://visiongpu23.csail.mit.edu/scratch/datasets/DeepfakeDetection/facenet_smooth_frames/dfdc_train_part_1/xjzmkuxskq.mp4/face_0.mp4","fake":"http://visiongpu23.csail.mit.edu/scratch/datasets/DeepfakeDetection/facenet_smooth_frames/dfdc_train_part_6/hkittssyzx.mp4/face_0.mp4"}},{"choice":"fake","left":"fake","right":"real","videoPair":{"real":"http://visiongpu23.csail.mit.edu/scratch/datasets/DeepfakeDetection/facenet_smooth_frames/dfdc_train_part_1/bcbqxhziqz.mp4/face_0.mp4","fake":"http://visiongpu23.csail.mit.edu/scratch/datasets/DeepfakeDetection/facenet_smooth_frames/dfdc_train_part_6/gejhnvzcyc.mp4/face_0.mp4"}},{"choice":"fake","left":"fake","right":"real","videoPair":{"real":"http://visiongpu23.csail.mit.edu/scratch/datasets/DeepfakeDetection/facenet_smooth_frames/dfdc_train_part_21/ajconjiwey.mp4/face_0.mp4","fake":"http://visiongpu23.csail.mit.edu/scratch/datasets/DeepfakeDetection/facenet_smooth_frames/dfdc_train_part_7/aebenljufi.mp4/face_0.mp4"}},{"choice":"fake","left":"real","right":"fake","videoPair":{"real":"http://visiongpu23.csail.mit.edu/scratch/datasets/DeepfakeDetection/facenet_smooth_frames/dfdc_train_part_5/fnwnfnrbte.mp4/face_0.mp4","fake":"http://visiongpu23.csail.mit.edu/scratch/datasets/DeepfakeDetection/facenet_smooth_frames/dfdc_train_part_0/axzjovaktp.mp4/face_0.mp4"}},{"choice":"fake","left":"fake","right":"real","videoPair":{"real":"http://visiongpu23.csail.mit.edu/scratch/datasets/DeepfakeDetection/facenet_smooth_frames/dfdc_train_part_5/jlzckbmrbw.mp4/face_0.mp4","fake":"http://visiongpu23.csail.mit.edu/scratch/datasets/DeepfakeDetection/facenet_smooth_frames/dfdc_train_part_6/hjwvmxufos.mp4/face_0.mp4"}},{"choice":"fake","left":"real","right":"fake","videoPair":{"real":"http://visiongpu23.csail.mit.edu/scratch/datasets/DeepfakeDetection/facenet_smooth_frames/dfdc_train_part_7/hddvofqapm.mp4/face_0.mp4","fake":"http://visiongpu23.csail.mit.edu/scratch/datasets/DeepfakeDetection/facenet_smooth_frames/dfdc_train_part_6/fkurevobjp.mp4/face_0.mp4"}},{"choice":"fake","left":"fake","right":"real","videoPair":{"real":"http://visiongpu23.csail.mit.edu/scratch/datasets/DeepfakeDetection/facenet_smooth_frames/dfdc_train_part_5/atzdjguknk.mp4/face_0.mp4","fake":"http://visiongpu23.csail.mit.edu/scratch/datasets/DeepfakeDetection/facenet_smooth_frames/dfdc_train_part_17/akcmmulzka.mp4/face_0.mp4"}},{"choice":"fake","left":"real","right":"fake","videoPair":{"real":"http://visiongpu23.csail.mit.edu/scratch/datasets/DeepfakeDetection/facenet_smooth_frames/dfdc_train_part_7/ndpdopglxk.mp4/face_0.mp4","fake":"http://visiongpu23.csail.mit.edu/scratch/datasets/DeepfakeDetection/facenet_smooth_frames/dfdc_train_part_7/nxaoyuzdsz.mp4/face_0.mp4"}},{"choice":"fake","left":"fake","right":"real","videoPair":{"real":"http://visiongpu23.csail.mit.edu/scratch/datasets/DeepfakeDetection/facenet_smooth_frames/dfdc_train_part_11/byipklfpep.mp4/face_0.mp4","fake":"http://visiongpu23.csail.mit.edu/scratch/datasets/DeepfakeDetection/facenet_smooth_frames/dfdc_train_part_11/awynklddka.mp4/face_0.mp4"}},{"choice":"fake","left":"fake","right":"real","videoPair":{"real":"http://visiongpu23.csail.mit.edu/scratch/datasets/DeepfakeDetection/facenet_smooth_frames/dfdc_train_part_2/vcwxdwngnq.mp4/face_0.mp4","fake":"http://visiongpu23.csail.mit.edu/scratch/datasets/DeepfakeDetection/facenet_smooth_frames/dfdc_train_part_6/goybpueemz.mp4/face_0.mp4"}},{"choice":"fake","left":"real","right":"fake","videoPair":{"real":"http://visiongpu23.csail.mit.edu/scratch/datasets/DeepfakeDetection/facenet_smooth_frames/dfdc_train_part_17/aewpytojhs.mp4/face_0.mp4","fake":"http://visiongpu23.csail.mit.edu/scratch/datasets/DeepfakeDetection/facenet_smooth_frames/dfdc_train_part_7/holgduewud.mp4/face_0.mp4"}},{"choice":"fake","left":"real","right":"fake","videoPair":{"real":"http://visiongpu23.csail.mit.edu/scratch/datasets/DeepfakeDetection/facenet_smooth_frames/dfdc_train_part_6/augnkililg.mp4/face_0.mp4","fake":"http://visiongpu23.csail.mit.edu/scratch/datasets/DeepfakeDetection/facenet_smooth_frames/dfdc_train_part_6/ithomhorcn.mp4/face_0.mp4"}},{"choice":"fake","left":"real","right":"fake","videoPair":{"real":"http://visiongpu23.csail.mit.edu/scratch/datasets/DeepfakeDetection/facenet_smooth_frames/dfdc_train_part_5/deuqmhwoco.mp4/face_0.mp4","fake":"http://visiongpu23.csail.mit.edu/scratch/datasets/DeepfakeDetection/facenet_smooth_frames/dfdc_train_part_10/bxwfxlvwpc.mp4/face_0.mp4"}},{"choice":"fake","left":"fake","right":"real","videoPair":{"real":"http://visiongpu23.csail.mit.edu/scratch/datasets/DeepfakeDetection/facenet_smooth_frames/dfdc_train_part_6/hlqychjycc.mp4/face_0.mp4","fake":"http://visiongpu23.csail.mit.edu/scratch/datasets/DeepfakeDetection/facenet_smooth_frames/dfdc_train_part_7/byuyjtloht.mp4/face_0.mp4"}},{"choice":"fake","left":"real","right":"fake","videoPair":{"real":"http://visiongpu23.csail.mit.edu/scratch/datasets/DeepfakeDetection/facenet_smooth_frames/dfdc_train_part_1/cqxxumarvp.mp4/face_0.mp4","fake":"http://visiongpu23.csail.mit.edu/scratch/datasets/DeepfakeDetection/facenet_smooth_frames/dfdc_train_part_7/lstgujovzj.mp4/face_0.mp4"}},{"choice":"fake","left":"fake","right":"real","videoPair":{"real":"http://visiongpu23.csail.mit.edu/scratch/datasets/DeepfakeDetection/facenet_smooth_frames/dfdc_train_part_11/ahsogiihuz.mp4/face_0.mp4","fake":"http://visiongpu23.csail.mit.edu/scratch/datasets/DeepfakeDetection/facenet_smooth_frames/dfdc_train_part_10/ahlzkwgzan.mp4/face_0.mp4"}},{"choice":"fake","left":"real","right":"fake","videoPair":{"real":"http://visiongpu23.csail.mit.edu/scratch/datasets/DeepfakeDetection/facenet_smooth_frames/dfdc_train_part_11/brfjxrbezo.mp4/face_0.mp4","fake":"http://visiongpu23.csail.mit.edu/scratch/datasets/DeepfakeDetection/facenet_smooth_frames/dfdc_train_part_7/byofjwgexm.mp4/face_0.mp4"}},{"choice":"real","left":"real","right":"fake","videoPair":{"real":"http://visiongpu23.csail.mit.edu/scratch/datasets/DeepfakeDetection/facenet_smooth_frames/dfdc_train_part_5/clbyiyqits.mp4/face_0.mp4","fake":"http://visiongpu23.csail.mit.edu/scratch/datasets/DeepfakeDetection/facenet_smooth_frames/dfdc_train_part_7/achakioceb.mp4/face_0.mp4"}},{"choice":"fake","left":"real","right":"fake","videoPair":{"real":"http://visiongpu23.csail.mit.edu/scratch/datasets/DeepfakeDetection/facenet_smooth_frames/dfdc_train_part_11/bhlelcjvoq.mp4/face_0.mp4","fake":"http://visiongpu23.csail.mit.edu/scratch/datasets/DeepfakeDetection/facenet_smooth_frames/dfdc_train_part_7/jcbtrooxiv.mp4/face_0.mp4"}},{"choice":"fake","left":"fake","right":"real","videoPair":{"real":"http://visiongpu23.csail.mit.edu/scratch/datasets/DeepfakeDetection/facenet_smooth_frames/dfdc_train_part_5/nvdzhsjkda.mp4/face_0.mp4","fake":"http://visiongpu23.csail.mit.edu/scratch/datasets/DeepfakeDetection/facenet_smooth_frames/dfdc_train_part_7/iyujymppjg.mp4/face_0.mp4"}},{"choice":"real","left":"real","right":"fake","videoPair":{"real":"http://visiongpu23.csail.mit.edu/scratch/datasets/DeepfakeDetection/facenet_smooth_frames/dfdc_train_part_7/jhjpidynpx.mp4/face_0.mp4","fake":"http://visiongpu23.csail.mit.edu/scratch/datasets/DeepfakeDetection/facenet_smooth_frames/dfdc_train_part_6/lcdkepqawt.mp4/face_0.mp4"}},{"choice":"fake","left":"fake","right":"real","videoPair":{"real":"http://visiongpu23.csail.mit.edu/scratch/datasets/DeepfakeDetection/facenet_smooth_frames/dfdc_train_part_11/dehwqyosfb.mp4/face_0.mp4","fake":"http://visiongpu23.csail.mit.edu/scratch/datasets/DeepfakeDetection/facenet_smooth_frames/dfdc_train_part_10/aajtsolpjq.mp4/face_0.mp4"}},{"choice":"fake","left":"real","right":"fake","videoPair":{"real":"http://visiongpu23.csail.mit.edu/scratch/datasets/DeepfakeDetection/facenet_smooth_frames/dfdc_train_part_6/kyitsyzrme.mp4/face_0.mp4","fake":"http://visiongpu23.csail.mit.edu/scratch/datasets/DeepfakeDetection/facenet_smooth_frames/dfdc_train_part_1/bjeiutsvuz.mp4/face_0.mp4"}},{"choice":"fake","left":"real","right":"fake","videoPair":{"real":"http://visiongpu23.csail.mit.edu/scratch/datasets/DeepfakeDetection/facenet_smooth_frames/dfdc_train_part_7/detsnvjgrp.mp4/face_0.mp4","fake":"http://visiongpu23.csail.mit.edu/scratch/datasets/DeepfakeDetection/facenet_smooth_frames/dfdc_train_part_7/nygtvtsfiw.mp4/face_0.mp4"}},{"choice":"fake","left":"fake","right":"real","videoPair":{"real":"http://visiongpu23.csail.mit.edu/scratch/datasets/DeepfakeDetection/facenet_smooth_frames/dfdc_train_part_11/brnpejbjwh.mp4/face_0.mp4","fake":"http://visiongpu23.csail.mit.edu/scratch/datasets/DeepfakeDetection/facenet_smooth_frames/dfdc_train_part_6/lewizrkgtn.mp4/face_0.mp4"}},{"choice":"fake","left":"real","right":"fake","videoPair":{"real":"http://visiongpu23.csail.mit.edu/scratch/datasets/DeepfakeDetection/facenet_smooth_frames/dfdc_train_part_10/boxfawgnyw.mp4/face_0.mp4","fake":"http://visiongpu23.csail.mit.edu/scratch/datasets/DeepfakeDetection/facenet_smooth_frames/dfdc_train_part_6/csnzuyltso.mp4/face_0.mp4"}},{"choice":"real","left":"real","right":"fake","videoPair":{"real":"http://visiongpu23.csail.mit.edu/scratch/datasets/DeepfakeDetection/facenet_smooth_frames/dfdc_train_part_6/heprffercd.mp4/face_0.mp4","fake":"http://visiongpu23.csail.mit.edu/scratch/datasets/DeepfakeDetection/facenet_smooth_frames/dfdc_train_part_6/gnatjshncl.mp4/face_0.mp4"}},{"choice":"fake","left":"fake","right":"real","videoPair":{"real":"http://visiongpu23.csail.mit.edu/scratch/datasets/DeepfakeDetection/facenet_smooth_frames/dfdc_train_part_7/djmyetudka.mp4/face_0.mp4","fake":"http://visiongpu23.csail.mit.edu/scratch/datasets/DeepfakeDetection/facenet_smooth_frames/dfdc_train_part_11/csrabfvevi.mp4/face_0.mp4"}},{"choice":"fake","left":"fake","right":"real","videoPair":{"real":"http://visiongpu23.csail.mit.edu/scratch/datasets/DeepfakeDetection/facenet_smooth_frames/dfdc_train_part_5/ifvbwbcnyj.mp4/face_0.mp4","fake":"http://visiongpu23.csail.mit.edu/scratch/datasets/DeepfakeDetection/facenet_smooth_frames/dfdc_train_part_7/lyccdacdbm.mp4/face_0.mp4"}},{"choice":"fake","left":"fake","right":"real","videoPair":{"real":"http://visiongpu23.csail.mit.edu/scratch/datasets/DeepfakeDetection/facenet_smooth_frames/dfdc_train_part_1/fqnvpbvfmf.mp4/face_0.mp4","fake":"http://visiongpu23.csail.mit.edu/scratch/datasets/DeepfakeDetection/facenet_smooth_frames/dfdc_train_part_7/kdygeqbkra.mp4/face_0.mp4"}},{"choice":"real","left":"real","right":"fake","videoPair":{"real":"http://visiongpu23.csail.mit.edu/scratch/datasets/DeepfakeDetection/facenet_smooth_frames/dfdc_train_part_7/euwzjauqgi.mp4/face_0.mp4","fake":"http://visiongpu23.csail.mit.edu/scratch/datasets/DeepfakeDetection/facenet_smooth_frames/dfdc_train_part_7/mbdmfqenja.mp4/face_0.mp4"}},{"choice":"fake","left":"fake","right":"real","videoPair":{"real":"http://visiongpu23.csail.mit.edu/scratch/datasets/DeepfakeDetection/facenet_smooth_frames/dfdc_train_part_1/extbidooov.mp4/face_0.mp4","fake":"http://visiongpu23.csail.mit.edu/scratch/datasets/DeepfakeDetection/facenet_smooth_frames/dfdc_train_part_6/fnbekoafga.mp4/face_0.mp4"}},{"choice":"fake","left":"fake","right":"real","videoPair":{"real":"http://visiongpu23.csail.mit.edu/scratch/datasets/DeepfakeDetection/facenet_smooth_frames/dfdc_train_part_5/bmljrhlhta.mp4/face_0.mp4","fake":"http://visiongpu23.csail.mit.edu/scratch/datasets/DeepfakeDetection/facenet_smooth_frames/dfdc_train_part_6/jweaeexdbp.mp4/face_0.mp4"}},{"choice":"real","left":"fake","right":"real","videoPair":{"real":"http://visiongpu23.csail.mit.edu/scratch/datasets/DeepfakeDetection/facenet_smooth_frames/dfdc_train_part_2/gxqzavbulk.mp4/face_0.mp4","fake":"http://visiongpu23.csail.mit.edu/scratch/datasets/DeepfakeDetection/facenet_smooth_frames/dfdc_train_part_6/fcsldkukwf.mp4/face_0.mp4"}},{"choice":"fake","left":"fake","right":"real","videoPair":{"real":"http://visiongpu23.csail.mit.edu/scratch/datasets/DeepfakeDetection/facenet_smooth_frames/dfdc_train_part_7/jmmrrmjjhc.mp4/face_0.mp4","fake":"http://visiongpu23.csail.mit.edu/scratch/datasets/DeepfakeDetection/facenet_smooth_frames/dfdc_train_part_7/ohdmchloaw.mp4/face_0.mp4"}},{"choice":"fake","left":"real","right":"fake","videoPair":{"real":"http://visiongpu23.csail.mit.edu/scratch/datasets/DeepfakeDetection/facenet_smooth_frames/dfdc_train_part_2/jiswxuqzyz.mp4/face_0.mp4","fake":"http://visiongpu23.csail.mit.edu/scratch/datasets/DeepfakeDetection/facenet_smooth_frames/dfdc_train_part_0/iyhkhsdhma.mp4/face_0.mp4"}},{"choice":"fake","left":"real","right":"fake","videoPair":{"real":"http://visiongpu23.csail.mit.edu/scratch/datasets/DeepfakeDetection/facenet_smooth_frames/dfdc_train_part_7/cavwtpmmbr.mp4/face_0.mp4","fake":"http://visiongpu23.csail.mit.edu/scratch/datasets/DeepfakeDetection/facenet_smooth_frames/dfdc_train_part_6/bednaxvzbt.mp4/face_0.mp4"}},{"choice":"fake","left":"real","right":"fake","videoPair":{"real":"http://visiongpu23.csail.mit.edu/scratch/datasets/DeepfakeDetection/facenet_smooth_frames/dfdc_train_part_6/ibkgonjbjz.mp4/face_0.mp4","fake":"http://visiongpu23.csail.mit.edu/scratch/datasets/DeepfakeDetection/facenet_smooth_frames/dfdc_train_part_0/cxjtjcinqt.mp4/face_0.mp4"}},{"choice":"fake","left":"fake","right":"real","videoPair":{"real":"http://visiongpu23.csail.mit.edu/scratch/datasets/DeepfakeDetection/facenet_smooth_frames/dfdc_train_part_6/bzjihidtqo.mp4/face_0.mp4","fake":"http://visiongpu23.csail.mit.edu/scratch/datasets/DeepfakeDetection/facenet_smooth_frames/dfdc_train_part_6/dvfymgsmmd.mp4/face_0.mp4"}},{"choice":"fake","left":"fake","right":"real","videoPair":{"real":"http://visiongpu23.csail.mit.edu/scratch/datasets/DeepfakeDetection/facenet_smooth_frames/dfdc_train_part_6/dutdnjgeud.mp4/face_0.mp4","fake":"http://visiongpu23.csail.mit.edu/scratch/datasets/DeepfakeDetection/facenet_smooth_frames/dfdc_train_part_6/emsfwzohii.mp4/face_0.mp4"}},{"choice":"fake","left":"fake","right":"real","videoPair":{"real":"http://visiongpu23.csail.mit.edu/scratch/datasets/DeepfakeDetection/facenet_smooth_frames/dfdc_train_part_1/keioymnobc.mp4/face_0.mp4","fake":"http://visiongpu23.csail.mit.edu/scratch/datasets/DeepfakeDetection/facenet_smooth_frames/dfdc_train_part_1/dontwxbnza.mp4/face_0.mp4"}},{"choice":"fake","left":"fake","right":"real","videoPair":{"real":"http://visiongpu23.csail.mit.edu/scratch/datasets/DeepfakeDetection/facenet_smooth_frames/dfdc_train_part_7/nfozzfizpn.mp4/face_0.mp4","fake":"http://visiongpu23.csail.mit.edu/scratch/datasets/DeepfakeDetection/facenet_smooth_frames/dfdc_train_part_21/adrhmbnmof.mp4/face_0.mp4"}},{"choice":"fake","left":"fake","right":"real","videoPair":{"real":"http://visiongpu23.csail.mit.edu/scratch/datasets/DeepfakeDetection/facenet_smooth_frames/dfdc_train_part_7/fiiwjcnzff.mp4/face_0.mp4","fake":"http://visiongpu23.csail.mit.edu/scratch/datasets/DeepfakeDetection/facenet_smooth_frames/dfdc_train_part_21/aivqjujqqd.mp4/face_0.mp4"}},{"choice":"real","left":"fake","right":"real","videoPair":{"real":"http://visiongpu23.csail.mit.edu/scratch/datasets/DeepfakeDetection/facenet_smooth_frames/dfdc_train_part_2/uazbhwyysx.mp4/face_0.mp4","fake":"http://visiongpu23.csail.mit.edu/scratch/datasets/DeepfakeDetection/facenet_smooth_frames/dfdc_train_part_7/bnmkwtjris.mp4/face_0.mp4"}},{"choice":"fake","left":"fake","right":"real","videoPair":{"real":"http://visiongpu23.csail.mit.edu/scratch/datasets/DeepfakeDetection/facenet_smooth_frames/dfdc_train_part_6/fnaajvgmwt.mp4/face_0.mp4","fake":"http://visiongpu23.csail.mit.edu/scratch/datasets/DeepfakeDetection/facenet_smooth_frames/dfdc_train_part_7/kcbolgogbw.mp4/face_0.mp4"}},{"choice":"fake","left":"fake","right":"real","videoPair":{"real":"http://visiongpu23.csail.mit.edu/scratch/datasets/DeepfakeDetection/facenet_smooth_frames/dfdc_train_part_5/ayfohzyelj.mp4/face_0.mp4","fake":"http://visiongpu23.csail.mit.edu/scratch/datasets/DeepfakeDetection/facenet_smooth_frames/dfdc_train_part_7/lqtstubztq.mp4/face_0.mp4"}},{"choice":"fake","left":"fake","right":"real","videoPair":{"real":"http://visiongpu23.csail.mit.edu/scratch/datasets/DeepfakeDetection/facenet_smooth_frames/dfdc_train_part_2/ukezkomunq.mp4/face_0.mp4","fake":"http://visiongpu23.csail.mit.edu/scratch/datasets/DeepfakeDetection/facenet_smooth_frames/dfdc_train_part_7/ingljnyuhv.mp4/face_0.mp4"}},{"choice":"fake","left":"real","right":"fake","videoPair":{"real":"http://visiongpu23.csail.mit.edu/scratch/datasets/DeepfakeDetection/facenet_smooth_frames/dfdc_train_part_1/frqfsucgao.mp4/face_0.mp4","fake":"http://visiongpu23.csail.mit.edu/scratch/datasets/DeepfakeDetection/facenet_smooth_frames/dfdc_train_part_6/klpkkudujl.mp4/face_0.mp4"}},{"choice":"fake","left":"real","right":"fake","videoPair":{"real":"http://visiongpu23.csail.mit.edu/scratch/datasets/DeepfakeDetection/facenet_smooth_frames/dfdc_train_part_7/mxxwxzeqib.mp4/face_0.mp4","fake":"http://visiongpu23.csail.mit.edu/scratch/datasets/DeepfakeDetection/facenet_smooth_frames/dfdc_train_part_7/aohtixcgqk.mp4/face_0.mp4"}},{"choice":"fake","left":"fake","right":"real","videoPair":{"real":"http://visiongpu23.csail.mit.edu/scratch/datasets/DeepfakeDetection/facenet_smooth_frames/dfdc_train_part_11/aehruoendm.mp4/face_0.mp4","fake":"http://visiongpu23.csail.mit.edu/scratch/datasets/DeepfakeDetection/facenet_smooth_frames/dfdc_train_part_11/ciiysyltft.mp4/face_0.mp4"}},{"choice":"fake","left":"fake","right":"real","videoPair":{"real":"http://visiongpu23.csail.mit.edu/scratch/datasets/DeepfakeDetection/facenet_smooth_frames/dfdc_train_part_5/aabqyygbaa.mp4/face_0.mp4","fake":"http://visiongpu23.csail.mit.edu/scratch/datasets/DeepfakeDetection/facenet_smooth_frames/dfdc_train_part_7/mvvbcjmyqg.mp4/face_0.mp4"}},{"choice":"real","left":"real","right":"fake","videoPair":{"real":"http://visiongpu23.csail.mit.edu/scratch/datasets/DeepfakeDetection/facenet_smooth_frames/dfdc_train_part_1/zlxfqidduw.mp4/face_0.mp4","fake":"http://visiongpu23.csail.mit.edu/scratch/datasets/DeepfakeDetection/facenet_smooth_frames/dfdc_train_part_21/aahdwkciqw.mp4/face_0.mp4"}},{"choice":"fake","left":"real","right":"fake","videoPair":{"real":"http://visiongpu23.csail.mit.edu/scratch/datasets/DeepfakeDetection/facenet_smooth_frames/dfdc_train_part_2/oojxonbgow.mp4/face_0.mp4","fake":"http://visiongpu23.csail.mit.edu/scratch/datasets/DeepfakeDetection/facenet_smooth_frames/dfdc_train_part_7/bjhrnoxued.mp4/face_0.mp4"}},{"choice":"fake","left":"fake","right":"real","videoPair":{"real":"http://visiongpu23.csail.mit.edu/scratch/datasets/DeepfakeDetection/facenet_smooth_frames/dfdc_train_part_7/ocozccwdhg.mp4/face_0.mp4","fake":"http://visiongpu23.csail.mit.edu/scratch/datasets/DeepfakeDetection/facenet_smooth_frames/dfdc_train_part_7/benxwujzwl.mp4/face_0.mp4"}},{"choice":"fake","left":"real","right":"fake","videoPair":{"real":"http://visiongpu23.csail.mit.edu/scratch/datasets/DeepfakeDetection/facenet_smooth_frames/dfdc_train_part_1/objgwnmscm.mp4/face_0.mp4","fake":"http://visiongpu23.csail.mit.edu/scratch/datasets/DeepfakeDetection/facenet_smooth_frames/dfdc_train_part_7/doiwcojvgj.mp4/face_0.mp4"}},{"choice":"fake","left":"real","right":"fake","videoPair":{"real":"http://visiongpu23.csail.mit.edu/scratch/datasets/DeepfakeDetection/facenet_smooth_frames/dfdc_train_part_2/yjkcewkhhn.mp4/face_0.mp4","fake":"http://visiongpu23.csail.mit.edu/scratch/datasets/DeepfakeDetection/facenet_smooth_frames/dfdc_train_part_10/abdhebzuzt.mp4/face_0.mp4"}},{"choice":"real","left":"real","right":"fake","videoPair":{"real":"http://visiongpu23.csail.mit.edu/scratch/datasets/DeepfakeDetection/facenet_smooth_frames/dfdc_train_part_5/eitfpxnzwo.mp4/face_0.mp4","fake":"http://visiongpu23.csail.mit.edu/scratch/datasets/DeepfakeDetection/facenet_smooth_frames/dfdc_train_part_0/epwesrdmpt.mp4/face_0.mp4"}},{"choice":"fake","left":"real","right":"fake","videoPair":{"real":"http://visiongpu23.csail.mit.edu/scratch/datasets/DeepfakeDetection/facenet_smooth_frames/dfdc_train_part_2/rmlzgerevr.mp4/face_0.mp4","fake":"http://visiongpu23.csail.mit.edu/scratch/datasets/DeepfakeDetection/facenet_smooth_frames/dfdc_train_part_6/cyjixxrrrg.mp4/face_0.mp4"}},{"choice":"fake","left":"real","right":"fake","videoPair":{"real":"http://visiongpu23.csail.mit.edu/scratch/datasets/DeepfakeDetection/facenet_smooth_frames/dfdc_train_part_1/obozirvzxd.mp4/face_0.mp4","fake":"http://visiongpu23.csail.mit.edu/scratch/datasets/DeepfakeDetection/facenet_smooth_frames/dfdc_train_part_1/ondezmgykk.mp4/face_0.mp4"}},{"choice":"fake","left":"real","right":"fake","videoPair":{"real":"http://visiongpu23.csail.mit.edu/scratch/datasets/DeepfakeDetection/facenet_smooth_frames/dfdc_train_part_2/grzszchajr.mp4/face_0.mp4","fake":"http://visiongpu23.csail.mit.edu/scratch/datasets/DeepfakeDetection/facenet_smooth_frames/dfdc_train_part_1/uzzzfknrpd.mp4/face_0.mp4"}},{"choice":"fake","left":"real","right":"fake","videoPair":{"real":"http://visiongpu23.csail.mit.edu/scratch/datasets/DeepfakeDetection/facenet_smooth_frames/dfdc_train_part_2/nyyrcevhrc.mp4/face_0.mp4","fake":"http://visiongpu23.csail.mit.edu/scratch/datasets/DeepfakeDetection/facenet_smooth_frames/dfdc_train_part_7/conodqbmpe.mp4/face_0.mp4"}},{"choice":"real","left":"real","right":"fake","videoPair":{"real":"http://visiongpu23.csail.mit.edu/scratch/datasets/DeepfakeDetection/facenet_smooth_frames/dfdc_train_part_2/ljauauuyka.mp4/face_0.mp4","fake":"http://visiongpu23.csail.mit.edu/scratch/datasets/DeepfakeDetection/facenet_smooth_frames/dfdc_train_part_7/mpszbvxvsj.mp4/face_0.mp4"}},{"choice":"fake","left":"fake","right":"real","videoPair":{"real":"http://visiongpu23.csail.mit.edu/scratch/datasets/DeepfakeDetection/facenet_smooth_frames/dfdc_train_part_11/ceiwazlque.mp4/face_0.mp4","fake":"http://visiongpu23.csail.mit.edu/scratch/datasets/DeepfakeDetection/facenet_smooth_frames/dfdc_train_part_10/cgwpvvdxak.mp4/face_0.mp4"}},{"choice":"fake","left":"fake","right":"real","videoPair":{"real":"http://visiongpu23.csail.mit.edu/scratch/datasets/DeepfakeDetection/facenet_smooth_frames/dfdc_train_part_7/fvojjtkkdy.mp4/face_0.mp4","fake":"http://visiongpu23.csail.mit.edu/scratch/datasets/DeepfakeDetection/facenet_smooth_frames/dfdc_train_part_7/hrehhvcwjv.mp4/face_0.mp4"}},{"choice":"fake","left":"fake","right":"real","videoPair":{"real":"http://visiongpu23.csail.mit.edu/scratch/datasets/DeepfakeDetection/facenet_smooth_frames/dfdc_train_part_10/byaagkudca.mp4/face_0.mp4","fake":"http://visiongpu23.csail.mit.edu/scratch/datasets/DeepfakeDetection/facenet_smooth_frames/dfdc_train_part_6/bhzhtdtuvz.mp4/face_0.mp4"}},{"choice":"fake","left":"fake","right":"real","videoPair":{"real":"http://visiongpu23.csail.mit.edu/scratch/datasets/DeepfakeDetection/facenet_smooth_frames/dfdc_train_part_2/psesikjaxx.mp4/face_0.mp4","fake":"http://visiongpu23.csail.mit.edu/scratch/datasets/DeepfakeDetection/facenet_smooth_frames/dfdc_train_part_11/ccxbzqmxfv.mp4/face_0.mp4"}},{"choice":"real","left":"fake","right":"real","videoPair":{"real":"http://visiongpu23.csail.mit.edu/scratch/datasets/DeepfakeDetection/facenet_smooth_frames/dfdc_train_part_6/ldjtsczhoc.mp4/face_0.mp4","fake":"http://visiongpu23.csail.mit.edu/scratch/datasets/DeepfakeDetection/facenet_smooth_frames/dfdc_train_part_6/ejfeuavmib.mp4/face_0.mp4"}},{"choice":"real","left":"fake","right":"real","videoPair":{"real":"http://visiongpu23.csail.mit.edu/scratch/datasets/DeepfakeDetection/facenet_smooth_frames/dfdc_train_part_1/rmpbqeawlq.mp4/face_0.mp4","fake":"http://visiongpu23.csail.mit.edu/scratch/datasets/DeepfakeDetection/facenet_smooth_frames/dfdc_train_part_7/eahsxehlri.mp4/face_0.mp4"}},{"choice":"real","left":"real","right":"fake","videoPair":{"real":"http://visiongpu23.csail.mit.edu/scratch/datasets/DeepfakeDetection/facenet_smooth_frames/dfdc_train_part_6/drtulzvrde.mp4/face_0.mp4","fake":"http://visiongpu23.csail.mit.edu/scratch/datasets/DeepfakeDetection/facenet_smooth_frames/dfdc_train_part_11/awnwneljqx.mp4/face_0.mp4"}},{"choice":"real","left":"fake","right":"real","videoPair":{"real":"http://visiongpu23.csail.mit.edu/scratch/datasets/DeepfakeDetection/facenet_smooth_frames/dfdc_train_part_5/bgqnopotbe.mp4/face_0.mp4","fake":"http://visiongpu23.csail.mit.edu/scratch/datasets/DeepfakeDetection/facenet_smooth_frames/dfdc_train_part_0/cyhxxnezbo.mp4/face_0.mp4"}},{"choice":"fake","left":"fake","right":"real","videoPair":{"real":"http://visiongpu23.csail.mit.edu/scratch/datasets/DeepfakeDetection/facenet_smooth_frames/dfdc_train_part_6/jiscrkliic.mp4/face_0.mp4","fake":"http://visiongpu23.csail.mit.edu/scratch/datasets/DeepfakeDetection/facenet_smooth_frames/dfdc_train_part_7/bxrlaehmdg.mp4/face_0.mp4"}},{"choice":"fake","left":"real","right":"fake","videoPair":{"real":"http://visiongpu23.csail.mit.edu/scratch/datasets/DeepfakeDetection/facenet_smooth_frames/dfdc_train_part_1/viteugozpv.mp4/face_0.mp4","fake":"http://visiongpu23.csail.mit.edu/scratch/datasets/DeepfakeDetection/facenet_smooth_frames/dfdc_train_part_6/ffftvvszis.mp4/face_0.mp4"}},{"choice":"fake","left":"fake","right":"real","videoPair":{"real":"http://visiongpu23.csail.mit.edu/scratch/datasets/DeepfakeDetection/facenet_smooth_frames/dfdc_train_part_1/djjgzhluss.mp4/face_0.mp4","fake":"http://visiongpu23.csail.mit.edu/scratch/datasets/DeepfakeDetection/facenet_smooth_frames/dfdc_train_part_7/dpihwwnser.mp4/face_0.mp4"}},{"choice":"fake","left":"fake","right":"real","videoPair":{"real":"http://visiongpu23.csail.mit.edu/scratch/datasets/DeepfakeDetection/facenet_smooth_frames/dfdc_train_part_2/bcjteassyd.mp4/face_0.mp4","fake":"http://visiongpu23.csail.mit.edu/scratch/datasets/DeepfakeDetection/facenet_smooth_frames/dfdc_train_part_6/krwzbmqdtt.mp4/face_0.mp4"}},{"choice":"fake","left":"real","right":"fake","videoPair":{"real":"http://visiongpu23.csail.mit.edu/scratch/datasets/DeepfakeDetection/facenet_smooth_frames/dfdc_train_part_2/cekarydqba.mp4/face_0.mp4","fake":"http://visiongpu23.csail.mit.edu/scratch/datasets/DeepfakeDetection/facenet_smooth_frames/dfdc_train_part_0/iwswulwtjp.mp4/face_0.mp4"}},{"choice":"fake","left":"fake","right":"real","videoPair":{"real":"http://visiongpu23.csail.mit.edu/scratch/datasets/DeepfakeDetection/facenet_smooth_frames/dfdc_train_part_6/hfzkljkstq.mp4/face_0.mp4","fake":"http://visiongpu23.csail.mit.edu/scratch/datasets/DeepfakeDetection/facenet_smooth_frames/dfdc_train_part_6/lsecdbtopn.mp4/face_0.mp4"}},{"choice":"fake","left":"real","right":"fake","videoPair":{"real":"http://visiongpu23.csail.mit.edu/scratch/datasets/DeepfakeDetection/facenet_smooth_frames/dfdc_train_part_2/uuqrzdhjuh.mp4/face_0.mp4","fake":"http://visiongpu23.csail.mit.edu/scratch/datasets/DeepfakeDetection/facenet_smooth_frames/dfdc_train_part_7/hbesbzgajw.mp4/face_0.mp4"}},{"choice":"fake","left":"fake","right":"real","videoPair":{"real":"http://visiongpu23.csail.mit.edu/scratch/datasets/DeepfakeDetection/facenet_smooth_frames/dfdc_train_part_2/qknnpddobj.mp4/face_0.mp4","fake":"http://visiongpu23.csail.mit.edu/scratch/datasets/DeepfakeDetection/facenet_smooth_frames/dfdc_train_part_6/jzklrkclja.mp4/face_0.mp4"}},{"choice":"fake","left":"fake","right":"real","videoPair":{"real":"http://visiongpu23.csail.mit.edu/scratch/datasets/DeepfakeDetection/facenet_smooth_frames/dfdc_train_part_2/rzljiqidhj.mp4/face_0.mp4","fake":"http://visiongpu23.csail.mit.edu/scratch/datasets/DeepfakeDetection/facenet_smooth_frames/dfdc_train_part_6/kuitqwxsgf.mp4/face_0.mp4"}},{"choice":"fake","left":"real","right":"fake","videoPair":{"real":"http://visiongpu23.csail.mit.edu/scratch/datasets/DeepfakeDetection/facenet_smooth_frames/dfdc_train_part_5/iavxqeuuxa.mp4/face_0.mp4","fake":"http://visiongpu23.csail.mit.edu/scratch/datasets/DeepfakeDetection/facenet_smooth_frames/dfdc_train_part_6/cxybpbtpih.mp4/face_0.mp4"}},{"choice":"fake","left":"real","right":"fake","videoPair":{"real":"http://visiongpu23.csail.mit.edu/scratch/datasets/DeepfakeDetection/facenet_smooth_frames/dfdc_train_part_7/aqshzvyucn.mp4/face_0.mp4","fake":"http://visiongpu23.csail.mit.edu/scratch/datasets/DeepfakeDetection/facenet_smooth_frames/dfdc_train_part_6/iausqxyaeo.mp4/face_0.mp4"}},{"choice":"fake","left":"fake","right":"real","videoPair":{"real":"http://visiongpu23.csail.mit.edu/scratch/datasets/DeepfakeDetection/facenet_smooth_frames/dfdc_train_part_2/wjhpisoeaj.mp4/face_0.mp4","fake":"http://visiongpu23.csail.mit.edu/scratch/datasets/DeepfakeDetection/facenet_smooth_frames/dfdc_train_part_0/bbnesewcot.mp4/face_0.mp4"}},{"choice":"fake","left":"real","right":"fake","videoPair":{"real":"http://visiongpu23.csail.mit.edu/scratch/datasets/DeepfakeDetection/facenet_smooth_frames/dfdc_train_part_6/mcctwqjerd.mp4/face_0.mp4","fake":"http://visiongpu23.csail.mit.edu/scratch/datasets/DeepfakeDetection/facenet_smooth_frames/dfdc_train_part_7/hvifqweyxx.mp4/face_0.mp4"}},{"choice":"fake","left":"real","right":"fake","videoPair":{"real":"http://visiongpu23.csail.mit.edu/scratch/datasets/DeepfakeDetection/facenet_smooth_frames/dfdc_train_part_6/kqzorxfcim.mp4/face_0.mp4","fake":"http://visiongpu23.csail.mit.edu/scratch/datasets/DeepfakeDetection/facenet_smooth_frames/dfdc_train_part_6/iaszgoofuw.mp4/face_0.mp4"}},{"choice":"fake","left":"fake","right":"real","videoPair":{"real":"http://visiongpu23.csail.mit.edu/scratch/datasets/DeepfakeDetection/facenet_smooth_frames/dfdc_train_part_1/hmxihwteht.mp4/face_0.mp4","fake":"http://visiongpu23.csail.mit.edu/scratch/datasets/DeepfakeDetection/facenet_smooth_frames/dfdc_train_part_7/hnatfdifug.mp4/face_0.mp4"}},{"choice":"fake","left":"fake","right":"real","videoPair":{"real":"http://visiongpu23.csail.mit.edu/scratch/datasets/DeepfakeDetection/facenet_smooth_frames/dfdc_train_part_2/qjeovxqskj.mp4/face_0.mp4","fake":"http://visiongpu23.csail.mit.edu/scratch/datasets/DeepfakeDetection/facenet_smooth_frames/dfdc_train_part_6/ksyknkfzuv.mp4/face_0.mp4"}},{"choice":"real","left":"real","right":"fake","videoPair":{"real":"http://visiongpu23.csail.mit.edu/scratch/datasets/DeepfakeDetection/facenet_smooth_frames/dfdc_train_part_1/kvmpmhdxly.mp4/face_0.mp4","fake":"http://visiongpu23.csail.mit.edu/scratch/datasets/DeepfakeDetection/facenet_smooth_frames/dfdc_train_part_11/bkrpxyjars.mp4/face_0.mp4"}},{"choice":"fake","left":"real","right":"fake","videoPair":{"real":"http://visiongpu23.csail.mit.edu/scratch/datasets/DeepfakeDetection/facenet_smooth_frames/dfdc_train_part_1/tyojwenpaf.mp4/face_0.mp4","fake":"http://visiongpu23.csail.mit.edu/scratch/datasets/DeepfakeDetection/facenet_smooth_frames/dfdc_train_part_7/kgyetyyqdd.mp4/face_0.mp4"}},{"choice":"fake","left":"fake","right":"real","videoPair":{"real":"http://visiongpu23.csail.mit.edu/scratch/datasets/DeepfakeDetection/facenet_smooth_frames/dfdc_train_part_11/aibfastlwt.mp4/face_0.mp4","fake":"http://visiongpu23.csail.mit.edu/scratch/datasets/DeepfakeDetection/facenet_smooth_frames/dfdc_train_part_11/acstbmvpcr.mp4/face_0.mp4"}},{"choice":"fake","left":"real","right":"fake","videoPair":{"real":"http://visiongpu23.csail.mit.edu/scratch/datasets/DeepfakeDetection/facenet_smooth_frames/dfdc_train_part_5/fjwfpdibhh.mp4/face_0.mp4","fake":"http://visiongpu23.csail.mit.edu/scratch/datasets/DeepfakeDetection/facenet_smooth_frames/dfdc_train_part_0/drooaxkvib.mp4/face_0.mp4"}},{"choice":"real","left":"fake","right":"real","videoPair":{"real":"http://visiongpu23.csail.mit.edu/scratch/datasets/DeepfakeDetection/facenet_smooth_frames/dfdc_train_part_2/evysmtpnrf.mp4/face_0.mp4","fake":"http://visiongpu23.csail.mit.edu/scratch/datasets/DeepfakeDetection/facenet_smooth_frames/dfdc_train_part_7/mzirxufvvf.mp4/face_0.mp4"}},{"choice":"fake","left":"fake","right":"real","videoPair":{"real":"http://visiongpu23.csail.mit.edu/scratch/datasets/DeepfakeDetection/facenet_smooth_frames/dfdc_train_part_2/zzmgnglanj.mp4/face_0.mp4","fake":"http://visiongpu23.csail.mit.edu/scratch/datasets/DeepfakeDetection/facenet_smooth_frames/dfdc_train_part_11/bywsnzefxm.mp4/face_0.mp4"}},{"choice":"fake","left":"fake","right":"real","videoPair":{"real":"http://visiongpu23.csail.mit.edu/scratch/datasets/DeepfakeDetection/facenet_smooth_frames/dfdc_train_part_2/rfukeoxpqu.mp4/face_0.mp4","fake":"http://visiongpu23.csail.mit.edu/scratch/datasets/DeepfakeDetection/facenet_smooth_frames/dfdc_train_part_7/jsnejuyavq.mp4/face_0.mp4"}},{"choice":"fake","left":"real","right":"fake","videoPair":{"real":"http://visiongpu23.csail.mit.edu/scratch/datasets/DeepfakeDetection/facenet_smooth_frames/dfdc_train_part_6/fmuleeyhxj.mp4/face_0.mp4","fake":"http://visiongpu23.csail.mit.edu/scratch/datasets/DeepfakeDetection/facenet_smooth_frames/dfdc_train_part_7/nddwcsgbof.mp4/face_0.mp4"}},{"choice":"fake","left":"fake","right":"real","videoPair":{"real":"http://visiongpu23.csail.mit.edu/scratch/datasets/DeepfakeDetection/facenet_smooth_frames/dfdc_train_part_2/ndxodmkaia.mp4/face_0.mp4","fake":"http://visiongpu23.csail.mit.edu/scratch/datasets/DeepfakeDetection/facenet_smooth_frames/dfdc_train_part_7/ienlpkmwzd.mp4/face_0.mp4"}},{"choice":"fake","left":"real","right":"fake","videoPair":{"real":"http://visiongpu23.csail.mit.edu/scratch/datasets/DeepfakeDetection/facenet_smooth_frames/dfdc_train_part_2/oovzfmploa.mp4/face_0.mp4","fake":"http://visiongpu23.csail.mit.edu/scratch/datasets/DeepfakeDetection/facenet_smooth_frames/dfdc_train_part_7/ezufneaopl.mp4/face_0.mp4"}},{"choice":"real","left":"real","right":"fake","videoPair":{"real":"http://visiongpu23.csail.mit.edu/scratch/datasets/DeepfakeDetection/facenet_smooth_frames/dfdc_train_part_1/blkbkvcffn.mp4/face_0.mp4","fake":"http://visiongpu23.csail.mit.edu/scratch/datasets/DeepfakeDetection/facenet_smooth_frames/dfdc_train_part_11/cogcbbxpsn.mp4/face_0.mp4"}},{"choice":"real","left":"real","right":"fake","videoPair":{"real":"http://visiongpu23.csail.mit.edu/scratch/datasets/DeepfakeDetection/facenet_smooth_frames/dfdc_train_part_10/arqszxotbq.mp4/face_0.mp4","fake":"http://visiongpu23.csail.mit.edu/scratch/datasets/DeepfakeDetection/facenet_smooth_frames/dfdc_train_part_7/glcyddulzh.mp4/face_0.mp4"}},{"choice":"fake","left":"real","right":"fake","videoPair":{"real":"http://visiongpu23.csail.mit.edu/scratch/datasets/DeepfakeDetection/facenet_smooth_frames/dfdc_train_part_7/naaknmkpxz.mp4/face_0.mp4","fake":"http://visiongpu23.csail.mit.edu/scratch/datasets/DeepfakeDetection/facenet_smooth_frames/dfdc_train_part_7/bandnkwfej.mp4/face_0.mp4"}},{"choice":"fake","left":"real","right":"fake","videoPair":{"real":"http://visiongpu23.csail.mit.edu/scratch/datasets/DeepfakeDetection/facenet_smooth_frames/dfdc_train_part_7/nmmzvnlgek.mp4/face_0.mp4","fake":"http://visiongpu23.csail.mit.edu/scratch/datasets/DeepfakeDetection/facenet_smooth_frames/dfdc_train_part_7/aibiqkczez.mp4/face_0.mp4"}},{"choice":"fake","left":"fake","right":"real","videoPair":{"real":"http://visiongpu23.csail.mit.edu/scratch/datasets/DeepfakeDetection/facenet_smooth_frames/dfdc_train_part_7/fksksiyyty.mp4/face_0.mp4","fake":"http://visiongpu23.csail.mit.edu/scratch/datasets/DeepfakeDetection/facenet_smooth_frames/dfdc_train_part_0/hkvcbcfulf.mp4/face_0.mp4"}},{"choice":"fake","left":"fake","right":"real","videoPair":{"real":"http://visiongpu23.csail.mit.edu/scratch/datasets/DeepfakeDetection/facenet_smooth_frames/dfdc_train_part_7/fuusxfhmrc.mp4/face_0.mp4","fake":"http://visiongpu23.csail.mit.edu/scratch/datasets/DeepfakeDetection/facenet_smooth_frames/dfdc_train_part_10/cmbqehtmns.mp4/face_0.mp4"}},{"choice":"real","left":"real","right":"fake","videoPair":{"real":"http://visiongpu23.csail.mit.edu/scratch/datasets/DeepfakeDetection/facenet_smooth_frames/dfdc_train_part_6/frvciqvzsc.mp4/face_0.mp4","fake":"http://visiongpu23.csail.mit.edu/scratch/datasets/DeepfakeDetection/facenet_smooth_frames/dfdc_train_part_6/izndkibdms.mp4/face_0.mp4"}},{"choice":"fake","left":"fake","right":"real","videoPair":{"real":"http://visiongpu23.csail.mit.edu/scratch/datasets/DeepfakeDetection/facenet_smooth_frames/dfdc_train_part_5/asvheijspx.mp4/face_0.mp4","fake":"http://visiongpu23.csail.mit.edu/scratch/datasets/DeepfakeDetection/facenet_smooth_frames/dfdc_train_part_7/gsslanrtsq.mp4/face_0.mp4"}},{"choice":"fake","left":"real","right":"fake","videoPair":{"real":"http://visiongpu23.csail.mit.edu/scratch/datasets/DeepfakeDetection/facenet_smooth_frames/dfdc_train_part_17/aexwgcmvef.mp4/face_0.mp4","fake":"http://visiongpu23.csail.mit.edu/scratch/datasets/DeepfakeDetection/facenet_smooth_frames/dfdc_train_part_6/lxgahxecpv.mp4/face_0.mp4"}},{"choice":"fake","left":"fake","right":"real","videoPair":{"real":"http://visiongpu23.csail.mit.edu/scratch/datasets/DeepfakeDetection/facenet_smooth_frames/dfdc_train_part_2/fhjhvdgmcq.mp4/face_0.mp4","fake":"http://visiongpu23.csail.mit.edu/scratch/datasets/DeepfakeDetection/facenet_smooth_frames/dfdc_train_part_6/lnlwywdome.mp4/face_0.mp4"}},{"choice":"real","left":"fake","right":"real","videoPair":{"real":"http://visiongpu23.csail.mit.edu/scratch/datasets/DeepfakeDetection/facenet_smooth_frames/dfdc_train_part_2/ocgdbrgmtq.mp4/face_0.mp4","fake":"http://visiongpu23.csail.mit.edu/scratch/datasets/DeepfakeDetection/facenet_smooth_frames/dfdc_train_part_6/awkzxzryod.mp4/face_0.mp4"}},{"choice":"fake","left":"fake","right":"real","videoPair":{"real":"http://visiongpu23.csail.mit.edu/scratch/datasets/DeepfakeDetection/facenet_smooth_frames/dfdc_train_part_6/httftywuok.mp4/face_0.mp4","fake":"http://visiongpu23.csail.mit.edu/scratch/datasets/DeepfakeDetection/facenet_smooth_frames/dfdc_train_part_6/ccceyyczpw.mp4/face_0.mp4"}},{"choice":"fake","left":"fake","right":"real","videoPair":{"real":"http://visiongpu23.csail.mit.edu/scratch/datasets/DeepfakeDetection/facenet_smooth_frames/dfdc_train_part_2/hszwwswewp.mp4/face_0.mp4","fake":"http://visiongpu23.csail.mit.edu/scratch/datasets/DeepfakeDetection/facenet_smooth_frames/dfdc_train_part_1/kczsafjstw.mp4/face_0.mp4"}},{"choice":"fake","left":"real","right":"fake","videoPair":{"real":"http://visiongpu23.csail.mit.edu/scratch/datasets/DeepfakeDetection/facenet_smooth_frames/dfdc_train_part_7/dtvlwkzhwb.mp4/face_0.mp4","fake":"http://visiongpu23.csail.mit.edu/scratch/datasets/DeepfakeDetection/facenet_smooth_frames/dfdc_train_part_0/euzlhrwolz.mp4/face_0.mp4"}},{"choice":"fake","left":"fake","right":"real","videoPair":{"real":"http://visiongpu23.csail.mit.edu/scratch/datasets/DeepfakeDetection/facenet_smooth_frames/dfdc_train_part_2/irqzdokcws.mp4/face_0.mp4","fake":"http://visiongpu23.csail.mit.edu/scratch/datasets/DeepfakeDetection/facenet_smooth_frames/dfdc_train_part_6/lprkpkqevs.mp4/face_0.mp4"}},{"choice":"real","left":"real","right":"fake","videoPair":{"real":"http://visiongpu23.csail.mit.edu/scratch/datasets/DeepfakeDetection/facenet_smooth_frames/dfdc_train_part_2/qooxnxqqjb.mp4/face_0.mp4","fake":"http://visiongpu23.csail.mit.edu/scratch/datasets/DeepfakeDetection/facenet_smooth_frames/dfdc_train_part_1/rnvcglroyq.mp4/face_0.mp4"}},{"choice":"real","left":"fake","right":"real","videoPair":{"real":"http://visiongpu23.csail.mit.edu/scratch/datasets/DeepfakeDetection/facenet_smooth_frames/dfdc_train_part_6/bcpsomlspv.mp4/face_0.mp4","fake":"http://visiongpu23.csail.mit.edu/scratch/datasets/DeepfakeDetection/facenet_smooth_frames/dfdc_train_part_7/jefuwxesbw.mp4/face_0.mp4"}},{"choice":"fake","left":"real","right":"fake","videoPair":{"real":"http://visiongpu23.csail.mit.edu/scratch/datasets/DeepfakeDetection/facenet_smooth_frames/dfdc_train_part_6/cczdxtweqv.mp4/face_0.mp4","fake":"http://visiongpu23.csail.mit.edu/scratch/datasets/DeepfakeDetection/facenet_smooth_frames/dfdc_train_part_7/kafzwjrhwj.mp4/face_0.mp4"}},{"choice":"fake","left":"fake","right":"real","videoPair":{"real":"http://visiongpu23.csail.mit.edu/scratch/datasets/DeepfakeDetection/facenet_smooth_frames/dfdc_train_part_6/jtmsdyckqs.mp4/face_0.mp4","fake":"http://visiongpu23.csail.mit.edu/scratch/datasets/DeepfakeDetection/facenet_smooth_frames/dfdc_train_part_17/admyveomqu.mp4/face_0.mp4"}},{"choice":"fake","left":"real","right":"fake","videoPair":{"real":"http://visiongpu23.csail.mit.edu/scratch/datasets/DeepfakeDetection/facenet_smooth_frames/dfdc_train_part_7/ikokogfuzz.mp4/face_0.mp4","fake":"http://visiongpu23.csail.mit.edu/scratch/datasets/DeepfakeDetection/facenet_smooth_frames/dfdc_train_part_7/guuaoviovo.mp4/face_0.mp4"}},{"choice":"real","left":"fake","right":"real","videoPair":{"real":"http://visiongpu23.csail.mit.edu/scratch/datasets/DeepfakeDetection/facenet_smooth_frames/dfdc_train_part_6/kapzkxdgqb.mp4/face_0.mp4","fake":"http://visiongpu23.csail.mit.edu/scratch/datasets/DeepfakeDetection/facenet_smooth_frames/dfdc_train_part_11/dbeqcrkmlo.mp4/face_0.mp4"}},{"choice":"fake","left":"real","right":"fake","videoPair":{"real":"http://visiongpu23.csail.mit.edu/scratch/datasets/DeepfakeDetection/facenet_smooth_frames/dfdc_train_part_7/nvqiursmbh.mp4/face_0.mp4","fake":"http://visiongpu23.csail.mit.edu/scratch/datasets/DeepfakeDetection/facenet_smooth_frames/dfdc_train_part_6/gxpenheogd.mp4/face_0.mp4"}},{"choice":"fake","left":"real","right":"fake","videoPair":{"real":"http://visiongpu23.csail.mit.edu/scratch/datasets/DeepfakeDetection/facenet_smooth_frames/dfdc_train_part_7/cmxeyjxras.mp4/face_0.mp4","fake":"http://visiongpu23.csail.mit.edu/scratch/datasets/DeepfakeDetection/facenet_smooth_frames/dfdc_train_part_6/hovxifufxf.mp4/face_0.mp4"}},{"choice":"fake","left":"real","right":"fake","videoPair":{"real":"http://visiongpu23.csail.mit.edu/scratch/datasets/DeepfakeDetection/facenet_smooth_frames/dfdc_train_part_5/fsywibkykv.mp4/face_0.mp4","fake":"http://visiongpu23.csail.mit.edu/scratch/datasets/DeepfakeDetection/facenet_smooth_frames/dfdc_train_part_7/hoxemyczix.mp4/face_0.mp4"}},{"choice":"fake","left":"fake","right":"real","videoPair":{"real":"http://visiongpu23.csail.mit.edu/scratch/datasets/DeepfakeDetection/facenet_smooth_frames/dfdc_train_part_1/papagllumt.mp4/face_0.mp4","fake":"http://visiongpu23.csail.mit.edu/scratch/datasets/DeepfakeDetection/facenet_smooth_frames/dfdc_train_part_6/gmyehejryd.mp4/face_0.mp4"}},{"choice":"fake","left":"real","right":"fake","videoPair":{"real":"http://visiongpu23.csail.mit.edu/scratch/datasets/DeepfakeDetection/facenet_smooth_frames/dfdc_train_part_7/lcqqawbmnn.mp4/face_0.mp4","fake":"http://visiongpu23.csail.mit.edu/scratch/datasets/DeepfakeDetection/facenet_smooth_frames/dfdc_train_part_7/dadqhcqwha.mp4/face_0.mp4"}},{"choice":"real","left":"real","right":"fake","videoPair":{"real":"http://visiongpu23.csail.mit.edu/scratch/datasets/DeepfakeDetection/facenet_smooth_frames/dfdc_train_part_7/crnbqgwbmt.mp4/face_0.mp4","fake":"http://visiongpu23.csail.mit.edu/scratch/datasets/DeepfakeDetection/facenet_smooth_frames/dfdc_train_part_11/aureohnlim.mp4/face_0.mp4"}},{"choice":"real","left":"fake","right":"real","videoPair":{"real":"http://visiongpu23.csail.mit.edu/scratch/datasets/DeepfakeDetection/facenet_smooth_frames/dfdc_train_part_2/tsswxgwnta.mp4/face_0.mp4","fake":"http://visiongpu23.csail.mit.edu/scratch/datasets/DeepfakeDetection/facenet_smooth_frames/dfdc_train_part_17/acgyszkuel.mp4/face_0.mp4"}},{"choice":"fake","left":"real","right":"fake","videoPair":{"real":"http://visiongpu23.csail.mit.edu/scratch/datasets/DeepfakeDetection/facenet_smooth_frames/dfdc_train_part_6/hsirdisoaf.mp4/face_0.mp4","fake":"http://visiongpu23.csail.mit.edu/scratch/datasets/DeepfakeDetection/facenet_smooth_frames/dfdc_train_part_10/clpgwvlksy.mp4/face_0.mp4"}},{"choice":"fake","left":"fake","right":"real","videoPair":{"real":"http://visiongpu23.csail.mit.edu/scratch/datasets/DeepfakeDetection/facenet_smooth_frames/dfdc_train_part_2/sxryoeigag.mp4/face_0.mp4","fake":"http://visiongpu23.csail.mit.edu/scratch/datasets/DeepfakeDetection/facenet_smooth_frames/dfdc_train_part_11/apdfykbltf.mp4/face_0.mp4"}},{"choice":"fake","left":"real","right":"fake","videoPair":{"real":"http://visiongpu23.csail.mit.edu/scratch/datasets/DeepfakeDetection/facenet_smooth_frames/dfdc_train_part_2/wqysrieiqu.mp4/face_0.mp4","fake":"http://visiongpu23.csail.mit.edu/scratch/datasets/DeepfakeDetection/facenet_smooth_frames/dfdc_train_part_11/cquynbyczd.mp4/face_0.mp4"}},{"choice":"fake","left":"fake","right":"real","videoPair":{"real":"http://visiongpu23.csail.mit.edu/scratch/datasets/DeepfakeDetection/facenet_smooth_frames/dfdc_train_part_5/geezrhjaml.mp4/face_0.mp4","fake":"http://visiongpu23.csail.mit.edu/scratch/datasets/DeepfakeDetection/facenet_smooth_frames/dfdc_train_part_1/ylflvrieum.mp4/face_0.mp4"}},{"choice":"real","left":"fake","right":"real","videoPair":{"real":"http://visiongpu23.csail.mit.edu/scratch/datasets/DeepfakeDetection/facenet_smooth_frames/dfdc_train_part_5/igzvunospk.mp4/face_0.mp4","fake":"http://visiongpu23.csail.mit.edu/scratch/datasets/DeepfakeDetection/facenet_smooth_frames/dfdc_train_part_11/dkzeuuyydv.mp4/face_0.mp4"}},{"choice":"fake","left":"fake","right":"real","videoPair":{"real":"http://visiongpu23.csail.mit.edu/scratch/datasets/DeepfakeDetection/facenet_smooth_frames/dfdc_train_part_5/iwrclnpqoc.mp4/face_0.mp4","fake":"http://visiongpu23.csail.mit.edu/scratch/datasets/DeepfakeDetection/facenet_smooth_frames/dfdc_train_part_10/briiqgrhsv.mp4/face_0.mp4"}},{"choice":"real","left":"real","right":"fake","videoPair":{"real":"http://visiongpu23.csail.mit.edu/scratch/datasets/DeepfakeDetection/facenet_smooth_frames/dfdc_train_part_11/dmzblkdwkv.mp4/face_0.mp4","fake":"http://visiongpu23.csail.mit.edu/scratch/datasets/DeepfakeDetection/facenet_smooth_frames/dfdc_train_part_7/cbywmlmeds.mp4/face_0.mp4"}}],"times":[19217.71500003524,3513.1749999709427,2162.5249999342486,2874.680000008084,5057.960000005551,2562.3449999839067,1577.930000028573,2387.3250000178814,2592.919999966398,2102.1500000497326,5433.644999982789,3306.120000081137,3572.790000005625,2875.0249999575317,2794.88499998115,3482.824999955483,3460.109999985434,1984.085000003688,3066.8200000654906,2919.4600000046194,3423.6450000898913,2139.0900000697,3176.4149999944493,2057.509999955073,1730.695000034757,1849.1799999028444,2463.2849999470636,1909.9949999945238,4039.710000040941,3230.5349999805912,2662.8650000784546,2210.4599999729544,3504.3799999402836,2555.144999991171,3432.6250000158325,3418.1099999696016,2746.5649999212474,2533.075000043027,2241.8750000651926,4512.2199999168515,3852.130000013858,2700.704999966547,3896.0799999767914,2521.40500000678,1882.5199999846518,2205.5299999192357,3255.9399999445304,2093.83499994874,2407.505000010133,4147.980000008829,2454.065000056289,2747.8249999694526,1952.5799999246374,5515.129999956116,3429.0000000037253,2105.3349999710917,4793.7099999981,1884.1949999332428,1985.1699999999255,2272.950000013225,2208.4400000749156,4042.024999973364,4404.435000033118,5949.68499999959,3080.500000040047,3808.534999960102,3426.5949999680743,1809.9350000265986,2290.7150000100955,2617.1849999809638,2249.5099999941885,2112.345000030473,1562.6499999780208,1207.6949999900535,2593.499999959022,2396.665000007488,1793.8699999358505,1490.654999972321,3465.7550000119954,2571.6600000159815,2424.8699999880046,1931.3650000840425,1880.349999992177,1842.3049999400973,2723.8750000251457,3569.2500000586733,5463.1850000005215,2312.129999976605,1945.0450000585988,1826.2849999591708,2086.825000005774,3715.0649999966845,3379.899999941699,1978.015000000596,1891.7149999178946,3466.4499999489635,2021.9600000418723,1639.5849999971688,2448.3049999689683,1889.2650000052527,2535.410000011325,5089.755000080913,2138.0300000309944,4371.8349999981,2633.5849999450147,3426.259999978356,3722.315000020899,2004.0950000984594,2956.7650000099093,3930.9949999442324,3145.7449999870732,2722.120000049472,2330.314999911934,5348.17499993369,4297.260000021197,3741.979999933392,4034.5049999887124,4023.8050000043586,3067.079999949783,5392.875000019558,2696.6600000159815,3425.109999952838,2193.8800000352785,2198.0599999660626,2167.3850000370294,1740.6550000887364,2059.400000027381,3993.430000031367,2395.535000017844,3297.569999936968,2228.8750000298023,2437.6599999377504,5328.255000058562,2019.8650000384077,1739.8050000192598,3099.0950000705197,2856.660000048578,2899.2199999047443,3129.3199999490753,1443.5650000814348,3649.409999954514,3562.7549999626353,2297.6550000021234,2358.775000087917,1898.4199999831617,1536.314999917522,2297.800000058487,3146.7299999203533,7157.190000056289,1976.020000060089,3954.395000007935,2628.9749999996275,1312.5600001076236,1409.1100000077859,3325.544999912381,2799.0949999075383,3138.8199999928474,2140.030000009574,2322.06999999471,3426.7349999863654,2095.8049999317154,2200.1300000119954,1926.119999960065,2092.875000089407,3824.1200000047684,2697.5199999287724,2892.4450000049546,2729.13500003051,4264.17500001844,6862.7449999330565,2161.4700000500306,1692.849999992177,1731.3100000610575,2585.1950000505894,1953.5649999743327,3114.714999916032,2762.2599999886006,6669.529999955557,2616.6500000981614,4449.089999892749,4678.1450000125915,2589.869999908842,1832.4400000274181,1820.170000079088,1835.495000006631,3809.570000041276,2355.7850000215694,6515.234999940731,3434.290000004694,2332.0349999703467,3696.08500006143,3713.4450000012293,4434.834999963641,3173.160000005737,3252.0500000100583,4103.440000093542,1684.7449999768287,1913.3600000059232,4882.984999916516,2837.074999930337,3744.624999933876,2608.8400000007823,2328.525000018999,2826.630000025034,3506.05500000529,4322.709999978542,1898.0849999934435,3430.560000007972,1687.9349999362603,3939.8300000466406],"nullify":[]}