{"videoChoices":[{"choice":"fake","left":"fake","right":"real","videoPair":{"real":"http://visiongpu23.csail.mit.edu/scratch/datasets/DeepfakeDetection/facenet_smooth_frames/dfdc_train_part_6/cqqcrpuail.mp4/face_0.mp4","fake":"http://visiongpu23.csail.mit.edu/scratch/datasets/DeepfakeDetection/facenet_smooth_frames/dfdc_train_part_7/dgzrkiuhre.mp4/face_0.mp4"}},{"choice":"real","left":"fake","right":"real","videoPair":{"real":"http://visiongpu23.csail.mit.edu/scratch/datasets/DeepfakeDetection/facenet_smooth_frames/dfdc_train_part_7/dkjxtelpyg.mp4/face_0.mp4","fake":"http://visiongpu23.csail.mit.edu/scratch/datasets/DeepfakeDetection/facenet_smooth_frames/dfdc_train_part_6/gnrdilopke.mp4/face_0.mp4"}},{"choice":"real","left":"real","right":"fake","videoPair":{"real":"http://visiongpu23.csail.mit.edu/scratch/datasets/DeepfakeDetection/facenet_smooth_frames/dfdc_train_part_5/jinawwgxls.mp4/face_0.mp4","fake":"http://visiongpu23.csail.mit.edu/scratch/datasets/DeepfakeDetection/facenet_smooth_frames/dfdc_train_part_1/bpcimjvhlu.mp4/face_0.mp4"}},{"choice":"real","left":"fake","right":"real","videoPair":{"real":"http://visiongpu23.csail.mit.edu/scratch/datasets/DeepfakeDetection/facenet_smooth_frames/dfdc_train_part_6/buesukpgjd.mp4/face_0.mp4","fake":"http://visiongpu23.csail.mit.edu/scratch/datasets/DeepfakeDetection/facenet_smooth_frames/dfdc_train_part_7/dewgobbsfq.mp4/face_0.mp4"}},{"choice":"real","left":"fake","right":"real","videoPair":{"real":"http://visiongpu23.csail.mit.edu/scratch/datasets/DeepfakeDetection/facenet_smooth_frames/dfdc_train_part_6/bgebgmkxyc.mp4/face_0.mp4","fake":"http://visiongpu23.csail.mit.edu/scratch/datasets/DeepfakeDetection/facenet_smooth_frames/dfdc_train_part_7/haoogauyzr.mp4/face_0.mp4"}},{"choice":"fake","left":"fake","right":"real","videoPair":{"real":"http://visiongpu23.csail.mit.edu/scratch/datasets/DeepfakeDetection/facenet_smooth_frames/dfdc_train_part_7/jpazwswbjj.mp4/face_0.mp4","fake":"http://visiongpu23.csail.mit.edu/scratch/datasets/DeepfakeDetection/facenet_smooth_frames/dfdc_train_part_7/kpssytguof.mp4/face_0.mp4"}},{"choice":"fake","left":"fake","right":"real","videoPair":{"real":"http://visiongpu23.csail.mit.edu/scratch/datasets/DeepfakeDetection/facenet_smooth_frames/dfdc_train_part_5/jlvqrgqhpw.mp4/face_0.mp4","fake":"http://visiongpu23.csail.mit.edu/scratch/datasets/DeepfakeDetection/facenet_smooth_frames/dfdc_train_part_11/aprcmkybrl.mp4/face_0.mp4"}},{"choice":"fake","left":"real","right":"fake","videoPair":{"real":"http://visiongpu23.csail.mit.edu/scratch/datasets/DeepfakeDetection/facenet_smooth_frames/dfdc_train_part_1/qzpwniycty.mp4/face_0.mp4","fake":"http://visiongpu23.csail.mit.edu/scratch/datasets/DeepfakeDetection/facenet_smooth_frames/dfdc_train_part_7/hcqilphicl.mp4/face_0.mp4"}},{"choice":"fake","left":"real","right":"fake","videoPair":{"real":"http://visiongpu23.csail.mit.edu/scratch/datasets/DeepfakeDetection/facenet_smooth_frames/dfdc_train_part_7/apeftlgrqg.mp4/face_0.mp4","fake":"http://visiongpu23.csail.mit.edu/scratch/datasets/DeepfakeDetection/facenet_smooth_frames/dfdc_train_part_7/nhcfgewaic.mp4/face_0.mp4"}},{"choice":"real","left":"real","right":"fake","videoPair":{"real":"http://visiongpu23.csail.mit.edu/scratch/datasets/DeepfakeDetection/facenet_smooth_frames/dfdc_train_part_0/apvzjkvnwn.mp4/face_0.mp4","fake":"http://visiongpu23.csail.mit.edu/scratch/datasets/DeepfakeDetection/facenet_smooth_frames/dfdc_train_part_7/mdokgndttf.mp4/face_0.mp4"}},{"choice":"real","left":"real","right":"fake","videoPair":{"real":"http://visiongpu23.csail.mit.edu/scratch/datasets/DeepfakeDetection/facenet_smooth_frames/dfdc_train_part_11/ammjmqtbdo.mp4/face_0.mp4","fake":"http://visiongpu23.csail.mit.edu/scratch/datasets/DeepfakeDetection/facenet_smooth_frames/dfdc_train_part_7/kxserhilpo.mp4/face_0.mp4"}},{"choice":"fake","left":"fake","right":"real","videoPair":{"real":"http://visiongpu23.csail.mit.edu/scratch/datasets/DeepfakeDetection/facenet_smooth_frames/dfdc_train_part_2/prwsfljdjo.mp4/face_0.mp4","fake":"http://visiongpu23.csail.mit.edu/scratch/datasets/DeepfakeDetection/facenet_smooth_frames/dfdc_train_part_7/dcfuwvayco.mp4/face_0.mp4"}},{"choice":"real","left":"fake","right":"real","videoPair":{"real":"http://visiongpu23.csail.mit.edu/scratch/datasets/DeepfakeDetection/facenet_smooth_frames/dfdc_train_part_2/blnmxntbey.mp4/face_0.mp4","fake":"http://visiongpu23.csail.mit.edu/scratch/datasets/DeepfakeDetection/facenet_smooth_frames/dfdc_train_part_6/gkmzggwtvb.mp4/face_0.mp4"}},{"choice":"real","left":"fake","right":"real","videoPair":{"real":"http://visiongpu23.csail.mit.edu/scratch/datasets/DeepfakeDetection/facenet_smooth_frames/dfdc_train_part_7/jnxninjsir.mp4/face_0.mp4","fake":"http://visiongpu23.csail.mit.edu/scratch/datasets/DeepfakeDetection/facenet_smooth_frames/dfdc_train_part_7/dszocsfvpr.mp4/face_0.mp4"}},{"choice":"real","left":"real","right":"fake","videoPair":{"real":"http://visiongpu23.csail.mit.edu/scratch/datasets/DeepfakeDetection/facenet_smooth_frames/dfdc_train_part_2/ylxwcwhjjd.mp4/face_0.mp4","fake":"http://visiongpu23.csail.mit.edu/scratch/datasets/DeepfakeDetection/facenet_smooth_frames/dfdc_train_part_1/fyygfkcsqq.mp4/face_0.mp4"}},{"choice":"fake","left":"fake","right":"real","videoPair":{"real":"http://visiongpu23.csail.mit.edu/scratch/datasets/DeepfakeDetection/facenet_smooth_frames/dfdc_train_part_2/jtafajtmpv.mp4/face_0.mp4","fake":"http://visiongpu23.csail.mit.edu/scratch/datasets/DeepfakeDetection/facenet_smooth_frames/dfdc_train_part_6/esrxmtadkt.mp4/face_0.mp4"}},{"choice":"fake","left":"real","right":"fake","videoPair":{"real":"http://visiongpu23.csail.mit.edu/scratch/datasets/DeepfakeDetection/facenet_smooth_frames/dfdc_train_part_7/kpltzztlvj.mp4/face_0.mp4","fake":"http://visiongpu23.csail.mit.edu/scratch/datasets/DeepfakeDetection/facenet_smooth_frames/dfdc_train_part_6/bygtwucggu.mp4/face_0.mp4"}},{"choice":"fake","left":"fake","right":"real","videoPair":{"real":"http://visiongpu23.csail.mit.edu/scratch/datasets/DeepfakeDetection/facenet_smooth_frames/dfdc_train_part_5/byahwgvhmf.mp4/face_0.mp4","fake":"http://visiongpu23.csail.mit.edu/scratch/datasets/DeepfakeDetection/facenet_smooth_frames/dfdc_train_part_7/jpgejzqzxc.mp4/face_0.mp4"}},{"choice":"real","left":"fake","right":"real","videoPair":{"real":"http://visiongpu23.csail.mit.edu/scratch/datasets/DeepfakeDetection/facenet_smooth_frames/dfdc_train_part_6/dnhlwyzwtx.mp4/face_0.mp4","fake":"http://visiongpu23.csail.mit.edu/scratch/datasets/DeepfakeDetection/facenet_smooth_frames/dfdc_train_part_6/kweimubylr.mp4/face_0.mp4"}},{"choice":"fake","left":"real","right":"fake","videoPair":{"real":"http://visiongpu23.csail.mit.edu/scratch/datasets/DeepfakeDetection/facenet_smooth_frames/dfdc_train_part_2/qcsfyfuibd.mp4/face_0.mp4","fake":"http://visiongpu23.csail.mit.edu/scratch/datasets/DeepfakeDetection/facenet_smooth_frames/dfdc_train_part_7/eokrjqnxwx.mp4/face_0.mp4"}},{"choice":"fake","left":"fake","right":"real","videoPair":{"real":"http://visiongpu23.csail.mit.edu/scratch/datasets/DeepfakeDetection/facenet_smooth_frames/dfdc_train_part_11/bsnrcykrki.mp4/face_0.mp4","fake":"http://visiongpu23.csail.mit.edu/scratch/datasets/DeepfakeDetection/facenet_smooth_frames/dfdc_train_part_0/acdkfksyev.mp4/face_0.mp4"}},{"choice":"fake","left":"real","right":"fake","videoPair":{"real":"http://visiongpu23.csail.mit.edu/scratch/datasets/DeepfakeDetection/facenet_smooth_frames/dfdc_train_part_1/xxzefxwyku.mp4/face_0.mp4","fake":"http://visiongpu23.csail.mit.edu/scratch/datasets/DeepfakeDetection/facenet_smooth_frames/dfdc_train_part_6/ilcpkujaxn.mp4/face_0.mp4"}},{"choice":"fake","left":"real","right":"fake","videoPair":{"real":"http://visiongpu23.csail.mit.edu/scratch/datasets/DeepfakeDetection/facenet_smooth_frames/dfdc_train_part_6/fkisosebej.mp4/face_0.mp4","fake":"http://visiongpu23.csail.mit.edu/scratch/datasets/DeepfakeDetection/facenet_smooth_frames/dfdc_train_part_7/bkzcioseyf.mp4/face_0.mp4"}},{"choice":"fake","left":"fake","right":"real","videoPair":{"real":"http://visiongpu23.csail.mit.edu/scratch/datasets/DeepfakeDetection/facenet_smooth_frames/dfdc_train_part_6/edggkddtuv.mp4/face_0.mp4","fake":"http://visiongpu23.csail.mit.edu/scratch/datasets/DeepfakeDetection/facenet_smooth_frames/dfdc_train_part_7/nffgksynro.mp4/face_0.mp4"}},{"choice":"fake","left":"fake","right":"real","videoPair":{"real":"http://visiongpu23.csail.mit.edu/scratch/datasets/DeepfakeDetection/facenet_smooth_frames/dfdc_train_part_2/adohdulfwb.mp4/face_0.mp4","fake":"http://visiongpu23.csail.mit.edu/scratch/datasets/DeepfakeDetection/facenet_smooth_frames/dfdc_train_part_7/boffgepsfl.mp4/face_0.mp4"}},{"choice":"fake","left":"fake","right":"real","videoPair":{"real":"http://visiongpu23.csail.mit.edu/scratch/datasets/DeepfakeDetection/facenet_smooth_frames/dfdc_train_part_2/torjqecxjw.mp4/face_0.mp4","fake":"http://visiongpu23.csail.mit.edu/scratch/datasets/DeepfakeDetection/facenet_smooth_frames/dfdc_train_part_6/cxdlxvgysz.mp4/face_0.mp4"}},{"choice":"fake","left":"real","right":"fake","videoPair":{"real":"http://visiongpu23.csail.mit.edu/scratch/datasets/DeepfakeDetection/facenet_smooth_frames/dfdc_train_part_6/gwypcwesyg.mp4/face_0.mp4","fake":"http://visiongpu23.csail.mit.edu/scratch/datasets/DeepfakeDetection/facenet_smooth_frames/dfdc_train_part_7/ndfokrbwnr.mp4/face_0.mp4"}},{"choice":"real","left":"real","right":"fake","videoPair":{"real":"http://visiongpu23.csail.mit.edu/scratch/datasets/DeepfakeDetection/facenet_smooth_frames/dfdc_train_part_11/aqyvunegbf.mp4/face_0.mp4","fake":"http://visiongpu23.csail.mit.edu/scratch/datasets/DeepfakeDetection/facenet_smooth_frames/dfdc_train_part_7/dgcrrnrjyl.mp4/face_0.mp4"}},{"choice":"fake","left":"real","right":"fake","videoPair":{"real":"http://visiongpu23.csail.mit.edu/scratch/datasets/DeepfakeDetection/facenet_smooth_frames/dfdc_train_part_2/phvzvwsxtx.mp4/face_0.mp4","fake":"http://visiongpu23.csail.mit.edu/scratch/datasets/DeepfakeDetection/facenet_smooth_frames/dfdc_train_part_7/adsxpxgjlp.mp4/face_0.mp4"}},{"choice":"fake","left":"fake","right":"real","videoPair":{"real":"http://visiongpu23.csail.mit.edu/scratch/datasets/DeepfakeDetection/facenet_smooth_frames/dfdc_train_part_2/ebezansurq.mp4/face_0.mp4","fake":"http://visiongpu23.csail.mit.edu/scratch/datasets/DeepfakeDetection/facenet_smooth_frames/dfdc_train_part_7/ohsuexvbax.mp4/face_0.mp4"}},{"choice":"real","left":"fake","right":"real","videoPair":{"real":"http://visiongpu23.csail.mit.edu/scratch/datasets/DeepfakeDetection/facenet_smooth_frames/dfdc_train_part_7/gyluavwkij.mp4/face_0.mp4","fake":"http://visiongpu23.csail.mit.edu/scratch/datasets/DeepfakeDetection/facenet_smooth_frames/dfdc_train_part_6/btjooqbucg.mp4/face_0.mp4"}},{"choice":"fake","left":"real","right":"fake","videoPair":{"real":"http://visiongpu23.csail.mit.edu/scratch/datasets/DeepfakeDetection/facenet_smooth_frames/dfdc_train_part_11/ccdaqfjqft.mp4/face_0.mp4","fake":"http://visiongpu23.csail.mit.edu/scratch/datasets/DeepfakeDetection/facenet_smooth_frames/dfdc_train_part_7/mocwcmlrwu.mp4/face_0.mp4"}},{"choice":"real","left":"real","right":"fake","videoPair":{"real":"http://visiongpu23.csail.mit.edu/scratch/datasets/DeepfakeDetection/facenet_smooth_frames/dfdc_train_part_7/jbpxyyacyj.mp4/face_0.mp4","fake":"http://visiongpu23.csail.mit.edu/scratch/datasets/DeepfakeDetection/facenet_smooth_frames/dfdc_train_part_6/gspxydfbup.mp4/face_0.mp4"}},{"choice":"fake","left":"fake","right":"real","videoPair":{"real":"http://visiongpu23.csail.mit.edu/scratch/datasets/DeepfakeDetection/facenet_smooth_frames/dfdc_train_part_1/qjqxfcgsyd.mp4/face_0.mp4","fake":"http://visiongpu23.csail.mit.edu/scratch/datasets/DeepfakeDetection/facenet_smooth_frames/dfdc_train_part_11/cssuukpkgx.mp4/face_0.mp4"}},{"choice":"fake","left":"real","right":"fake","videoPair":{"real":"http://visiongpu23.csail.mit.edu/scratch/datasets/DeepfakeDetection/facenet_smooth_frames/dfdc_train_part_2/mwxecbuidu.mp4/face_0.mp4","fake":"http://visiongpu23.csail.mit.edu/scratch/datasets/DeepfakeDetection/facenet_smooth_frames/dfdc_train_part_10/cpsqfqaztq.mp4/face_0.mp4"}},{"choice":"fake","left":"fake","right":"real","videoPair":{"real":"http://visiongpu23.csail.mit.edu/scratch/datasets/DeepfakeDetection/facenet_smooth_frames/dfdc_train_part_6/mhlviycfpq.mp4/face_0.mp4","fake":"http://visiongpu23.csail.mit.edu/scratch/datasets/DeepfakeDetection/facenet_smooth_frames/dfdc_train_part_7/lrhoazzxij.mp4/face_0.mp4"}},{"choice":"fake","left":"fake","right":"real","videoPair":{"real":"http://visiongpu23.csail.mit.edu/scratch/datasets/DeepfakeDetection/facenet_smooth_frames/dfdc_train_part_5/kmigcpmqoq.mp4/face_0.mp4","fake":"http://visiongpu23.csail.mit.edu/scratch/datasets/DeepfakeDetection/facenet_smooth_frames/dfdc_train_part_7/jgjctxasju.mp4/face_0.mp4"}},{"choice":"real","left":"real","right":"fake","videoPair":{"real":"http://visiongpu23.csail.mit.edu/scratch/datasets/DeepfakeDetection/facenet_smooth_frames/dfdc_train_part_5/iloqoarohp.mp4/face_0.mp4","fake":"http://visiongpu23.csail.mit.edu/scratch/datasets/DeepfakeDetection/facenet_smooth_frames/dfdc_train_part_1/rxbabwdbhj.mp4/face_0.mp4"}},{"choice":"fake","left":"real","right":"fake","videoPair":{"real":"http://visiongpu23.csail.mit.edu/scratch/datasets/DeepfakeDetection/facenet_smooth_frames/dfdc_train_part_1/gahgyuwzbu.mp4/face_0.mp4","fake":"http://visiongpu23.csail.mit.edu/scratch/datasets/DeepfakeDetection/facenet_smooth_frames/dfdc_train_part_10/axrhyqpdte.mp4/face_0.mp4"}},{"choice":"fake","left":"real","right":"fake","videoPair":{"real":"http://visiongpu23.csail.mit.edu/scratch/datasets/DeepfakeDetection/facenet_smooth_frames/dfdc_train_part_1/lujvyveojc.mp4/face_0.mp4","fake":"http://visiongpu23.csail.mit.edu/scratch/datasets/DeepfakeDetection/facenet_smooth_frames/dfdc_train_part_7/coegoetjpm.mp4/face_0.mp4"}},{"choice":"fake","left":"real","right":"fake","videoPair":{"real":"http://visiongpu23.csail.mit.edu/scratch/datasets/DeepfakeDetection/facenet_smooth_frames/dfdc_train_part_2/zxacihctqp.mp4/face_0.mp4","fake":"http://visiongpu23.csail.mit.edu/scratch/datasets/DeepfakeDetection/facenet_smooth_frames/dfdc_train_part_6/feomtvzchx.mp4/face_0.mp4"}},{"choice":"fake","left":"real","right":"fake","videoPair":{"real":"http://visiongpu23.csail.mit.edu/scratch/datasets/DeepfakeDetection/facenet_smooth_frames/dfdc_train_part_5/lkbpavasad.mp4/face_0.mp4","fake":"http://visiongpu23.csail.mit.edu/scratch/datasets/DeepfakeDetection/facenet_smooth_frames/dfdc_train_part_7/hwmpwaennr.mp4/face_0.mp4"}},{"choice":"fake","left":"fake","right":"real","videoPair":{"real":"http://visiongpu23.csail.mit.edu/scratch/datasets/DeepfakeDetection/facenet_smooth_frames/dfdc_train_part_5/chqosjqjus.mp4/face_0.mp4","fake":"http://visiongpu23.csail.mit.edu/scratch/datasets/DeepfakeDetection/facenet_smooth_frames/dfdc_train_part_11/avvmidgbai.mp4/face_0.mp4"}},{"choice":"fake","left":"fake","right":"real","videoPair":{"real":"http://visiongpu23.csail.mit.edu/scratch/datasets/DeepfakeDetection/facenet_smooth_frames/dfdc_train_part_2/tyjpjpglgx.mp4/face_0.mp4","fake":"http://visiongpu23.csail.mit.edu/scratch/datasets/DeepfakeDetection/facenet_smooth_frames/dfdc_train_part_6/elkewgkesd.mp4/face_0.mp4"}},{"choice":"real","left":"fake","right":"real","videoPair":{"real":"http://visiongpu23.csail.mit.edu/scratch/datasets/DeepfakeDetection/facenet_smooth_frames/dfdc_train_part_5/fivdmorlbt.mp4/face_0.mp4","fake":"http://visiongpu23.csail.mit.edu/scratch/datasets/DeepfakeDetection/facenet_smooth_frames/dfdc_train_part_6/kdbnvdnmjw.mp4/face_0.mp4"}},{"choice":"fake","left":"fake","right":"real","videoPair":{"real":"http://visiongpu23.csail.mit.edu/scratch/datasets/DeepfakeDetection/facenet_smooth_frames/dfdc_train_part_5/aizcvzaxcj.mp4/face_0.mp4","fake":"http://visiongpu23.csail.mit.edu/scratch/datasets/DeepfakeDetection/facenet_smooth_frames/dfdc_train_part_6/cbmhbmwxgc.mp4/face_0.mp4"}},{"choice":"fake","left":"real","right":"fake","videoPair":{"real":"http://visiongpu23.csail.mit.edu/scratch/datasets/DeepfakeDetection/facenet_smooth_frames/dfdc_train_part_2/rrwdacnzcd.mp4/face_0.mp4","fake":"http://visiongpu23.csail.mit.edu/scratch/datasets/DeepfakeDetection/facenet_smooth_frames/dfdc_train_part_7/ielojrzbhe.mp4/face_0.mp4"}},{"choice":"fake","left":"fake","right":"real","videoPair":{"real":"http://visiongpu23.csail.mit.edu/scratch/datasets/DeepfakeDetection/facenet_smooth_frames/dfdc_train_part_5/hepjjlvper.mp4/face_0.mp4","fake":"http://visiongpu23.csail.mit.edu/scratch/datasets/DeepfakeDetection/facenet_smooth_frames/dfdc_train_part_6/eagqnsbiyh.mp4/face_0.mp4"}},{"choice":"fake","left":"real","right":"fake","videoPair":{"real":"http://visiongpu23.csail.mit.edu/scratch/datasets/DeepfakeDetection/facenet_smooth_frames/dfdc_train_part_2/fzmnxvmtgh.mp4/face_0.mp4","fake":"http://visiongpu23.csail.mit.edu/scratch/datasets/DeepfakeDetection/facenet_smooth_frames/dfdc_train_part_6/gwbfvbqtwl.mp4/face_0.mp4"}},{"choice":"fake","left":"real","right":"fake","videoPair":{"real":"http://visiongpu23.csail.mit.edu/scratch/datasets/DeepfakeDetection/facenet_smooth_frames/dfdc_train_part_7/cftfpsgzil.mp4/face_0.mp4","fake":"http://visiongpu23.csail.mit.edu/scratch/datasets/DeepfakeDetection/facenet_smooth_frames/dfdc_train_part_7/fotdwuwgsq.mp4/face_0.mp4"}},{"choice":"real","left":"fake","right":"real","videoPair":{"real":"http://visiongpu23.csail.mit.edu/scratch/datasets/DeepfakeDetection/facenet_smooth_frames/dfdc_train_part_2/jkonwkrhqp.mp4/face_0.mp4","fake":"http://visiongpu23.csail.mit.edu/scratch/datasets/DeepfakeDetection/facenet_smooth_frames/dfdc_train_part_7/kcfbaulmcz.mp4/face_0.mp4"}},{"choice":"fake","left":"fake","right":"real","videoPair":{"real":"http://visiongpu23.csail.mit.edu/scratch/datasets/DeepfakeDetection/facenet_smooth_frames/dfdc_train_part_5/kjbjzswdsw.mp4/face_0.mp4","fake":"http://visiongpu23.csail.mit.edu/scratch/datasets/DeepfakeDetection/facenet_smooth_frames/dfdc_train_part_7/mtowgsfoti.mp4/face_0.mp4"}},{"choice":"fake","left":"real","right":"fake","videoPair":{"real":"http://visiongpu23.csail.mit.edu/scratch/datasets/DeepfakeDetection/facenet_smooth_frames/dfdc_train_part_5/ezuyqnjbwb.mp4/face_0.mp4","fake":"http://visiongpu23.csail.mit.edu/scratch/datasets/DeepfakeDetection/facenet_smooth_frames/dfdc_train_part_6/iqgxpctdvo.mp4/face_0.mp4"}},{"choice":"fake","left":"real","right":"fake","videoPair":{"real":"http://visiongpu23.csail.mit.edu/scratch/datasets/DeepfakeDetection/facenet_smooth_frames/dfdc_train_part_7/dbnrpkiwjx.mp4/face_0.mp4","fake":"http://visiongpu23.csail.mit.edu/scratch/datasets/DeepfakeDetection/facenet_smooth_frames/dfdc_train_part_7/bkdjwhyojy.mp4/face_0.mp4"}},{"choice":"fake","left":"real","right":"fake","videoPair":{"real":"http://visiongpu23.csail.mit.edu/scratch/datasets/DeepfakeDetection/facenet_smooth_frames/dfdc_train_part_10/asfqfdvrjj.mp4/face_0.mp4","fake":"http://visiongpu23.csail.mit.edu/scratch/datasets/DeepfakeDetection/facenet_smooth_frames/dfdc_train_part_6/lzfgrtjpty.mp4/face_0.mp4"}},{"choice":"fake","left":"real","right":"fake","videoPair":{"real":"http://visiongpu23.csail.mit.edu/scratch/datasets/DeepfakeDetection/facenet_smooth_frames/dfdc_train_part_2/rbhecseopz.mp4/face_0.mp4","fake":"http://visiongpu23.csail.mit.edu/scratch/datasets/DeepfakeDetection/facenet_smooth_frames/dfdc_train_part_6/bevijjvici.mp4/face_0.mp4"}},{"choice":"fake","left":"fake","right":"real","videoPair":{"real":"http://visiongpu23.csail.mit.edu/scratch/datasets/DeepfakeDetection/facenet_smooth_frames/dfdc_train_part_7/jtpjvsnwjc.mp4/face_0.mp4","fake":"http://visiongpu23.csail.mit.edu/scratch/datasets/DeepfakeDetection/facenet_smooth_frames/dfdc_train_part_6/jjlsdxbgmu.mp4/face_0.mp4"}},{"choice":"fake","left":"fake","right":"real","videoPair":{"real":"http://visiongpu23.csail.mit.edu/scratch/datasets/DeepfakeDetection/facenet_smooth_frames/dfdc_train_part_7/ighgptshjh.mp4/face_0.mp4","fake":"http://visiongpu23.csail.mit.edu/scratch/datasets/DeepfakeDetection/facenet_smooth_frames/dfdc_train_part_7/ncpkleegld.mp4/face_0.mp4"}},{"choice":"fake","left":"fake","right":"real","videoPair":{"real":"http://visiongpu23.csail.mit.edu/scratch/datasets/DeepfakeDetection/facenet_smooth_frames/dfdc_train_part_6/aqfytexxbl.mp4/face_0.mp4","fake":"http://visiongpu23.csail.mit.edu/scratch/datasets/DeepfakeDetection/facenet_smooth_frames/dfdc_train_part_10/avsmkgfxso.mp4/face_0.mp4"}},{"choice":"fake","left":"fake","right":"real","videoPair":{"real":"http://visiongpu23.csail.mit.edu/scratch/datasets/DeepfakeDetection/facenet_smooth_frames/dfdc_train_part_6/azcbnczesb.mp4/face_0.mp4","fake":"http://visiongpu23.csail.mit.edu/scratch/datasets/DeepfakeDetection/facenet_smooth_frames/dfdc_train_part_6/ludekmqaoa.mp4/face_0.mp4"}},{"choice":"fake","left":"fake","right":"real","videoPair":{"real":"http://visiongpu23.csail.mit.edu/scratch/datasets/DeepfakeDetection/facenet_smooth_frames/dfdc_train_part_11/agazcxsnes.mp4/face_0.mp4","fake":"http://visiongpu23.csail.mit.edu/scratch/datasets/DeepfakeDetection/facenet_smooth_frames/dfdc_train_part_7/ltsfbcjouq.mp4/face_0.mp4"}},{"choice":"fake","left":"real","right":"fake","videoPair":{"real":"http://visiongpu23.csail.mit.edu/scratch/datasets/DeepfakeDetection/facenet_smooth_frames/dfdc_train_part_7/jcsqrhfgso.mp4/face_0.mp4","fake":"http://visiongpu23.csail.mit.edu/scratch/datasets/DeepfakeDetection/facenet_smooth_frames/dfdc_train_part_6/jwtcthyuxh.mp4/face_0.mp4"}},{"choice":"real","left":"fake","right":"real","videoPair":{"real":"http://visiongpu23.csail.mit.edu/scratch/datasets/DeepfakeDetection/facenet_smooth_frames/dfdc_train_part_7/gefugazrua.mp4/face_0.mp4","fake":"http://visiongpu23.csail.mit.edu/scratch/datasets/DeepfakeDetection/facenet_smooth_frames/dfdc_train_part_6/idvystcrfi.mp4/face_0.mp4"}},{"choice":"fake","left":"fake","right":"real","videoPair":{"real":"http://visiongpu23.csail.mit.edu/scratch/datasets/DeepfakeDetection/facenet_smooth_frames/dfdc_train_part_5/bmjbamtqwn.mp4/face_0.mp4","fake":"http://visiongpu23.csail.mit.edu/scratch/datasets/DeepfakeDetection/facenet_smooth_frames/dfdc_train_part_7/dhfqnebqii.mp4/face_0.mp4"}},{"choice":"fake","left":"real","right":"fake","videoPair":{"real":"http://visiongpu23.csail.mit.edu/scratch/datasets/DeepfakeDetection/facenet_smooth_frames/dfdc_train_part_2/uhrqlmlclw.mp4/face_0.mp4","fake":"http://visiongpu23.csail.mit.edu/scratch/datasets/DeepfakeDetection/facenet_smooth_frames/dfdc_train_part_6/dhspjmstbw.mp4/face_0.mp4"}},{"choice":"fake","left":"real","right":"fake","videoPair":{"real":"http://visiongpu23.csail.mit.edu/scratch/datasets/DeepfakeDetection/facenet_smooth_frames/dfdc_train_part_7/njrcaurral.mp4/face_0.mp4","fake":"http://visiongpu23.csail.mit.edu/scratch/datasets/DeepfakeDetection/facenet_smooth_frames/dfdc_train_part_7/ofuviodasc.mp4/face_0.mp4"}},{"choice":"fake","left":"fake","right":"real","videoPair":{"real":"http://visiongpu23.csail.mit.edu/scratch/datasets/DeepfakeDetection/facenet_smooth_frames/dfdc_train_part_2/uulabkvfns.mp4/face_0.mp4","fake":"http://visiongpu23.csail.mit.edu/scratch/datasets/DeepfakeDetection/facenet_smooth_frames/dfdc_train_part_7/lmvvnmqcjo.mp4/face_0.mp4"}},{"choice":"fake","left":"real","right":"fake","videoPair":{"real":"http://visiongpu23.csail.mit.edu/scratch/datasets/DeepfakeDetection/facenet_smooth_frames/dfdc_train_part_6/kuoraiutvy.mp4/face_0.mp4","fake":"http://visiongpu23.csail.mit.edu/scratch/datasets/DeepfakeDetection/facenet_smooth_frames/dfdc_train_part_6/bhtoegtzyi.mp4/face_0.mp4"}},{"choice":"real","left":"real","right":"fake","videoPair":{"real":"http://visiongpu23.csail.mit.edu/scratch/datasets/DeepfakeDetection/facenet_smooth_frames/dfdc_train_part_2/ejhhokmvpe.mp4/face_0.mp4","fake":"http://visiongpu23.csail.mit.edu/scratch/datasets/DeepfakeDetection/facenet_smooth_frames/dfdc_train_part_0/fbxpssbrqp.mp4/face_0.mp4"}},{"choice":"fake","left":"fake","right":"real","videoPair":{"real":"http://visiongpu23.csail.mit.edu/scratch/datasets/DeepfakeDetection/facenet_smooth_frames/dfdc_train_part_5/nmusooihlb.mp4/face_0.mp4","fake":"http://visiongpu23.csail.mit.edu/scratch/datasets/DeepfakeDetection/facenet_smooth_frames/dfdc_train_part_7/dmzupwmxjo.mp4/face_0.mp4"}},{"choice":"fake","left":"fake","right":"real","videoPair":{"real":"http://visiongpu23.csail.mit.edu/scratch/datasets/DeepfakeDetection/facenet_smooth_frames/dfdc_train_part_11/aokrlamaci.mp4/face_0.mp4","fake":"http://visiongpu23.csail.mit.edu/scratch/datasets/DeepfakeDetection/facenet_smooth_frames/dfdc_train_part_7/crekemdxff.mp4/face_0.mp4"}},{"choice":"fake","left":"fake","right":"real","videoPair":{"real":"http://visiongpu23.csail.mit.edu/scratch/datasets/DeepfakeDetection/facenet_smooth_frames/dfdc_train_part_11/deqxaihxuz.mp4/face_0.mp4","fake":"http://visiongpu23.csail.mit.edu/scratch/datasets/DeepfakeDetection/facenet_smooth_frames/dfdc_train_part_6/iduxskpipi.mp4/face_0.mp4"}},{"choice":"real","left":"real","right":"fake","videoPair":{"real":"http://visiongpu23.csail.mit.edu/scratch/datasets/DeepfakeDetection/facenet_smooth_frames/dfdc_train_part_7/lbaqljuzgt.mp4/face_0.mp4","fake":"http://visiongpu23.csail.mit.edu/scratch/datasets/DeepfakeDetection/facenet_smooth_frames/dfdc_train_part_11/bxwswwesmk.mp4/face_0.mp4"}},{"choice":"real","left":"real","right":"fake","videoPair":{"real":"http://visiongpu23.csail.mit.edu/scratch/datasets/DeepfakeDetection/facenet_smooth_frames/dfdc_train_part_7/nsfnxqvgxn.mp4/face_0.mp4","fake":"http://visiongpu23.csail.mit.edu/scratch/datasets/DeepfakeDetection/facenet_smooth_frames/dfdc_train_part_11/aekvkkmfqi.mp4/face_0.mp4"}},{"choice":"real","left":"fake","right":"real","videoPair":{"real":"http://visiongpu23.csail.mit.edu/scratch/datasets/DeepfakeDetection/facenet_smooth_frames/dfdc_train_part_2/sodvtfqbpf.mp4/face_0.mp4","fake":"http://visiongpu23.csail.mit.edu/scratch/datasets/DeepfakeDetection/facenet_smooth_frames/dfdc_train_part_6/ibyfsskmnp.mp4/face_0.mp4"}},{"choice":"fake","left":"fake","right":"real","videoPair":{"real":"http://visiongpu23.csail.mit.edu/scratch/datasets/DeepfakeDetection/facenet_smooth_frames/dfdc_train_part_17/abviavonpo.mp4/face_0.mp4","fake":"http://visiongpu23.csail.mit.edu/scratch/datasets/DeepfakeDetection/facenet_smooth_frames/dfdc_train_part_7/erujqhdqsu.mp4/face_0.mp4"}},{"choice":"real","left":"fake","right":"real","videoPair":{"real":"http://visiongpu23.csail.mit.edu/scratch/datasets/DeepfakeDetection/facenet_smooth_frames/dfdc_train_part_2/pcoxcmtroa.mp4/face_0.mp4","fake":"http://visiongpu23.csail.mit.edu/scratch/datasets/DeepfakeDetection/facenet_smooth_frames/dfdc_train_part_0/jbxviammiv.mp4/face_0.mp4"}},{"choice":"fake","left":"fake","right":"real","videoPair":{"real":"http://visiongpu23.csail.mit.edu/scratch/datasets/DeepfakeDetection/facenet_smooth_frames/dfdc_train_part_2/bfdopzvxbi.mp4/face_0.mp4","fake":"http://visiongpu23.csail.mit.edu/scratch/datasets/DeepfakeDetection/facenet_smooth_frames/dfdc_train_part_11/dnepnrozau.mp4/face_0.mp4"}},{"choice":"fake","left":"real","right":"fake","videoPair":{"real":"http://visiongpu23.csail.mit.edu/scratch/datasets/DeepfakeDetection/facenet_smooth_frames/dfdc_train_part_7/domsajovzs.mp4/face_0.mp4","fake":"http://visiongpu23.csail.mit.edu/scratch/datasets/DeepfakeDetection/facenet_smooth_frames/dfdc_train_part_6/gnhzduwqbr.mp4/face_0.mp4"}},{"choice":"fake","left":"real","right":"fake","videoPair":{"real":"http://visiongpu23.csail.mit.edu/scratch/datasets/DeepfakeDetection/facenet_smooth_frames/dfdc_train_part_5/bbwrqfawrj.mp4/face_0.mp4","fake":"http://visiongpu23.csail.mit.edu/scratch/datasets/DeepfakeDetection/facenet_smooth_frames/dfdc_train_part_0/hdgfgvcoqk.mp4/face_0.mp4"}},{"choice":"real","left":"real","right":"fake","videoPair":{"real":"http://visiongpu23.csail.mit.edu/scratch/datasets/DeepfakeDetection/facenet_smooth_frames/dfdc_train_part_6/bryxfrlkul.mp4/face_0.mp4","fake":"http://visiongpu23.csail.mit.edu/scratch/datasets/DeepfakeDetection/facenet_smooth_frames/dfdc_train_part_6/ekhdzmeygp.mp4/face_0.mp4"}},{"choice":"fake","left":"real","right":"fake","videoPair":{"real":"http://visiongpu23.csail.mit.edu/scratch/datasets/DeepfakeDetection/facenet_smooth_frames/dfdc_train_part_6/bzbgfksqiq.mp4/face_0.mp4","fake":"http://visiongpu23.csail.mit.edu/scratch/datasets/DeepfakeDetection/facenet_smooth_frames/dfdc_train_part_10/bshmwbzewf.mp4/face_0.mp4"}},{"choice":"fake","left":"real","right":"fake","videoPair":{"real":"http://visiongpu23.csail.mit.edu/scratch/datasets/DeepfakeDetection/facenet_smooth_frames/dfdc_train_part_6/dsxmpdwjjq.mp4/face_0.mp4","fake":"http://visiongpu23.csail.mit.edu/scratch/datasets/DeepfakeDetection/facenet_smooth_frames/dfdc_train_part_6/lnnflacpfl.mp4/face_0.mp4"}},{"choice":"fake","left":"real","right":"fake","videoPair":{"real":"http://visiongpu23.csail.mit.edu/scratch/datasets/DeepfakeDetection/facenet_smooth_frames/dfdc_train_part_2/wbjtrlyjsm.mp4/face_0.mp4","fake":"http://visiongpu23.csail.mit.edu/scratch/datasets/DeepfakeDetection/facenet_smooth_frames/dfdc_train_part_7/hmtoqsdvss.mp4/face_0.mp4"}},{"choice":"fake","left":"real","right":"fake","videoPair":{"real":"http://visiongpu23.csail.mit.edu/scratch/datasets/DeepfakeDetection/facenet_smooth_frames/dfdc_train_part_2/tejfudfgpq.mp4/face_0.mp4","fake":"http://visiongpu23.csail.mit.edu/scratch/datasets/DeepfakeDetection/facenet_smooth_frames/dfdc_train_part_6/eqpfwyapqg.mp4/face_0.mp4"}},{"choice":"real","left":"real","right":"fake","videoPair":{"real":"http://visiongpu23.csail.mit.edu/scratch/datasets/DeepfakeDetection/facenet_smooth_frames/dfdc_train_part_1/cnpanmywno.mp4/face_0.mp4","fake":"http://visiongpu23.csail.mit.edu/scratch/datasets/DeepfakeDetection/facenet_smooth_frames/dfdc_train_part_6/kijixmfcou.mp4/face_0.mp4"}},{"choice":"fake","left":"fake","right":"real","videoPair":{"real":"http://visiongpu23.csail.mit.edu/scratch/datasets/DeepfakeDetection/facenet_smooth_frames/dfdc_train_part_6/feihhdwmcu.mp4/face_0.mp4","fake":"http://visiongpu23.csail.mit.edu/scratch/datasets/DeepfakeDetection/facenet_smooth_frames/dfdc_train_part_17/acrnjclnuw.mp4/face_0.mp4"}},{"choice":"fake","left":"fake","right":"real","videoPair":{"real":"http://visiongpu23.csail.mit.edu/scratch/datasets/DeepfakeDetection/facenet_smooth_frames/dfdc_train_part_6/cgacynuzzc.mp4/face_0.mp4","fake":"http://visiongpu23.csail.mit.edu/scratch/datasets/DeepfakeDetection/facenet_smooth_frames/dfdc_train_part_6/dwjmwxgqtg.mp4/face_0.mp4"}},{"choice":"fake","left":"real","right":"fake","videoPair":{"real":"http://visiongpu23.csail.mit.edu/scratch/datasets/DeepfakeDetection/facenet_smooth_frames/dfdc_train_part_5/noonwrxiwg.mp4/face_0.mp4","fake":"http://visiongpu23.csail.mit.edu/scratch/datasets/DeepfakeDetection/facenet_smooth_frames/dfdc_train_part_7/kuatanwdch.mp4/face_0.mp4"}},{"choice":"fake","left":"real","right":"fake","videoPair":{"real":"http://visiongpu23.csail.mit.edu/scratch/datasets/DeepfakeDetection/facenet_smooth_frames/dfdc_train_part_6/jncghwmmpf.mp4/face_0.mp4","fake":"http://visiongpu23.csail.mit.edu/scratch/datasets/DeepfakeDetection/facenet_smooth_frames/dfdc_train_part_1/ovvaimjkex.mp4/face_0.mp4"}},{"choice":"fake","left":"fake","right":"real","videoPair":{"real":"http://visiongpu23.csail.mit.edu/scratch/datasets/DeepfakeDetection/facenet_smooth_frames/dfdc_train_part_1/rmhsahyvta.mp4/face_0.mp4","fake":"http://visiongpu23.csail.mit.edu/scratch/datasets/DeepfakeDetection/facenet_smooth_frames/dfdc_train_part_11/avvmvlzkug.mp4/face_0.mp4"}},{"choice":"real","left":"real","right":"fake","videoPair":{"real":"http://visiongpu23.csail.mit.edu/scratch/datasets/DeepfakeDetection/facenet_smooth_frames/dfdc_train_part_7/lpdqfeicxe.mp4/face_0.mp4","fake":"http://visiongpu23.csail.mit.edu/scratch/datasets/DeepfakeDetection/facenet_smooth_frames/dfdc_train_part_10/cnymesatee.mp4/face_0.mp4"}},{"choice":"fake","left":"fake","right":"real","videoPair":{"real":"http://visiongpu23.csail.mit.edu/scratch/datasets/DeepfakeDetection/facenet_smooth_frames/dfdc_train_part_10/ceuicumdmo.mp4/face_0.mp4","fake":"http://visiongpu23.csail.mit.edu/scratch/datasets/DeepfakeDetection/facenet_smooth_frames/dfdc_train_part_1/jgpxmqxazp.mp4/face_0.mp4"}},{"choice":"fake","left":"real","right":"fake","videoPair":{"real":"http://visiongpu23.csail.mit.edu/scratch/datasets/DeepfakeDetection/facenet_smooth_frames/dfdc_train_part_2/yronlutbgm.mp4/face_0.mp4","fake":"http://visiongpu23.csail.mit.edu/scratch/datasets/DeepfakeDetection/facenet_smooth_frames/dfdc_train_part_7/dowybibeqv.mp4/face_0.mp4"}},{"choice":"real","left":"real","right":"fake","videoPair":{"real":"http://visiongpu23.csail.mit.edu/scratch/datasets/DeepfakeDetection/facenet_smooth_frames/dfdc_train_part_6/lperomvunw.mp4/face_0.mp4","fake":"http://visiongpu23.csail.mit.edu/scratch/datasets/DeepfakeDetection/facenet_smooth_frames/dfdc_train_part_7/ckkcbibrkd.mp4/face_0.mp4"}},{"choice":"fake","left":"real","right":"fake","videoPair":{"real":"http://visiongpu23.csail.mit.edu/scratch/datasets/DeepfakeDetection/facenet_smooth_frames/dfdc_train_part_11/bgmzzxkwdz.mp4/face_0.mp4","fake":"http://visiongpu23.csail.mit.edu/scratch/datasets/DeepfakeDetection/facenet_smooth_frames/dfdc_train_part_7/mxdalvgyaa.mp4/face_0.mp4"}},{"choice":"real","left":"fake","right":"real","videoPair":{"real":"http://visiongpu23.csail.mit.edu/scratch/datasets/DeepfakeDetection/facenet_smooth_frames/dfdc_train_part_2/kezwvsxxzj.mp4/face_0.mp4","fake":"http://visiongpu23.csail.mit.edu/scratch/datasets/DeepfakeDetection/facenet_smooth_frames/dfdc_train_part_6/lvzaifdcio.mp4/face_0.mp4"}},{"choice":"fake","left":"fake","right":"real","videoPair":{"real":"http://visiongpu23.csail.mit.edu/scratch/datasets/DeepfakeDetection/facenet_smooth_frames/dfdc_train_part_7/ekvvevzkyu.mp4/face_0.mp4","fake":"http://visiongpu23.csail.mit.edu/scratch/datasets/DeepfakeDetection/facenet_smooth_frames/dfdc_train_part_1/dgubmmyddl.mp4/face_0.mp4"}},{"choice":"fake","left":"fake","right":"real","videoPair":{"real":"http://visiongpu23.csail.mit.edu/scratch/datasets/DeepfakeDetection/facenet_smooth_frames/dfdc_train_part_7/nlqyedaokg.mp4/face_0.mp4","fake":"http://visiongpu23.csail.mit.edu/scratch/datasets/DeepfakeDetection/facenet_smooth_frames/dfdc_train_part_7/khfokvjkyt.mp4/face_0.mp4"}},{"choice":"fake","left":"fake","right":"real","videoPair":{"real":"http://visiongpu23.csail.mit.edu/scratch/datasets/DeepfakeDetection/facenet_smooth_frames/dfdc_train_part_7/mkcmhdexey.mp4/face_0.mp4","fake":"http://visiongpu23.csail.mit.edu/scratch/datasets/DeepfakeDetection/facenet_smooth_frames/dfdc_train_part_6/jwfizmebox.mp4/face_0.mp4"}},{"choice":"fake","left":"fake","right":"real","videoPair":{"real":"http://visiongpu23.csail.mit.edu/scratch/datasets/DeepfakeDetection/facenet_smooth_frames/dfdc_train_part_2/bfjsthfhbd.mp4/face_0.mp4","fake":"http://visiongpu23.csail.mit.edu/scratch/datasets/DeepfakeDetection/facenet_smooth_frames/dfdc_train_part_7/ecdvjgbxko.mp4/face_0.mp4"}},{"choice":"fake","left":"fake","right":"real","videoPair":{"real":"http://visiongpu23.csail.mit.edu/scratch/datasets/DeepfakeDetection/facenet_smooth_frames/dfdc_train_part_2/siebfpwuhu.mp4/face_0.mp4","fake":"http://visiongpu23.csail.mit.edu/scratch/datasets/DeepfakeDetection/facenet_smooth_frames/dfdc_train_part_6/atpwgkaeet.mp4/face_0.mp4"}},{"choice":"fake","left":"fake","right":"real","videoPair":{"real":"http://visiongpu23.csail.mit.edu/scratch/datasets/DeepfakeDetection/facenet_smooth_frames/dfdc_train_part_2/hkrhoronxv.mp4/face_0.mp4","fake":"http://visiongpu23.csail.mit.edu/scratch/datasets/DeepfakeDetection/facenet_smooth_frames/dfdc_train_part_6/addkktdymg.mp4/face_0.mp4"}},{"choice":"fake","left":"real","right":"fake","videoPair":{"real":"http://visiongpu23.csail.mit.edu/scratch/datasets/DeepfakeDetection/facenet_smooth_frames/dfdc_train_part_1/hjhdhumvod.mp4/face_0.mp4","fake":"http://visiongpu23.csail.mit.edu/scratch/datasets/DeepfakeDetection/facenet_smooth_frames/dfdc_train_part_6/juunpbzdaz.mp4/face_0.mp4"}},{"choice":"real","left":"real","right":"fake","videoPair":{"real":"http://visiongpu23.csail.mit.edu/scratch/datasets/DeepfakeDetection/facenet_smooth_frames/dfdc_train_part_6/joxiekwyhw.mp4/face_0.mp4","fake":"http://visiongpu23.csail.mit.edu/scratch/datasets/DeepfakeDetection/facenet_smooth_frames/dfdc_train_part_17/agwgyxvxjp.mp4/face_0.mp4"}},{"choice":"real","left":"real","right":"fake","videoPair":{"real":"http://visiongpu23.csail.mit.edu/scratch/datasets/DeepfakeDetection/facenet_smooth_frames/dfdc_train_part_2/ypgayhhaxx.mp4/face_0.mp4","fake":"http://visiongpu23.csail.mit.edu/scratch/datasets/DeepfakeDetection/facenet_smooth_frames/dfdc_train_part_6/eslhebdhyn.mp4/face_0.mp4"}},{"choice":"fake","left":"fake","right":"real","videoPair":{"real":"http://visiongpu23.csail.mit.edu/scratch/datasets/DeepfakeDetection/facenet_smooth_frames/dfdc_train_part_6/akcijmdkaq.mp4/face_0.mp4","fake":"http://visiongpu23.csail.mit.edu/scratch/datasets/DeepfakeDetection/facenet_smooth_frames/dfdc_train_part_1/abxtkdjyru.mp4/face_0.mp4"}},{"choice":"fake","left":"real","right":"fake","videoPair":{"real":"http://visiongpu23.csail.mit.edu/scratch/datasets/DeepfakeDetection/facenet_smooth_frames/dfdc_train_part_7/ldefkanmkf.mp4/face_0.mp4","fake":"http://visiongpu23.csail.mit.edu/scratch/datasets/DeepfakeDetection/facenet_smooth_frames/dfdc_train_part_6/ftdhdltxkx.mp4/face_0.mp4"}},{"choice":"fake","left":"fake","right":"real","videoPair":{"real":"http://visiongpu23.csail.mit.edu/scratch/datasets/DeepfakeDetection/facenet_smooth_frames/dfdc_train_part_6/crjvhcpwis.mp4/face_0.mp4","fake":"http://visiongpu23.csail.mit.edu/scratch/datasets/DeepfakeDetection/facenet_smooth_frames/dfdc_train_part_7/jhnrzqlhxk.mp4/face_0.mp4"}},{"choice":"real","left":"fake","right":"real","videoPair":{"real":"http://visiongpu23.csail.mit.edu/scratch/datasets/DeepfakeDetection/facenet_smooth_frames/dfdc_train_part_7/fsoanljfmx.mp4/face_0.mp4","fake":"http://visiongpu23.csail.mit.edu/scratch/datasets/DeepfakeDetection/facenet_smooth_frames/dfdc_train_part_6/juswhonnji.mp4/face_0.mp4"}},{"choice":"fake","left":"real","right":"fake","videoPair":{"real":"http://visiongpu23.csail.mit.edu/scratch/datasets/DeepfakeDetection/facenet_smooth_frames/dfdc_train_part_1/gzbagbdubm.mp4/face_0.mp4","fake":"http://visiongpu23.csail.mit.edu/scratch/datasets/DeepfakeDetection/facenet_smooth_frames/dfdc_train_part_7/ltunrovguv.mp4/face_0.mp4"}},{"choice":"fake","left":"fake","right":"real","videoPair":{"real":"http://visiongpu23.csail.mit.edu/scratch/datasets/DeepfakeDetection/facenet_smooth_frames/dfdc_train_part_5/gbvravevjt.mp4/face_0.mp4","fake":"http://visiongpu23.csail.mit.edu/scratch/datasets/DeepfakeDetection/facenet_smooth_frames/dfdc_train_part_6/hkisbnuknx.mp4/face_0.mp4"}},{"choice":"fake","left":"fake","right":"real","videoPair":{"real":"http://visiongpu23.csail.mit.edu/scratch/datasets/DeepfakeDetection/facenet_smooth_frames/dfdc_train_part_2/mkmgcxaztt.mp4/face_0.mp4","fake":"http://visiongpu23.csail.mit.edu/scratch/datasets/DeepfakeDetection/facenet_smooth_frames/dfdc_train_part_6/bmcpsjkjqv.mp4/face_0.mp4"}},{"choice":"fake","left":"real","right":"fake","videoPair":{"real":"http://visiongpu23.csail.mit.edu/scratch/datasets/DeepfakeDetection/facenet_smooth_frames/dfdc_train_part_5/mugpedpwbl.mp4/face_0.mp4","fake":"http://visiongpu23.csail.mit.edu/scratch/datasets/DeepfakeDetection/facenet_smooth_frames/dfdc_train_part_6/ijazwgmpzh.mp4/face_0.mp4"}},{"choice":"fake","left":"real","right":"fake","videoPair":{"real":"http://visiongpu23.csail.mit.edu/scratch/datasets/DeepfakeDetection/facenet_smooth_frames/dfdc_train_part_10/aftqqmiysd.mp4/face_0.mp4","fake":"http://visiongpu23.csail.mit.edu/scratch/datasets/DeepfakeDetection/facenet_smooth_frames/dfdc_train_part_6/bwcajtxluy.mp4/face_0.mp4"}},{"choice":"fake","left":"real","right":"fake","videoPair":{"real":"http://visiongpu23.csail.mit.edu/scratch/datasets/DeepfakeDetection/facenet_smooth_frames/dfdc_train_part_6/lmpgsfasor.mp4/face_0.mp4","fake":"http://visiongpu23.csail.mit.edu/scratch/datasets/DeepfakeDetection/facenet_smooth_frames/dfdc_train_part_7/copybkdfji.mp4/face_0.mp4"}},{"choice":"real","left":"fake","right":"real","videoPair":{"real":"http://visiongpu23.csail.mit.edu/scratch/datasets/DeepfakeDetection/facenet_smooth_frames/dfdc_train_part_5/anikhdvdzo.mp4/face_0.mp4","fake":"http://visiongpu23.csail.mit.edu/scratch/datasets/DeepfakeDetection/facenet_smooth_frames/dfdc_train_part_7/htrfpzpiso.mp4/face_0.mp4"}},{"choice":"fake","left":"fake","right":"real","videoPair":{"real":"http://visiongpu23.csail.mit.edu/scratch/datasets/DeepfakeDetection/facenet_smooth_frames/dfdc_train_part_7/mbxblocpyw.mp4/face_0.mp4","fake":"http://visiongpu23.csail.mit.edu/scratch/datasets/DeepfakeDetection/facenet_smooth_frames/dfdc_train_part_11/bebnleywrr.mp4/face_0.mp4"}},{"choice":"fake","left":"real","right":"fake","videoPair":{"real":"http://visiongpu23.csail.mit.edu/scratch/datasets/DeepfakeDetection/facenet_smooth_frames/dfdc_train_part_6/frrkzgjapb.mp4/face_0.mp4","fake":"http://visiongpu23.csail.mit.edu/scratch/datasets/DeepfakeDetection/facenet_smooth_frames/dfdc_train_part_10/cpzbttbllo.mp4/face_0.mp4"}},{"choice":"fake","left":"fake","right":"real","videoPair":{"real":"http://visiongpu23.csail.mit.edu/scratch/datasets/DeepfakeDetection/facenet_smooth_frames/dfdc_train_part_7/ejmpycnatt.mp4/face_0.mp4","fake":"http://visiongpu23.csail.mit.edu/scratch/datasets/DeepfakeDetection/facenet_smooth_frames/dfdc_train_part_11/ahdjlkjoiy.mp4/face_0.mp4"}},{"choice":"fake","left":"real","right":"fake","videoPair":{"real":"http://visiongpu23.csail.mit.edu/scratch/datasets/DeepfakeDetection/facenet_smooth_frames/dfdc_train_part_5/ailmasxkxb.mp4/face_0.mp4","fake":"http://visiongpu23.csail.mit.edu/scratch/datasets/DeepfakeDetection/facenet_smooth_frames/dfdc_train_part_7/kfvzdyhrhl.mp4/face_0.mp4"}},{"choice":"fake","left":"fake","right":"real","videoPair":{"real":"http://visiongpu23.csail.mit.edu/scratch/datasets/DeepfakeDetection/facenet_smooth_frames/dfdc_train_part_11/dfkatdijen.mp4/face_0.mp4","fake":"http://visiongpu23.csail.mit.edu/scratch/datasets/DeepfakeDetection/facenet_smooth_frames/dfdc_train_part_7/moewcmixoa.mp4/face_0.mp4"}},{"choice":"fake","left":"fake","right":"real","videoPair":{"real":"http://visiongpu23.csail.mit.edu/scratch/datasets/DeepfakeDetection/facenet_smooth_frames/dfdc_train_part_2/jfvhokkzmq.mp4/face_0.mp4","fake":"http://visiongpu23.csail.mit.edu/scratch/datasets/DeepfakeDetection/facenet_smooth_frames/dfdc_train_part_7/kzdvuqacej.mp4/face_0.mp4"}},{"choice":"fake","left":"fake","right":"real","videoPair":{"real":"http://visiongpu23.csail.mit.edu/scratch/datasets/DeepfakeDetection/facenet_smooth_frames/dfdc_train_part_7/bjtbmyfoyq.mp4/face_0.mp4","fake":"http://visiongpu23.csail.mit.edu/scratch/datasets/DeepfakeDetection/facenet_smooth_frames/dfdc_train_part_7/bptrqltmsx.mp4/face_0.mp4"}},{"choice":"fake","left":"real","right":"fake","videoPair":{"real":"http://visiongpu23.csail.mit.edu/scratch/datasets/DeepfakeDetection/facenet_smooth_frames/dfdc_train_part_7/nioqtolubb.mp4/face_0.mp4","fake":"http://visiongpu23.csail.mit.edu/scratch/datasets/DeepfakeDetection/facenet_smooth_frames/dfdc_train_part_10/bkdodfwcqn.mp4/face_0.mp4"}},{"choice":"fake","left":"real","right":"fake","videoPair":{"real":"http://visiongpu23.csail.mit.edu/scratch/datasets/DeepfakeDetection/facenet_smooth_frames/dfdc_train_part_2/yhjlnisfel.mp4/face_0.mp4","fake":"http://visiongpu23.csail.mit.edu/scratch/datasets/DeepfakeDetection/facenet_smooth_frames/dfdc_train_part_7/mzudzbqckq.mp4/face_0.mp4"}},{"choice":"real","left":"real","right":"fake","videoPair":{"real":"http://visiongpu23.csail.mit.edu/scratch/datasets/DeepfakeDetection/facenet_smooth_frames/dfdc_train_part_2/ywxpquomgt.mp4/face_0.mp4","fake":"http://visiongpu23.csail.mit.edu/scratch/datasets/DeepfakeDetection/facenet_smooth_frames/dfdc_train_part_7/dqmptbhnvo.mp4/face_0.mp4"}},{"choice":"fake","left":"fake","right":"real","videoPair":{"real":"http://visiongpu23.csail.mit.edu/scratch/datasets/DeepfakeDetection/facenet_smooth_frames/dfdc_train_part_7/iovykwzdjv.mp4/face_0.mp4","fake":"http://visiongpu23.csail.mit.edu/scratch/datasets/DeepfakeDetection/facenet_smooth_frames/dfdc_train_part_21/ahxwvdyowy.mp4/face_0.mp4"}},{"choice":"fake","left":"real","right":"fake","videoPair":{"real":"http://visiongpu23.csail.mit.edu/scratch/datasets/DeepfakeDetection/facenet_smooth_frames/dfdc_train_part_5/ehtmhdbslm.mp4/face_0.mp4","fake":"http://visiongpu23.csail.mit.edu/scratch/datasets/DeepfakeDetection/facenet_smooth_frames/dfdc_train_part_10/bqsgbqtdct.mp4/face_0.mp4"}},{"choice":"fake","left":"real","right":"fake","videoPair":{"real":"http://visiongpu23.csail.mit.edu/scratch/datasets/DeepfakeDetection/facenet_smooth_frames/dfdc_train_part_7/fwiyjcfwta.mp4/face_0.mp4","fake":"http://visiongpu23.csail.mit.edu/scratch/datasets/DeepfakeDetection/facenet_smooth_frames/dfdc_train_part_6/illxinqoez.mp4/face_0.mp4"}},{"choice":"real","left":"fake","right":"real","videoPair":{"real":"http://visiongpu23.csail.mit.edu/scratch/datasets/DeepfakeDetection/facenet_smooth_frames/dfdc_train_part_0/exxqlfpnbz.mp4/face_0.mp4","fake":"http://visiongpu23.csail.mit.edu/scratch/datasets/DeepfakeDetection/facenet_smooth_frames/dfdc_train_part_11/cikhubpqxy.mp4/face_0.mp4"}},{"choice":"fake","left":"fake","right":"real","videoPair":{"real":"http://visiongpu23.csail.mit.edu/scratch/datasets/DeepfakeDetection/facenet_smooth_frames/dfdc_train_part_2/nthpnwylxo.mp4/face_0.mp4","fake":"http://visiongpu23.csail.mit.edu/scratch/datasets/DeepfakeDetection/facenet_smooth_frames/dfdc_train_part_11/dicvhmhhkg.mp4/face_0.mp4"}},{"choice":"fake","left":"real","right":"fake","videoPair":{"real":"http://visiongpu23.csail.mit.edu/scratch/datasets/DeepfakeDetection/facenet_smooth_frames/dfdc_train_part_1/wqdsarmger.mp4/face_0.mp4","fake":"http://visiongpu23.csail.mit.edu/scratch/datasets/DeepfakeDetection/facenet_smooth_frames/dfdc_train_part_11/blfzhuobde.mp4/face_0.mp4"}},{"choice":"real","left":"real","right":"fake","videoPair":{"real":"http://visiongpu23.csail.mit.edu/scratch/datasets/DeepfakeDetection/facenet_smooth_frames/dfdc_train_part_2/rlqbowounu.mp4/face_0.mp4","fake":"http://visiongpu23.csail.mit.edu/scratch/datasets/DeepfakeDetection/facenet_smooth_frames/dfdc_train_part_6/ggidptmvad.mp4/face_0.mp4"}},{"choice":"fake","left":"fake","right":"real","videoPair":{"real":"http://visiongpu23.csail.mit.edu/scratch/datasets/DeepfakeDetection/facenet_smooth_frames/dfdc_train_part_2/gochxzemmq.mp4/face_0.mp4","fake":"http://visiongpu23.csail.mit.edu/scratch/datasets/DeepfakeDetection/facenet_smooth_frames/dfdc_train_part_7/nbrypwfcrk.mp4/face_0.mp4"}},{"choice":"fake","left":"fake","right":"real","videoPair":{"real":"http://visiongpu23.csail.mit.edu/scratch/datasets/DeepfakeDetection/facenet_smooth_frames/dfdc_train_part_5/ebuebnxpdq.mp4/face_0.mp4","fake":"http://visiongpu23.csail.mit.edu/scratch/datasets/DeepfakeDetection/facenet_smooth_frames/dfdc_train_part_6/eraodsamyd.mp4/face_0.mp4"}},{"choice":"fake","left":"real","right":"fake","videoPair":{"real":"http://visiongpu23.csail.mit.edu/scratch/datasets/DeepfakeDetection/facenet_smooth_frames/dfdc_train_part_2/dzojiwfvba.mp4/face_0.mp4","fake":"http://visiongpu23.csail.mit.edu/scratch/datasets/DeepfakeDetection/facenet_smooth_frames/dfdc_train_part_6/cumwqtxgvl.mp4/face_0.mp4"}},{"choice":"fake","left":"real","right":"fake","videoPair":{"real":"http://visiongpu23.csail.mit.edu/scratch/datasets/DeepfakeDetection/facenet_smooth_frames/dfdc_train_part_1/wixbuuzygv.mp4/face_0.mp4","fake":"http://visiongpu23.csail.mit.edu/scratch/datasets/DeepfakeDetection/facenet_smooth_frames/dfdc_train_part_7/czvtpopqok.mp4/face_0.mp4"}},{"choice":"fake","left":"real","right":"fake","videoPair":{"real":"http://visiongpu23.csail.mit.edu/scratch/datasets/DeepfakeDetection/facenet_smooth_frames/dfdc_train_part_7/iqqckuassu.mp4/face_0.mp4","fake":"http://visiongpu23.csail.mit.edu/scratch/datasets/DeepfakeDetection/facenet_smooth_frames/dfdc_train_part_6/hlsklnclxn.mp4/face_0.mp4"}},{"choice":"fake","left":"fake","right":"real","videoPair":{"real":"http://visiongpu23.csail.mit.edu/scratch/datasets/DeepfakeDetection/facenet_smooth_frames/dfdc_train_part_6/hplemlikjw.mp4/face_0.mp4","fake":"http://visiongpu23.csail.mit.edu/scratch/datasets/DeepfakeDetection/facenet_smooth_frames/dfdc_train_part_6/gqwhktgtuw.mp4/face_0.mp4"}},{"choice":"fake","left":"fake","right":"real","videoPair":{"real":"http://visiongpu23.csail.mit.edu/scratch/datasets/DeepfakeDetection/facenet_smooth_frames/dfdc_train_part_2/caaackoecr.mp4/face_0.mp4","fake":"http://visiongpu23.csail.mit.edu/scratch/datasets/DeepfakeDetection/facenet_smooth_frames/dfdc_train_part_6/hruydvrvqu.mp4/face_0.mp4"}},{"choice":"fake","left":"fake","right":"real","videoPair":{"real":"http://visiongpu23.csail.mit.edu/scratch/datasets/DeepfakeDetection/facenet_smooth_frames/dfdc_train_part_2/gxbkcxyfjm.mp4/face_0.mp4","fake":"http://visiongpu23.csail.mit.edu/scratch/datasets/DeepfakeDetection/facenet_smooth_frames/dfdc_train_part_6/fsouqkhmkp.mp4/face_0.mp4"}},{"choice":"fake","left":"fake","right":"real","videoPair":{"real":"http://visiongpu23.csail.mit.edu/scratch/datasets/DeepfakeDetection/facenet_smooth_frames/dfdc_train_part_6/enjaxrsqfw.mp4/face_0.mp4","fake":"http://visiongpu23.csail.mit.edu/scratch/datasets/DeepfakeDetection/facenet_smooth_frames/dfdc_train_part_7/dxkqxgumzp.mp4/face_0.mp4"}},{"choice":"fake","left":"fake","right":"real","videoPair":{"real":"http://visiongpu23.csail.mit.edu/scratch/datasets/DeepfakeDetection/facenet_smooth_frames/dfdc_train_part_11/bhguavqyfj.mp4/face_0.mp4","fake":"http://visiongpu23.csail.mit.edu/scratch/datasets/DeepfakeDetection/facenet_smooth_frames/dfdc_train_part_1/yqauackjci.mp4/face_0.mp4"}},{"choice":"fake","left":"fake","right":"real","videoPair":{"real":"http://visiongpu23.csail.mit.edu/scratch/datasets/DeepfakeDetection/facenet_smooth_frames/dfdc_train_part_2/vbfjlcuswe.mp4/face_0.mp4","fake":"http://visiongpu23.csail.mit.edu/scratch/datasets/DeepfakeDetection/facenet_smooth_frames/dfdc_train_part_6/excjgrhggx.mp4/face_0.mp4"}},{"choice":"fake","left":"real","right":"fake","videoPair":{"real":"http://visiongpu23.csail.mit.edu/scratch/datasets/DeepfakeDetection/facenet_smooth_frames/dfdc_train_part_7/jtcdnrwmwn.mp4/face_0.mp4","fake":"http://visiongpu23.csail.mit.edu/scratch/datasets/DeepfakeDetection/facenet_smooth_frames/dfdc_train_part_7/nlamrwoqba.mp4/face_0.mp4"}},{"choice":"fake","left":"real","right":"fake","videoPair":{"real":"http://visiongpu23.csail.mit.edu/scratch/datasets/DeepfakeDetection/facenet_smooth_frames/dfdc_train_part_6/ljrcafxwrn.mp4/face_0.mp4","fake":"http://visiongpu23.csail.mit.edu/scratch/datasets/DeepfakeDetection/facenet_smooth_frames/dfdc_train_part_6/isejamimam.mp4/face_0.mp4"}},{"choice":"fake","left":"fake","right":"real","videoPair":{"real":"http://visiongpu23.csail.mit.edu/scratch/datasets/DeepfakeDetection/facenet_smooth_frames/dfdc_train_part_5/mgnqkbtorj.mp4/face_0.mp4","fake":"http://visiongpu23.csail.mit.edu/scratch/datasets/DeepfakeDetection/facenet_smooth_frames/dfdc_train_part_1/beoobdybbw.mp4/face_0.mp4"}},{"choice":"fake","left":"fake","right":"real","videoPair":{"real":"http://visiongpu23.csail.mit.edu/scratch/datasets/DeepfakeDetection/facenet_smooth_frames/dfdc_train_part_6/lzexzlshim.mp4/face_0.mp4","fake":"http://visiongpu23.csail.mit.edu/scratch/datasets/DeepfakeDetection/facenet_smooth_frames/dfdc_train_part_0/iffvaaswwj.mp4/face_0.mp4"}},{"choice":"fake","left":"fake","right":"real","videoPair":{"real":"http://visiongpu23.csail.mit.edu/scratch/datasets/DeepfakeDetection/facenet_smooth_frames/dfdc_train_part_6/kjorkudgro.mp4/face_0.mp4","fake":"http://visiongpu23.csail.mit.edu/scratch/datasets/DeepfakeDetection/facenet_smooth_frames/dfdc_train_part_6/lwxlleeolp.mp4/face_0.mp4"}},{"choice":"fake","left":"fake","right":"real","videoPair":{"real":"http://visiongpu23.csail.mit.edu/scratch/datasets/DeepfakeDetection/facenet_smooth_frames/dfdc_train_part_6/etinaehykw.mp4/face_0.mp4","fake":"http://visiongpu23.csail.mit.edu/scratch/datasets/DeepfakeDetection/facenet_smooth_frames/dfdc_train_part_6/guaxsdkngw.mp4/face_0.mp4"}},{"choice":"real","left":"fake","right":"real","videoPair":{"real":"http://visiongpu23.csail.mit.edu/scratch/datasets/DeepfakeDetection/facenet_smooth_frames/dfdc_train_part_5/dmwmhxvlfq.mp4/face_0.mp4","fake":"http://visiongpu23.csail.mit.edu/scratch/datasets/DeepfakeDetection/facenet_smooth_frames/dfdc_train_part_7/exdarcvuci.mp4/face_0.mp4"}},{"choice":"fake","left":"fake","right":"real","videoPair":{"real":"http://visiongpu23.csail.mit.edu/scratch/datasets/DeepfakeDetection/facenet_smooth_frames/dfdc_train_part_1/ywauoonmlr.mp4/face_0.mp4","fake":"http://visiongpu23.csail.mit.edu/scratch/datasets/DeepfakeDetection/facenet_smooth_frames/dfdc_train_part_7/lbxzrmgvfa.mp4/face_0.mp4"}},{"choice":"real","left":"fake","right":"real","videoPair":{"real":"http://visiongpu23.csail.mit.edu/scratch/datasets/DeepfakeDetection/facenet_smooth_frames/dfdc_train_part_1/kwfdyqofzw.mp4/face_0.mp4","fake":"http://visiongpu23.csail.mit.edu/scratch/datasets/DeepfakeDetection/facenet_smooth_frames/dfdc_train_part_6/mfhoawwpvy.mp4/face_0.mp4"}},{"choice":"fake","left":"fake","right":"real","videoPair":{"real":"http://visiongpu23.csail.mit.edu/scratch/datasets/DeepfakeDetection/facenet_smooth_frames/dfdc_train_part_2/oaguiggjyv.mp4/face_0.mp4","fake":"http://visiongpu23.csail.mit.edu/scratch/datasets/DeepfakeDetection/facenet_smooth_frames/dfdc_train_part_7/ezxbjoamxn.mp4/face_0.mp4"}},{"choice":"fake","left":"real","right":"fake","videoPair":{"real":"http://visiongpu23.csail.mit.edu/scratch/datasets/DeepfakeDetection/facenet_smooth_frames/dfdc_train_part_5/ihwwpkzcdn.mp4/face_0.mp4","fake":"http://visiongpu23.csail.mit.edu/scratch/datasets/DeepfakeDetection/facenet_smooth_frames/dfdc_train_part_7/hawtpqabpl.mp4/face_0.mp4"}},{"choice":"fake","left":"fake","right":"real","videoPair":{"real":"http://visiongpu23.csail.mit.edu/scratch/datasets/DeepfakeDetection/facenet_smooth_frames/dfdc_train_part_2/phjvutxpoi.mp4/face_0.mp4","fake":"http://visiongpu23.csail.mit.edu/scratch/datasets/DeepfakeDetection/facenet_smooth_frames/dfdc_train_part_0/alpkghdgrv.mp4/face_0.mp4"}},{"choice":"fake","left":"real","right":"fake","videoPair":{"real":"http://visiongpu23.csail.mit.edu/scratch/datasets/DeepfakeDetection/facenet_smooth_frames/dfdc_train_part_6/eomsfwykap.mp4/face_0.mp4","fake":"http://visiongpu23.csail.mit.edu/scratch/datasets/DeepfakeDetection/facenet_smooth_frames/dfdc_train_part_7/coatfjiush.mp4/face_0.mp4"}},{"choice":"fake","left":"real","right":"fake","videoPair":{"real":"http://visiongpu23.csail.mit.edu/scratch/datasets/DeepfakeDetection/facenet_smooth_frames/dfdc_train_part_5/fwekcrqdak.mp4/face_0.mp4","fake":"http://visiongpu23.csail.mit.edu/scratch/datasets/DeepfakeDetection/facenet_smooth_frames/dfdc_train_part_6/kmgklpxwfw.mp4/face_0.mp4"}},{"choice":"fake","left":"real","right":"fake","videoPair":{"real":"http://visiongpu23.csail.mit.edu/scratch/datasets/DeepfakeDetection/facenet_smooth_frames/dfdc_train_part_2/elackxuccp.mp4/face_0.mp4","fake":"http://visiongpu23.csail.mit.edu/scratch/datasets/DeepfakeDetection/facenet_smooth_frames/dfdc_train_part_6/alxpnosgtc.mp4/face_0.mp4"}},{"choice":"fake","left":"fake","right":"real","videoPair":{"real":"http://visiongpu23.csail.mit.edu/scratch/datasets/DeepfakeDetection/facenet_smooth_frames/dfdc_train_part_7/jjamkukusv.mp4/face_0.mp4","fake":"http://visiongpu23.csail.mit.edu/scratch/datasets/DeepfakeDetection/facenet_smooth_frames/dfdc_train_part_7/fdlxbqbjxm.mp4/face_0.mp4"}},{"choice":"real","left":"real","right":"fake","videoPair":{"real":"http://visiongpu23.csail.mit.edu/scratch/datasets/DeepfakeDetection/facenet_smooth_frames/dfdc_train_part_6/mivamcdkfj.mp4/face_0.mp4","fake":"http://visiongpu23.csail.mit.edu/scratch/datasets/DeepfakeDetection/facenet_smooth_frames/dfdc_train_part_6/lmfjyswesg.mp4/face_0.mp4"}},{"choice":"fake","left":"real","right":"fake","videoPair":{"real":"http://visiongpu23.csail.mit.edu/scratch/datasets/DeepfakeDetection/facenet_smooth_frames/dfdc_train_part_5/gnhbtnojfp.mp4/face_0.mp4","fake":"http://visiongpu23.csail.mit.edu/scratch/datasets/DeepfakeDetection/facenet_smooth_frames/dfdc_train_part_6/jlhahahiqr.mp4/face_0.mp4"}},{"choice":"real","left":"real","right":"fake","videoPair":{"real":"http://visiongpu23.csail.mit.edu/scratch/datasets/DeepfakeDetection/facenet_smooth_frames/dfdc_train_part_1/bkuzquigyt.mp4/face_0.mp4","fake":"http://visiongpu23.csail.mit.edu/scratch/datasets/DeepfakeDetection/facenet_smooth_frames/dfdc_train_part_6/lvsqhiisfx.mp4/face_0.mp4"}},{"choice":"fake","left":"fake","right":"real","videoPair":{"real":"http://visiongpu23.csail.mit.edu/scratch/datasets/DeepfakeDetection/facenet_smooth_frames/dfdc_train_part_0/hicjuubiau.mp4/face_0.mp4","fake":"http://visiongpu23.csail.mit.edu/scratch/datasets/DeepfakeDetection/facenet_smooth_frames/dfdc_train_part_6/jtkoizauow.mp4/face_0.mp4"}},{"choice":"fake","left":"real","right":"fake","videoPair":{"real":"http://visiongpu23.csail.mit.edu/scratch/datasets/DeepfakeDetection/facenet_smooth_frames/dfdc_train_part_11/biksijpktj.mp4/face_0.mp4","fake":"http://visiongpu23.csail.mit.edu/scratch/datasets/DeepfakeDetection/facenet_smooth_frames/dfdc_train_part_7/ivkvgtaekc.mp4/face_0.mp4"}},{"choice":"fake","left":"fake","right":"real","videoPair":{"real":"http://visiongpu23.csail.mit.edu/scratch/datasets/DeepfakeDetection/facenet_smooth_frames/dfdc_train_part_10/cgvpzbdvlh.mp4/face_0.mp4","fake":"http://visiongpu23.csail.mit.edu/scratch/datasets/DeepfakeDetection/facenet_smooth_frames/dfdc_train_part_10/byuqfzuwuh.mp4/face_0.mp4"}},{"choice":"fake","left":"fake","right":"real","videoPair":{"real":"http://visiongpu23.csail.mit.edu/scratch/datasets/DeepfakeDetection/facenet_smooth_frames/dfdc_train_part_7/hkplvhwibp.mp4/face_0.mp4","fake":"http://visiongpu23.csail.mit.edu/scratch/datasets/DeepfakeDetection/facenet_smooth_frames/dfdc_train_part_6/bjxxsvwlzm.mp4/face_0.mp4"}},{"choice":"fake","left":"fake","right":"real","videoPair":{"real":"http://visiongpu23.csail.mit.edu/scratch/datasets/DeepfakeDetection/facenet_smooth_frames/dfdc_train_part_5/nvjdasvkoe.mp4/face_0.mp4","fake":"http://visiongpu23.csail.mit.edu/scratch/datasets/DeepfakeDetection/facenet_smooth_frames/dfdc_train_part_6/jhigeycavr.mp4/face_0.mp4"}},{"choice":"fake","left":"fake","right":"real","videoPair":{"real":"http://visiongpu23.csail.mit.edu/scratch/datasets/DeepfakeDetection/facenet_smooth_frames/dfdc_train_part_2/ijptktlyfr.mp4/face_0.mp4","fake":"http://visiongpu23.csail.mit.edu/scratch/datasets/DeepfakeDetection/facenet_smooth_frames/dfdc_train_part_7/ivapjffhns.mp4/face_0.mp4"}},{"choice":"real","left":"real","right":"fake","videoPair":{"real":"http://visiongpu23.csail.mit.edu/scratch/datasets/DeepfakeDetection/facenet_smooth_frames/dfdc_train_part_2/lpgxwdgnio.mp4/face_0.mp4","fake":"http://visiongpu23.csail.mit.edu/scratch/datasets/DeepfakeDetection/facenet_smooth_frames/dfdc_train_part_6/lawnipsakn.mp4/face_0.mp4"}},{"choice":"fake","left":"fake","right":"real","videoPair":{"real":"http://visiongpu23.csail.mit.edu/scratch/datasets/DeepfakeDetection/facenet_smooth_frames/dfdc_train_part_6/gmkuswweko.mp4/face_0.mp4","fake":"http://visiongpu23.csail.mit.edu/scratch/datasets/DeepfakeDetection/facenet_smooth_frames/dfdc_train_part_11/aozvkebfza.mp4/face_0.mp4"}},{"choice":"real","left":"real","right":"fake","videoPair":{"real":"http://visiongpu23.csail.mit.edu/scratch/datasets/DeepfakeDetection/facenet_smooth_frames/dfdc_train_part_5/ghutxxwjrs.mp4/face_0.mp4","fake":"http://visiongpu23.csail.mit.edu/scratch/datasets/DeepfakeDetection/facenet_smooth_frames/dfdc_train_part_6/lzhtvficnu.mp4/face_0.mp4"}},{"choice":"fake","left":"real","right":"fake","videoPair":{"real":"http://visiongpu23.csail.mit.edu/scratch/datasets/DeepfakeDetection/facenet_smooth_frames/dfdc_train_part_11/aldekovjjt.mp4/face_0.mp4","fake":"http://visiongpu23.csail.mit.edu/scratch/datasets/DeepfakeDetection/facenet_smooth_frames/dfdc_train_part_6/jfqladzfeb.mp4/face_0.mp4"}},{"choice":"real","left":"fake","right":"real","videoPair":{"real":"http://visiongpu23.csail.mit.edu/scratch/datasets/DeepfakeDetection/facenet_smooth_frames/dfdc_train_part_2/xemhvuvgrn.mp4/face_0.mp4","fake":"http://visiongpu23.csail.mit.edu/scratch/datasets/DeepfakeDetection/facenet_smooth_frames/dfdc_train_part_6/hbebkyeksu.mp4/face_0.mp4"}},{"choice":"fake","left":"fake","right":"real","videoPair":{"real":"http://visiongpu23.csail.mit.edu/scratch/datasets/DeepfakeDetection/facenet_smooth_frames/dfdc_train_part_5/flbrvohbvv.mp4/face_0.mp4","fake":"http://visiongpu23.csail.mit.edu/scratch/datasets/DeepfakeDetection/facenet_smooth_frames/dfdc_train_part_11/cjadoedyhk.mp4/face_0.mp4"}},{"choice":"real","left":"real","right":"fake","videoPair":{"real":"http://visiongpu23.csail.mit.edu/scratch/datasets/DeepfakeDetection/facenet_smooth_frames/dfdc_train_part_11/asaznagkeg.mp4/face_0.mp4","fake":"http://visiongpu23.csail.mit.edu/scratch/datasets/DeepfakeDetection/facenet_smooth_frames/dfdc_train_part_7/kufrfqqulg.mp4/face_0.mp4"}},{"choice":"fake","left":"fake","right":"real","videoPair":{"real":"http://visiongpu23.csail.mit.edu/scratch/datasets/DeepfakeDetection/facenet_smooth_frames/dfdc_train_part_6/iieygeizqt.mp4/face_0.mp4","fake":"http://visiongpu23.csail.mit.edu/scratch/datasets/DeepfakeDetection/facenet_smooth_frames/dfdc_train_part_17/ahdlptchip.mp4/face_0.mp4"}},{"choice":"fake","left":"fake","right":"real","videoPair":{"real":"http://visiongpu23.csail.mit.edu/scratch/datasets/DeepfakeDetection/facenet_smooth_frames/dfdc_train_part_2/hierggamuo.mp4/face_0.mp4","fake":"http://visiongpu23.csail.mit.edu/scratch/datasets/DeepfakeDetection/facenet_smooth_frames/dfdc_train_part_0/fsiunpwpqx.mp4/face_0.mp4"}},{"choice":"fake","left":"real","right":"fake","videoPair":{"real":"http://visiongpu23.csail.mit.edu/scratch/datasets/DeepfakeDetection/facenet_smooth_frames/dfdc_train_part_11/awihhtzuen.mp4/face_0.mp4","fake":"http://visiongpu23.csail.mit.edu/scratch/datasets/DeepfakeDetection/facenet_smooth_frames/dfdc_train_part_6/czywvnuoug.mp4/face_0.mp4"}},{"choice":"fake","left":"fake","right":"real","videoPair":{"real":"http://visiongpu23.csail.mit.edu/scratch/datasets/DeepfakeDetection/facenet_smooth_frames/dfdc_train_part_1/zfobicuigx.mp4/face_0.mp4","fake":"http://visiongpu23.csail.mit.edu/scratch/datasets/DeepfakeDetection/facenet_smooth_frames/dfdc_train_part_10/bzhvcqciis.mp4/face_0.mp4"}},{"choice":"fake","left":"fake","right":"real","videoPair":{"real":"http://visiongpu23.csail.mit.edu/scratch/datasets/DeepfakeDetection/facenet_smooth_frames/dfdc_train_part_6/drjkkdbcvc.mp4/face_0.mp4","fake":"http://visiongpu23.csail.mit.edu/scratch/datasets/DeepfakeDetection/facenet_smooth_frames/dfdc_train_part_7/fozpvjlfuo.mp4/face_0.mp4"}},{"choice":"fake","left":"fake","right":"real","videoPair":{"real":"http://visiongpu23.csail.mit.edu/scratch/datasets/DeepfakeDetection/facenet_smooth_frames/dfdc_train_part_6/lrknyidgjx.mp4/face_0.mp4","fake":"http://visiongpu23.csail.mit.edu/scratch/datasets/DeepfakeDetection/facenet_smooth_frames/dfdc_train_part_6/fmwegswtzj.mp4/face_0.mp4"}},{"choice":"fake","left":"real","right":"fake","videoPair":{"real":"http://visiongpu23.csail.mit.edu/scratch/datasets/DeepfakeDetection/facenet_smooth_frames/dfdc_train_part_5/nxisgwjymu.mp4/face_0.mp4","fake":"http://visiongpu23.csail.mit.edu/scratch/datasets/DeepfakeDetection/facenet_smooth_frames/dfdc_train_part_7/dgkdcvnhrr.mp4/face_0.mp4"}},{"choice":"real","left":"fake","right":"real","videoPair":{"real":"http://visiongpu23.csail.mit.edu/scratch/datasets/DeepfakeDetection/facenet_smooth_frames/dfdc_train_part_6/euoudlinep.mp4/face_0.mp4","fake":"http://visiongpu23.csail.mit.edu/scratch/datasets/DeepfakeDetection/facenet_smooth_frames/dfdc_train_part_7/apgxbcqpko.mp4/face_0.mp4"}},{"choice":"fake","left":"fake","right":"real","videoPair":{"real":"http://visiongpu23.csail.mit.edu/scratch/datasets/DeepfakeDetection/facenet_smooth_frames/dfdc_train_part_7/odioowlayj.mp4/face_0.mp4","fake":"http://visiongpu23.csail.mit.edu/scratch/datasets/DeepfakeDetection/facenet_smooth_frames/dfdc_train_part_6/gimfdwnnpj.mp4/face_0.mp4"}},{"choice":"fake","left":"fake","right":"real","videoPair":{"real":"http://visiongpu23.csail.mit.edu/scratch/datasets/DeepfakeDetection/facenet_smooth_frames/dfdc_train_part_2/rcqcattfsu.mp4/face_0.mp4","fake":"http://visiongpu23.csail.mit.edu/scratch/datasets/DeepfakeDetection/facenet_smooth_frames/dfdc_train_part_17/adnuzwuhcb.mp4/face_0.mp4"}},{"choice":"fake","left":"fake","right":"real","videoPair":{"real":"http://visiongpu23.csail.mit.edu/scratch/datasets/DeepfakeDetection/facenet_smooth_frames/dfdc_train_part_7/dafhnjbgjp.mp4/face_0.mp4","fake":"http://visiongpu23.csail.mit.edu/scratch/datasets/DeepfakeDetection/facenet_smooth_frames/dfdc_train_part_6/ktsuralgmr.mp4/face_0.mp4"}},{"choice":"fake","left":"fake","right":"real","videoPair":{"real":"http://visiongpu23.csail.mit.edu/scratch/datasets/DeepfakeDetection/facenet_smooth_frames/dfdc_train_part_2/qiyzfjrloz.mp4/face_0.mp4","fake":"http://visiongpu23.csail.mit.edu/scratch/datasets/DeepfakeDetection/facenet_smooth_frames/dfdc_train_part_6/gvscaplsah.mp4/face_0.mp4"}},{"choice":"fake","left":"fake","right":"real","videoPair":{"real":"http://visiongpu23.csail.mit.edu/scratch/datasets/DeepfakeDetection/facenet_smooth_frames/dfdc_train_part_7/ebxeniwdgc.mp4/face_0.mp4","fake":"http://visiongpu23.csail.mit.edu/scratch/datasets/DeepfakeDetection/facenet_smooth_frames/dfdc_train_part_6/afmxcjlzbq.mp4/face_0.mp4"}},{"choice":"fake","left":"fake","right":"real","videoPair":{"real":"http://visiongpu23.csail.mit.edu/scratch/datasets/DeepfakeDetection/facenet_smooth_frames/dfdc_train_part_6/hknucpztup.mp4/face_0.mp4","fake":"http://visiongpu23.csail.mit.edu/scratch/datasets/DeepfakeDetection/facenet_smooth_frames/dfdc_train_part_6/fuicllzvcq.mp4/face_0.mp4"}},{"choice":"fake","left":"real","right":"fake","videoPair":{"real":"http://visiongpu23.csail.mit.edu/scratch/datasets/DeepfakeDetection/facenet_smooth_frames/dfdc_train_part_1/xrhqtmxlvx.mp4/face_0.mp4","fake":"http://visiongpu23.csail.mit.edu/scratch/datasets/DeepfakeDetection/facenet_smooth_frames/dfdc_train_part_6/baklbjkzeq.mp4/face_0.mp4"}},{"choice":"fake","left":"real","right":"fake","videoPair":{"real":"http://visiongpu23.csail.mit.edu/scratch/datasets/DeepfakeDetection/facenet_smooth_frames/dfdc_train_part_2/kbulxcnrhd.mp4/face_0.mp4","fake":"http://visiongpu23.csail.mit.edu/scratch/datasets/DeepfakeDetection/facenet_smooth_frames/dfdc_train_part_7/fwqjqstizc.mp4/face_0.mp4"}},{"choice":"fake","left":"fake","right":"real","videoPair":{"real":"http://visiongpu23.csail.mit.edu/scratch/datasets/DeepfakeDetection/facenet_smooth_frames/dfdc_train_part_6/aymwgrmlbt.mp4/face_0.mp4","fake":"http://visiongpu23.csail.mit.edu/scratch/datasets/DeepfakeDetection/facenet_smooth_frames/dfdc_train_part_7/dahznkybpw.mp4/face_0.mp4"}},{"choice":"real","left":"fake","right":"real","videoPair":{"real":"http://visiongpu23.csail.mit.edu/scratch/datasets/DeepfakeDetection/facenet_smooth_frames/dfdc_train_part_2/knmrhhsnqw.mp4/face_0.mp4","fake":"http://visiongpu23.csail.mit.edu/scratch/datasets/DeepfakeDetection/facenet_smooth_frames/dfdc_train_part_10/cpjyrivahb.mp4/face_0.mp4"}},{"choice":"fake","left":"fake","right":"real","videoPair":{"real":"http://visiongpu23.csail.mit.edu/scratch/datasets/DeepfakeDetection/facenet_smooth_frames/dfdc_train_part_2/ruhtnngrqv.mp4/face_0.mp4","fake":"http://visiongpu23.csail.mit.edu/scratch/datasets/DeepfakeDetection/facenet_smooth_frames/dfdc_train_part_7/khxoqmmdfu.mp4/face_0.mp4"}},{"choice":"fake","left":"real","right":"fake","videoPair":{"real":"http://visiongpu23.csail.mit.edu/scratch/datasets/DeepfakeDetection/facenet_smooth_frames/dfdc_train_part_5/ncmtepztza.mp4/face_0.mp4","fake":"http://visiongpu23.csail.mit.edu/scratch/datasets/DeepfakeDetection/facenet_smooth_frames/dfdc_train_part_6/bsxznrgkpz.mp4/face_0.mp4"}},{"choice":"real","left":"real","right":"fake","videoPair":{"real":"http://visiongpu23.csail.mit.edu/scratch/datasets/DeepfakeDetection/facenet_smooth_frames/dfdc_train_part_6/cuqmhymyxk.mp4/face_0.mp4","fake":"http://visiongpu23.csail.mit.edu/scratch/datasets/DeepfakeDetection/facenet_smooth_frames/dfdc_train_part_11/cjaulsvavp.mp4/face_0.mp4"}},{"choice":"fake","left":"real","right":"fake","videoPair":{"real":"http://visiongpu23.csail.mit.edu/scratch/datasets/DeepfakeDetection/facenet_smooth_frames/dfdc_train_part_6/dkkvcedpkn.mp4/face_0.mp4","fake":"http://visiongpu23.csail.mit.edu/scratch/datasets/DeepfakeDetection/facenet_smooth_frames/dfdc_train_part_11/cffiamlmxj.mp4/face_0.mp4"}},{"choice":"fake","left":"real","right":"fake","videoPair":{"real":"http://visiongpu23.csail.mit.edu/scratch/datasets/DeepfakeDetection/facenet_smooth_frames/dfdc_train_part_10/cqlarprtdy.mp4/face_0.mp4","fake":"http://visiongpu23.csail.mit.edu/scratch/datasets/DeepfakeDetection/facenet_smooth_frames/dfdc_train_part_6/dmdfeqjmpe.mp4/face_0.mp4"}},{"choice":"real","left":"real","right":"fake","videoPair":{"real":"http://visiongpu23.csail.mit.edu/scratch/datasets/DeepfakeDetection/facenet_smooth_frames/dfdc_train_part_0/fzvpbrzssi.mp4/face_0.mp4","fake":"http://visiongpu23.csail.mit.edu/scratch/datasets/DeepfakeDetection/facenet_smooth_frames/dfdc_train_part_7/exjspovhor.mp4/face_0.mp4"}},{"choice":"fake","left":"fake","right":"real","videoPair":{"real":"http://visiongpu23.csail.mit.edu/scratch/datasets/DeepfakeDetection/facenet_smooth_frames/dfdc_train_part_5/koowljkerd.mp4/face_0.mp4","fake":"http://visiongpu23.csail.mit.edu/scratch/datasets/DeepfakeDetection/facenet_smooth_frames/dfdc_train_part_7/cmyhcrqfnl.mp4/face_0.mp4"}},{"choice":"fake","left":"fake","right":"real","videoPair":{"real":"http://visiongpu23.csail.mit.edu/scratch/datasets/DeepfakeDetection/facenet_smooth_frames/dfdc_train_part_5/csfwgdpzym.mp4/face_0.mp4","fake":"http://visiongpu23.csail.mit.edu/scratch/datasets/DeepfakeDetection/facenet_smooth_frames/dfdc_train_part_10/cjjjchakav.mp4/face_0.mp4"}},{"choice":"fake","left":"real","right":"fake","videoPair":{"real":"http://visiongpu23.csail.mit.edu/scratch/datasets/DeepfakeDetection/facenet_smooth_frames/dfdc_train_part_2/sekwncgkzc.mp4/face_0.mp4","fake":"http://visiongpu23.csail.mit.edu/scratch/datasets/DeepfakeDetection/facenet_smooth_frames/dfdc_train_part_6/adarbftbnt.mp4/face_0.mp4"}},{"choice":"real","left":"real","right":"fake","videoPair":{"real":"http://visiongpu23.csail.mit.edu/scratch/datasets/DeepfakeDetection/facenet_smooth_frames/dfdc_train_part_2/ogghhskfdr.mp4/face_0.mp4","fake":"http://visiongpu23.csail.mit.edu/scratch/datasets/DeepfakeDetection/facenet_smooth_frames/dfdc_train_part_0/etychryvty.mp4/face_0.mp4"}},{"choice":"fake","left":"fake","right":"real","videoPair":{"real":"http://visiongpu23.csail.mit.edu/scratch/datasets/DeepfakeDetection/facenet_smooth_frames/dfdc_train_part_6/iarobzzslu.mp4/face_0.mp4","fake":"http://visiongpu23.csail.mit.edu/scratch/datasets/DeepfakeDetection/facenet_smooth_frames/dfdc_train_part_7/ctoeplyxsc.mp4/face_0.mp4"}},{"choice":"real","left":"real","right":"fake","videoPair":{"real":"http://visiongpu23.csail.mit.edu/scratch/datasets/DeepfakeDetection/facenet_smooth_frames/dfdc_train_part_5/ggjcrroblk.mp4/face_0.mp4","fake":"http://visiongpu23.csail.mit.edu/scratch/datasets/DeepfakeDetection/facenet_smooth_frames/dfdc_train_part_7/fzaowpidqx.mp4/face_0.mp4"}},{"choice":"fake","left":"real","right":"fake","videoPair":{"real":"http://visiongpu23.csail.mit.edu/scratch/datasets/DeepfakeDetection/facenet_smooth_frames/dfdc_train_part_2/qxzuuzvpmg.mp4/face_0.mp4","fake":"http://visiongpu23.csail.mit.edu/scratch/datasets/DeepfakeDetection/facenet_smooth_frames/dfdc_train_part_6/gwlhmtkofu.mp4/face_0.mp4"}},{"choice":"real","left":"real","right":"fake","videoPair":{"real":"http://visiongpu23.csail.mit.edu/scratch/datasets/DeepfakeDetection/facenet_smooth_frames/dfdc_train_part_6/izkvecvmid.mp4/face_0.mp4","fake":"http://visiongpu23.csail.mit.edu/scratch/datasets/DeepfakeDetection/facenet_smooth_frames/dfdc_train_part_7/jcbrkrekbh.mp4/face_0.mp4"}},{"choice":"fake","left":"fake","right":"real","videoPair":{"real":"http://visiongpu23.csail.mit.edu/scratch/datasets/DeepfakeDetection/facenet_smooth_frames/dfdc_train_part_6/axulmlkufx.mp4/face_0.mp4","fake":"http://visiongpu23.csail.mit.edu/scratch/datasets/DeepfakeDetection/facenet_smooth_frames/dfdc_train_part_7/lijfcncczj.mp4/face_0.mp4"}}],"times":[10354.580000042915,1517.1299999346957,856.5600001020357,962.8800000064075,914.1600000439212,791.425000061281,1129.0550000267103,1207.245000055991,1244.2949999822304,820.7499999552965,2998.2249999884516,1998.1249999254942,1319.0349999349564,1343.819999950938,1266.620000009425,1300.165000022389,992.3699999926612,1476.5249999472871,1084.2500000726432,3155.2749999100342,1177.7700000675395,1083.8750000111759,2131.1949999071658,1074.0750000113621,2220.934999990277,973.5899999504909,1064.0699999639764,743.0650000460446,816.069999942556,871.0250000003725,841.7250000638887,1341.5350000141189,1186.5499999839813,1254.6350000193343,1647.5299999583513,1107.6549999415874,927.3800000082701,1120.424999971874,1175.9099999908358,1274.0149999735877,1094.9600000167266,1028.4799999790266,832.7949999365956,1136.8749999674037,992.1649999450892,873.7549999495968,1105.8250000933185,1050.3800000296906,1110.6949999229982,1037.5749999657273,1129.659999976866,1003.2899999059737,1110.0449999794364,1207.3949999175966,1313.1849999772385,1048.0699999025092,1099.3199999211356,1836.9400000665337,804.7250000527129,769.5900000398979,1374.1750000044703,1423.190000001341,1109.3999999575317,983.1649999832734,1414.130000048317,956.3949999865144,997.5500000873581,925.0250000040978,1051.340000005439,962.7350000664592,1094.9050000635907,1153.3650000346825,902.9899999732152,962.059999932535,1343.4950000373647,849.3199999211356,1106.580000021495,949.8850000090897,1062.1749999700114,1142.8549999836832,1103.0399999581277,869.1150000086054,793.7099999981001,859.0600000461563,1130.0150000024587,1244.5850000949576,1218.83499994874,1208.7899999460205,983.4849999751896,1221.1100000422448,1171.2149999802932,1680.5050000548363,1186.1700000008568,759.4149999786168,2176.699999952689,1241.1200000206009,1458.104999968782,2660.0749999051914,903.5900000017136,1715.2849999256432,1131.6300000762567,1229.3899999931455,893.694999977015,1443.8450000016019,1311.5549999056384,881.7099999869242,1862.5900000333786,1082.1650000289083,960.4700000490993,1061.8000000249594,1300.0000000465661,1275.275000021793,1095.145000028424,1096.7849999433383,1287.47499990277,1356.610000017099,1267.6450000144541,1139.1150000272319,948.5150000546128,803.2899999525398,892.894999939017,803.1750000081956,1636.3000000128523,1006.374999997206,803.9450000505894,1006.0250000096858,963.190000038594,1061.4599999971688,918.0600000545382,780.0399999832734,1126.0099998908117,780.5599999846891,825.9700000053272,703.5450000548735,894.2700000479817,803.8400000659749,940.169999958016,1217.5049999495968,1054.9899999750778,1231.099999975413,1244.2850000225008,1108.1349999876693,859.5999999670312,983.7899999693036,965.2800000039861,823.9049999974668,925.7699999725446,1077.6049999985844,971.0399999748915,1016.620000009425,1812.3650000197813,824.1850000340492,849.7050000587478,623.0900000082329,1475.8399999700487,748.7399999517947,1040.2650000760332,1164.3750000512227,938.495000009425,881.690000067465,1285.5599999893457,926.4749999856576,796.4400000637397,901.9049999769777,858.4350000601262,1233.8999999919906,1094.7750000050291,918.3500000508502,950.1199999358505,849.140000063926,1371.214999933727,780.765000032261,771.269999910146,893.819999997504,1086.7400000570342,1253.1350000062957,950.3950000507757,1433.930000057444,893.2150000473484,781.4200000138953,1331.1499999836087,802.8949999716133,836.8199999677017,781.3350000651553,905.7199999224395,1465.9349999856204,1502.8150000143796,985.3650000877678,1181.7299999529496,804.6299999114126,690.1550000766292,993.3300000848249,1275.9599999990314,1209.580000024289,1230.420000036247,1411.0700000310317,993.9949999097735,1582.0050000911579,2378.8600000552833,1063.369999988936,1456.6449999110773,1230.195000069216,1187.9600000102073,846.4549999916926,1600.8500000461936,1199.1899999557063,1163.1549999583513,1208.3749999292195,1570.454999920912,1374.8399999458343],"nullify":[]}