{"videoChoices":[{"choice":"fake","left":"fake","right":"real","videoPair":{"real":"http://visiongpu23.csail.mit.edu/scratch/datasets/DeepfakeDetection/facenet_smooth_frames/dfdc_train_part_6/bgeacsngmi.mp4/face_0.mp4","fake":"http://visiongpu23.csail.mit.edu/scratch/datasets/DeepfakeDetection/facenet_smooth_frames/dfdc_train_part_6/kmvfeofizf.mp4/face_0.mp4"}},{"choice":"fake","left":"fake","right":"real","videoPair":{"real":"http://visiongpu23.csail.mit.edu/scratch/datasets/DeepfakeDetection/facenet_smooth_frames/dfdc_train_part_2/pxjkzvqomp.mp4/face_0.mp4","fake":"http://visiongpu23.csail.mit.edu/scratch/datasets/DeepfakeDetection/facenet_smooth_frames/dfdc_train_part_6/lqsikexkia.mp4/face_0.mp4"}},{"choice":"fake","left":"real","right":"fake","videoPair":{"real":"http://visiongpu23.csail.mit.edu/scratch/datasets/DeepfakeDetection/facenet_smooth_frames/dfdc_train_part_1/ptkcmwnfjv.mp4/face_0.mp4","fake":"http://visiongpu23.csail.mit.edu/scratch/datasets/DeepfakeDetection/facenet_smooth_frames/dfdc_train_part_7/iozoxnbnae.mp4/face_0.mp4"}},{"choice":"fake","left":"fake","right":"real","videoPair":{"real":"http://visiongpu23.csail.mit.edu/scratch/datasets/DeepfakeDetection/facenet_smooth_frames/dfdc_train_part_17/afmhdngiib.mp4/face_0.mp4","fake":"http://visiongpu23.csail.mit.edu/scratch/datasets/DeepfakeDetection/facenet_smooth_frames/dfdc_train_part_7/kffgnnehka.mp4/face_0.mp4"}},{"choice":"fake","left":"real","right":"fake","videoPair":{"real":"http://visiongpu23.csail.mit.edu/scratch/datasets/DeepfakeDetection/facenet_smooth_frames/dfdc_train_part_2/vdwxhqsypv.mp4/face_0.mp4","fake":"http://visiongpu23.csail.mit.edu/scratch/datasets/DeepfakeDetection/facenet_smooth_frames/dfdc_train_part_0/eowsoapzuj.mp4/face_0.mp4"}},{"choice":"fake","left":"real","right":"fake","videoPair":{"real":"http://visiongpu23.csail.mit.edu/scratch/datasets/DeepfakeDetection/facenet_smooth_frames/dfdc_train_part_6/ebxruufffq.mp4/face_0.mp4","fake":"http://visiongpu23.csail.mit.edu/scratch/datasets/DeepfakeDetection/facenet_smooth_frames/dfdc_train_part_7/lzlmiioxco.mp4/face_0.mp4"}},{"choice":"fake","left":"real","right":"fake","videoPair":{"real":"http://visiongpu23.csail.mit.edu/scratch/datasets/DeepfakeDetection/facenet_smooth_frames/dfdc_train_part_2/mxlipjhmqk.mp4/face_0.mp4","fake":"http://visiongpu23.csail.mit.edu/scratch/datasets/DeepfakeDetection/facenet_smooth_frames/dfdc_train_part_0/gfncmhgdio.mp4/face_0.mp4"}},{"choice":"fake","left":"real","right":"fake","videoPair":{"real":"http://visiongpu23.csail.mit.edu/scratch/datasets/DeepfakeDetection/facenet_smooth_frames/dfdc_train_part_11/cygncccjph.mp4/face_0.mp4","fake":"http://visiongpu23.csail.mit.edu/scratch/datasets/DeepfakeDetection/facenet_smooth_frames/dfdc_train_part_7/hoebaacbjo.mp4/face_0.mp4"}},{"choice":"fake","left":"real","right":"fake","videoPair":{"real":"http://visiongpu23.csail.mit.edu/scratch/datasets/DeepfakeDetection/facenet_smooth_frames/dfdc_train_part_6/fnlqhlbltj.mp4/face_0.mp4","fake":"http://visiongpu23.csail.mit.edu/scratch/datasets/DeepfakeDetection/facenet_smooth_frames/dfdc_train_part_6/klcfvbtksk.mp4/face_0.mp4"}},{"choice":"fake","left":"fake","right":"real","videoPair":{"real":"http://visiongpu23.csail.mit.edu/scratch/datasets/DeepfakeDetection/facenet_smooth_frames/dfdc_train_part_2/hvyevrpeyc.mp4/face_0.mp4","fake":"http://visiongpu23.csail.mit.edu/scratch/datasets/DeepfakeDetection/facenet_smooth_frames/dfdc_train_part_6/ltalxemxvo.mp4/face_0.mp4"}},{"choice":"fake","left":"real","right":"fake","videoPair":{"real":"http://visiongpu23.csail.mit.edu/scratch/datasets/DeepfakeDetection/facenet_smooth_frames/dfdc_train_part_2/mttjelpgma.mp4/face_0.mp4","fake":"http://visiongpu23.csail.mit.edu/scratch/datasets/DeepfakeDetection/facenet_smooth_frames/dfdc_train_part_6/fomfhfyzxg.mp4/face_0.mp4"}},{"choice":"real","left":"fake","right":"real","videoPair":{"real":"http://visiongpu23.csail.mit.edu/scratch/datasets/DeepfakeDetection/facenet_smooth_frames/dfdc_train_part_5/mmqgopsczd.mp4/face_0.mp4","fake":"http://visiongpu23.csail.mit.edu/scratch/datasets/DeepfakeDetection/facenet_smooth_frames/dfdc_train_part_6/jruuybbckw.mp4/face_0.mp4"}},{"choice":"real","left":"fake","right":"real","videoPair":{"real":"http://visiongpu23.csail.mit.edu/scratch/datasets/DeepfakeDetection/facenet_smooth_frames/dfdc_train_part_0/ddtbarpcgo.mp4/face_0.mp4","fake":"http://visiongpu23.csail.mit.edu/scratch/datasets/DeepfakeDetection/facenet_smooth_frames/dfdc_train_part_6/dfllzqcyug.mp4/face_0.mp4"}},{"choice":"fake","left":"fake","right":"real","videoPair":{"real":"http://visiongpu23.csail.mit.edu/scratch/datasets/DeepfakeDetection/facenet_smooth_frames/dfdc_train_part_6/ewkakfpqmw.mp4/face_0.mp4","fake":"http://visiongpu23.csail.mit.edu/scratch/datasets/DeepfakeDetection/facenet_smooth_frames/dfdc_train_part_7/bwmnobzril.mp4/face_0.mp4"}},{"choice":"fake","left":"real","right":"fake","videoPair":{"real":"http://visiongpu23.csail.mit.edu/scratch/datasets/DeepfakeDetection/facenet_smooth_frames/dfdc_train_part_6/jrrslkdiaf.mp4/face_0.mp4","fake":"http://visiongpu23.csail.mit.edu/scratch/datasets/DeepfakeDetection/facenet_smooth_frames/dfdc_train_part_6/cotvlcroov.mp4/face_0.mp4"}},{"choice":"null","left":"real","right":"fake","videoPair":{"real":"http://visiongpu23.csail.mit.edu/scratch/datasets/DeepfakeDetection/facenet_smooth_frames/dfdc_train_part_7/lsjvxakidz.mp4/face_0.mp4","fake":"http://visiongpu23.csail.mit.edu/scratch/datasets/DeepfakeDetection/facenet_smooth_frames/dfdc_train_part_10/boolcgesju.mp4/face_0.mp4"}},{"choice":"fake","left":"real","right":"fake","videoPair":{"real":"http://visiongpu23.csail.mit.edu/scratch/datasets/DeepfakeDetection/facenet_smooth_frames/dfdc_train_part_6/fgyrmqarez.mp4/face_0.mp4","fake":"http://visiongpu23.csail.mit.edu/scratch/datasets/DeepfakeDetection/facenet_smooth_frames/dfdc_train_part_6/iejbsxdytl.mp4/face_0.mp4"}},{"choice":"fake","left":"real","right":"fake","videoPair":{"real":"http://visiongpu23.csail.mit.edu/scratch/datasets/DeepfakeDetection/facenet_smooth_frames/dfdc_train_part_2/ixzkhxrmka.mp4/face_0.mp4","fake":"http://visiongpu23.csail.mit.edu/scratch/datasets/DeepfakeDetection/facenet_smooth_frames/dfdc_train_part_10/chemgftzds.mp4/face_0.mp4"}},{"choice":"fake","left":"fake","right":"real","videoPair":{"real":"http://visiongpu23.csail.mit.edu/scratch/datasets/DeepfakeDetection/facenet_smooth_frames/dfdc_train_part_6/crgcrqxqjw.mp4/face_0.mp4","fake":"http://visiongpu23.csail.mit.edu/scratch/datasets/DeepfakeDetection/facenet_smooth_frames/dfdc_train_part_0/gqnaxievjx.mp4/face_0.mp4"}},{"choice":"fake","left":"fake","right":"real","videoPair":{"real":"http://visiongpu23.csail.mit.edu/scratch/datasets/DeepfakeDetection/facenet_smooth_frames/dfdc_train_part_5/ktrkpmnnlg.mp4/face_0.mp4","fake":"http://visiongpu23.csail.mit.edu/scratch/datasets/DeepfakeDetection/facenet_smooth_frames/dfdc_train_part_6/awpdbtfgbj.mp4/face_0.mp4"}},{"choice":"fake","left":"fake","right":"real","videoPair":{"real":"http://visiongpu23.csail.mit.edu/scratch/datasets/DeepfakeDetection/facenet_smooth_frames/dfdc_train_part_2/fnkdkfajak.mp4/face_0.mp4","fake":"http://visiongpu23.csail.mit.edu/scratch/datasets/DeepfakeDetection/facenet_smooth_frames/dfdc_train_part_6/klaruoxyvq.mp4/face_0.mp4"}},{"choice":"real","left":"fake","right":"real","videoPair":{"real":"http://visiongpu23.csail.mit.edu/scratch/datasets/DeepfakeDetection/facenet_smooth_frames/dfdc_train_part_0/eppyqpgewp.mp4/face_0.mp4","fake":"http://visiongpu23.csail.mit.edu/scratch/datasets/DeepfakeDetection/facenet_smooth_frames/dfdc_train_part_1/dxmijrrmbx.mp4/face_0.mp4"}},{"choice":"fake","left":"real","right":"fake","videoPair":{"real":"http://visiongpu23.csail.mit.edu/scratch/datasets/DeepfakeDetection/facenet_smooth_frames/dfdc_train_part_2/wmoqzxddkb.mp4/face_0.mp4","fake":"http://visiongpu23.csail.mit.edu/scratch/datasets/DeepfakeDetection/facenet_smooth_frames/dfdc_train_part_7/fqhivmkvvu.mp4/face_0.mp4"}},{"choice":"fake","left":"real","right":"fake","videoPair":{"real":"http://visiongpu23.csail.mit.edu/scratch/datasets/DeepfakeDetection/facenet_smooth_frames/dfdc_train_part_6/mdzlajezqj.mp4/face_0.mp4","fake":"http://visiongpu23.csail.mit.edu/scratch/datasets/DeepfakeDetection/facenet_smooth_frames/dfdc_train_part_11/bdgspwardg.mp4/face_0.mp4"}},{"choice":"fake","left":"fake","right":"real","videoPair":{"real":"http://visiongpu23.csail.mit.edu/scratch/datasets/DeepfakeDetection/facenet_smooth_frames/dfdc_train_part_1/jpvkoxrueh.mp4/face_0.mp4","fake":"http://visiongpu23.csail.mit.edu/scratch/datasets/DeepfakeDetection/facenet_smooth_frames/dfdc_train_part_7/djdawhgbsk.mp4/face_0.mp4"}},{"choice":"fake","left":"real","right":"fake","videoPair":{"real":"http://visiongpu23.csail.mit.edu/scratch/datasets/DeepfakeDetection/facenet_smooth_frames/dfdc_train_part_2/sfqwnoixtm.mp4/face_0.mp4","fake":"http://visiongpu23.csail.mit.edu/scratch/datasets/DeepfakeDetection/facenet_smooth_frames/dfdc_train_part_0/cjhwsuzeuz.mp4/face_0.mp4"}},{"choice":"fake","left":"real","right":"fake","videoPair":{"real":"http://visiongpu23.csail.mit.edu/scratch/datasets/DeepfakeDetection/facenet_smooth_frames/dfdc_train_part_7/fzjvdhvfhp.mp4/face_0.mp4","fake":"http://visiongpu23.csail.mit.edu/scratch/datasets/DeepfakeDetection/facenet_smooth_frames/dfdc_train_part_7/ezhnuaiazw.mp4/face_0.mp4"}},{"choice":"real","left":"fake","right":"real","videoPair":{"real":"http://visiongpu23.csail.mit.edu/scratch/datasets/DeepfakeDetection/facenet_smooth_frames/dfdc_train_part_7/lkfoelyxpq.mp4/face_0.mp4","fake":"http://visiongpu23.csail.mit.edu/scratch/datasets/DeepfakeDetection/facenet_smooth_frames/dfdc_train_part_7/eyltmgzqal.mp4/face_0.mp4"}},{"choice":"fake","left":"real","right":"fake","videoPair":{"real":"http://visiongpu23.csail.mit.edu/scratch/datasets/DeepfakeDetection/facenet_smooth_frames/dfdc_train_part_2/jyfvaequfg.mp4/face_0.mp4","fake":"http://visiongpu23.csail.mit.edu/scratch/datasets/DeepfakeDetection/facenet_smooth_frames/dfdc_train_part_10/croqkpakht.mp4/face_0.mp4"}},{"choice":"fake","left":"fake","right":"real","videoPair":{"real":"http://visiongpu23.csail.mit.edu/scratch/datasets/DeepfakeDetection/facenet_smooth_frames/dfdc_train_part_5/iubklilvdl.mp4/face_0.mp4","fake":"http://visiongpu23.csail.mit.edu/scratch/datasets/DeepfakeDetection/facenet_smooth_frames/dfdc_train_part_11/crenxvvkwy.mp4/face_0.mp4"}},{"choice":"fake","left":"real","right":"fake","videoPair":{"real":"http://visiongpu23.csail.mit.edu/scratch/datasets/DeepfakeDetection/facenet_smooth_frames/dfdc_train_part_2/zmxeiipnqb.mp4/face_0.mp4","fake":"http://visiongpu23.csail.mit.edu/scratch/datasets/DeepfakeDetection/facenet_smooth_frames/dfdc_train_part_7/odnicwpqyh.mp4/face_0.mp4"}},{"choice":"fake","left":"real","right":"fake","videoPair":{"real":"http://visiongpu23.csail.mit.edu/scratch/datasets/DeepfakeDetection/facenet_smooth_frames/dfdc_train_part_2/iuatfdhkya.mp4/face_0.mp4","fake":"http://visiongpu23.csail.mit.edu/scratch/datasets/DeepfakeDetection/facenet_smooth_frames/dfdc_train_part_7/gpevrsbgim.mp4/face_0.mp4"}},{"choice":"real","left":"fake","right":"real","videoPair":{"real":"http://visiongpu23.csail.mit.edu/scratch/datasets/DeepfakeDetection/facenet_smooth_frames/dfdc_train_part_7/mlqtepcdhs.mp4/face_0.mp4","fake":"http://visiongpu23.csail.mit.edu/scratch/datasets/DeepfakeDetection/facenet_smooth_frames/dfdc_train_part_6/lvzibxmaeo.mp4/face_0.mp4"}},{"choice":"fake","left":"real","right":"fake","videoPair":{"real":"http://visiongpu23.csail.mit.edu/scratch/datasets/DeepfakeDetection/facenet_smooth_frames/dfdc_train_part_7/aeysrmfmht.mp4/face_0.mp4","fake":"http://visiongpu23.csail.mit.edu/scratch/datasets/DeepfakeDetection/facenet_smooth_frames/dfdc_train_part_6/lghoezmekk.mp4/face_0.mp4"}},{"choice":"fake","left":"real","right":"fake","videoPair":{"real":"http://visiongpu23.csail.mit.edu/scratch/datasets/DeepfakeDetection/facenet_smooth_frames/dfdc_train_part_2/yrxljghbmn.mp4/face_0.mp4","fake":"http://visiongpu23.csail.mit.edu/scratch/datasets/DeepfakeDetection/facenet_smooth_frames/dfdc_train_part_6/fwwqqnaaka.mp4/face_0.mp4"}},{"choice":"fake","left":"real","right":"fake","videoPair":{"real":"http://visiongpu23.csail.mit.edu/scratch/datasets/DeepfakeDetection/facenet_smooth_frames/dfdc_train_part_6/echurwqdgu.mp4/face_0.mp4","fake":"http://visiongpu23.csail.mit.edu/scratch/datasets/DeepfakeDetection/facenet_smooth_frames/dfdc_train_part_7/ionnyalzrj.mp4/face_0.mp4"}},{"choice":"fake","left":"real","right":"fake","videoPair":{"real":"http://visiongpu23.csail.mit.edu/scratch/datasets/DeepfakeDetection/facenet_smooth_frames/dfdc_train_part_2/wadvzjhwtw.mp4/face_0.mp4","fake":"http://visiongpu23.csail.mit.edu/scratch/datasets/DeepfakeDetection/facenet_smooth_frames/dfdc_train_part_7/bqfyfhzjxk.mp4/face_0.mp4"}},{"choice":"fake","left":"real","right":"fake","videoPair":{"real":"http://visiongpu23.csail.mit.edu/scratch/datasets/DeepfakeDetection/facenet_smooth_frames/dfdc_train_part_0/fufcmupzen.mp4/face_0.mp4","fake":"http://visiongpu23.csail.mit.edu/scratch/datasets/DeepfakeDetection/facenet_smooth_frames/dfdc_train_part_7/juiuzrtxnb.mp4/face_0.mp4"}},{"choice":"fake","left":"fake","right":"real","videoPair":{"real":"http://visiongpu23.csail.mit.edu/scratch/datasets/DeepfakeDetection/facenet_smooth_frames/dfdc_train_part_2/lxfrifiujz.mp4/face_0.mp4","fake":"http://visiongpu23.csail.mit.edu/scratch/datasets/DeepfakeDetection/facenet_smooth_frames/dfdc_train_part_6/mfvidfnnye.mp4/face_0.mp4"}},{"choice":"real","left":"fake","right":"real","videoPair":{"real":"http://visiongpu23.csail.mit.edu/scratch/datasets/DeepfakeDetection/facenet_smooth_frames/dfdc_train_part_7/hjhxtcacvv.mp4/face_0.mp4","fake":"http://visiongpu23.csail.mit.edu/scratch/datasets/DeepfakeDetection/facenet_smooth_frames/dfdc_train_part_6/hnelauuwfr.mp4/face_0.mp4"}},{"choice":"fake","left":"fake","right":"real","videoPair":{"real":"http://visiongpu23.csail.mit.edu/scratch/datasets/DeepfakeDetection/facenet_smooth_frames/dfdc_train_part_5/jkwpppugfm.mp4/face_0.mp4","fake":"http://visiongpu23.csail.mit.edu/scratch/datasets/DeepfakeDetection/facenet_smooth_frames/dfdc_train_part_6/daygtjhalq.mp4/face_0.mp4"}},{"choice":"fake","left":"real","right":"fake","videoPair":{"real":"http://visiongpu23.csail.mit.edu/scratch/datasets/DeepfakeDetection/facenet_smooth_frames/dfdc_train_part_2/nxnmkytwze.mp4/face_0.mp4","fake":"http://visiongpu23.csail.mit.edu/scratch/datasets/DeepfakeDetection/facenet_smooth_frames/dfdc_train_part_6/fuoqsmmzcg.mp4/face_0.mp4"}},{"choice":"real","left":"real","right":"fake","videoPair":{"real":"http://visiongpu23.csail.mit.edu/scratch/datasets/DeepfakeDetection/facenet_smooth_frames/dfdc_train_part_6/kdzawbgzwb.mp4/face_0.mp4","fake":"http://visiongpu23.csail.mit.edu/scratch/datasets/DeepfakeDetection/facenet_smooth_frames/dfdc_train_part_6/mceowpsakr.mp4/face_0.mp4"}},{"choice":"fake","left":"real","right":"fake","videoPair":{"real":"http://visiongpu23.csail.mit.edu/scratch/datasets/DeepfakeDetection/facenet_smooth_frames/dfdc_train_part_6/khsvrymllj.mp4/face_0.mp4","fake":"http://visiongpu23.csail.mit.edu/scratch/datasets/DeepfakeDetection/facenet_smooth_frames/dfdc_train_part_7/iblhdbsurm.mp4/face_0.mp4"}},{"choice":"fake","left":"fake","right":"real","videoPair":{"real":"http://visiongpu23.csail.mit.edu/scratch/datasets/DeepfakeDetection/facenet_smooth_frames/dfdc_train_part_6/kneuzwgghn.mp4/face_0.mp4","fake":"http://visiongpu23.csail.mit.edu/scratch/datasets/DeepfakeDetection/facenet_smooth_frames/dfdc_train_part_7/bfjwtlumpn.mp4/face_0.mp4"}},{"choice":"fake","left":"real","right":"fake","videoPair":{"real":"http://visiongpu23.csail.mit.edu/scratch/datasets/DeepfakeDetection/facenet_smooth_frames/dfdc_train_part_6/dtzlalimdl.mp4/face_0.mp4","fake":"http://visiongpu23.csail.mit.edu/scratch/datasets/DeepfakeDetection/facenet_smooth_frames/dfdc_train_part_6/lmstadadwc.mp4/face_0.mp4"}},{"choice":"real","left":"fake","right":"real","videoPair":{"real":"http://visiongpu23.csail.mit.edu/scratch/datasets/DeepfakeDetection/facenet_smooth_frames/dfdc_train_part_7/evtejfbbal.mp4/face_0.mp4","fake":"http://visiongpu23.csail.mit.edu/scratch/datasets/DeepfakeDetection/facenet_smooth_frames/dfdc_train_part_7/ndymwzxmoa.mp4/face_0.mp4"}},{"choice":"fake","left":"fake","right":"real","videoPair":{"real":"http://visiongpu23.csail.mit.edu/scratch/datasets/DeepfakeDetection/facenet_smooth_frames/dfdc_train_part_6/krxbkladav.mp4/face_0.mp4","fake":"http://visiongpu23.csail.mit.edu/scratch/datasets/DeepfakeDetection/facenet_smooth_frames/dfdc_train_part_10/atnzcsviod.mp4/face_0.mp4"}},{"choice":"fake","left":"real","right":"fake","videoPair":{"real":"http://visiongpu23.csail.mit.edu/scratch/datasets/DeepfakeDetection/facenet_smooth_frames/dfdc_train_part_2/jhmliugwqq.mp4/face_0.mp4","fake":"http://visiongpu23.csail.mit.edu/scratch/datasets/DeepfakeDetection/facenet_smooth_frames/dfdc_train_part_1/qynqpctxpj.mp4/face_0.mp4"}},{"choice":"fake","left":"fake","right":"real","videoPair":{"real":"http://visiongpu23.csail.mit.edu/scratch/datasets/DeepfakeDetection/facenet_smooth_frames/dfdc_train_part_2/rayekvigxv.mp4/face_0.mp4","fake":"http://visiongpu23.csail.mit.edu/scratch/datasets/DeepfakeDetection/facenet_smooth_frames/dfdc_train_part_6/btmstjvczd.mp4/face_0.mp4"}},{"choice":"real","left":"real","right":"fake","videoPair":{"real":"http://visiongpu23.csail.mit.edu/scratch/datasets/DeepfakeDetection/facenet_smooth_frames/dfdc_train_part_5/ljtkjhntue.mp4/face_0.mp4","fake":"http://visiongpu23.csail.mit.edu/scratch/datasets/DeepfakeDetection/facenet_smooth_frames/dfdc_train_part_7/mlnazyfrhq.mp4/face_0.mp4"}},{"choice":"real","left":"real","right":"fake","videoPair":{"real":"http://visiongpu23.csail.mit.edu/scratch/datasets/DeepfakeDetection/facenet_smooth_frames/dfdc_train_part_6/kqwflqwnfm.mp4/face_0.mp4","fake":"http://visiongpu23.csail.mit.edu/scratch/datasets/DeepfakeDetection/facenet_smooth_frames/dfdc_train_part_6/btlxmzfhup.mp4/face_0.mp4"}},{"choice":"fake","left":"fake","right":"real","videoPair":{"real":"http://visiongpu23.csail.mit.edu/scratch/datasets/DeepfakeDetection/facenet_smooth_frames/dfdc_train_part_5/ejdavxgdsf.mp4/face_0.mp4","fake":"http://visiongpu23.csail.mit.edu/scratch/datasets/DeepfakeDetection/facenet_smooth_frames/dfdc_train_part_0/eugcprxhvd.mp4/face_0.mp4"}},{"choice":"fake","left":"real","right":"fake","videoPair":{"real":"http://visiongpu23.csail.mit.edu/scratch/datasets/DeepfakeDetection/facenet_smooth_frames/dfdc_train_part_1/hntguogkqd.mp4/face_0.mp4","fake":"http://visiongpu23.csail.mit.edu/scratch/datasets/DeepfakeDetection/facenet_smooth_frames/dfdc_train_part_17/aelsditult.mp4/face_0.mp4"}},{"choice":"real","left":"fake","right":"real","videoPair":{"real":"http://visiongpu23.csail.mit.edu/scratch/datasets/DeepfakeDetection/facenet_smooth_frames/dfdc_train_part_10/caqmcpipgz.mp4/face_0.mp4","fake":"http://visiongpu23.csail.mit.edu/scratch/datasets/DeepfakeDetection/facenet_smooth_frames/dfdc_train_part_1/cxzqexgpeu.mp4/face_0.mp4"}},{"choice":"real","left":"fake","right":"real","videoPair":{"real":"http://visiongpu23.csail.mit.edu/scratch/datasets/DeepfakeDetection/facenet_smooth_frames/dfdc_train_part_6/elxlnjzmzi.mp4/face_0.mp4","fake":"http://visiongpu23.csail.mit.edu/scratch/datasets/DeepfakeDetection/facenet_smooth_frames/dfdc_train_part_6/fworxtuhyu.mp4/face_0.mp4"}},{"choice":"fake","left":"fake","right":"real","videoPair":{"real":"http://visiongpu23.csail.mit.edu/scratch/datasets/DeepfakeDetection/facenet_smooth_frames/dfdc_train_part_7/fxtrbrdcgo.mp4/face_0.mp4","fake":"http://visiongpu23.csail.mit.edu/scratch/datasets/DeepfakeDetection/facenet_smooth_frames/dfdc_train_part_7/dzngxjxwjy.mp4/face_0.mp4"}},{"choice":"real","left":"fake","right":"real","videoPair":{"real":"http://visiongpu23.csail.mit.edu/scratch/datasets/DeepfakeDetection/facenet_smooth_frames/dfdc_train_part_1/igpvrfjdzc.mp4/face_0.mp4","fake":"http://visiongpu23.csail.mit.edu/scratch/datasets/DeepfakeDetection/facenet_smooth_frames/dfdc_train_part_1/xbctgvzitp.mp4/face_0.mp4"}},{"choice":"fake","left":"real","right":"fake","videoPair":{"real":"http://visiongpu23.csail.mit.edu/scratch/datasets/DeepfakeDetection/facenet_smooth_frames/dfdc_train_part_6/boaubpdrvk.mp4/face_0.mp4","fake":"http://visiongpu23.csail.mit.edu/scratch/datasets/DeepfakeDetection/facenet_smooth_frames/dfdc_train_part_6/igdiwismie.mp4/face_0.mp4"}},{"choice":"fake","left":"real","right":"fake","videoPair":{"real":"http://visiongpu23.csail.mit.edu/scratch/datasets/DeepfakeDetection/facenet_smooth_frames/dfdc_train_part_10/btpzgbnlzn.mp4/face_0.mp4","fake":"http://visiongpu23.csail.mit.edu/scratch/datasets/DeepfakeDetection/facenet_smooth_frames/dfdc_train_part_6/elhkbzgjoj.mp4/face_0.mp4"}},{"choice":"fake","left":"fake","right":"real","videoPair":{"real":"http://visiongpu23.csail.mit.edu/scratch/datasets/DeepfakeDetection/facenet_smooth_frames/dfdc_train_part_11/domhnipkeh.mp4/face_0.mp4","fake":"http://visiongpu23.csail.mit.edu/scratch/datasets/DeepfakeDetection/facenet_smooth_frames/dfdc_train_part_6/jswlnqjfyu.mp4/face_0.mp4"}},{"choice":"real","left":"fake","right":"real","videoPair":{"real":"http://visiongpu23.csail.mit.edu/scratch/datasets/DeepfakeDetection/facenet_smooth_frames/dfdc_train_part_10/akobxwitbe.mp4/face_0.mp4","fake":"http://visiongpu23.csail.mit.edu/scratch/datasets/DeepfakeDetection/facenet_smooth_frames/dfdc_train_part_6/gamdxmmfyy.mp4/face_0.mp4"}},{"choice":"fake","left":"real","right":"fake","videoPair":{"real":"http://visiongpu23.csail.mit.edu/scratch/datasets/DeepfakeDetection/facenet_smooth_frames/dfdc_train_part_7/juuxucpukk.mp4/face_0.mp4","fake":"http://visiongpu23.csail.mit.edu/scratch/datasets/DeepfakeDetection/facenet_smooth_frames/dfdc_train_part_6/jzflqvfwxs.mp4/face_0.mp4"}},{"choice":"fake","left":"real","right":"fake","videoPair":{"real":"http://visiongpu23.csail.mit.edu/scratch/datasets/DeepfakeDetection/facenet_smooth_frames/dfdc_train_part_1/ocnqcaojtf.mp4/face_0.mp4","fake":"http://visiongpu23.csail.mit.edu/scratch/datasets/DeepfakeDetection/facenet_smooth_frames/dfdc_train_part_6/haiqfcbqnn.mp4/face_0.mp4"}},{"choice":"fake","left":"fake","right":"real","videoPair":{"real":"http://visiongpu23.csail.mit.edu/scratch/datasets/DeepfakeDetection/facenet_smooth_frames/dfdc_train_part_6/gbensgskzr.mp4/face_0.mp4","fake":"http://visiongpu23.csail.mit.edu/scratch/datasets/DeepfakeDetection/facenet_smooth_frames/dfdc_train_part_7/cqqbbmvfid.mp4/face_0.mp4"}},{"choice":"fake","left":"fake","right":"real","videoPair":{"real":"http://visiongpu23.csail.mit.edu/scratch/datasets/DeepfakeDetection/facenet_smooth_frames/dfdc_train_part_1/yhylappzid.mp4/face_0.mp4","fake":"http://visiongpu23.csail.mit.edu/scratch/datasets/DeepfakeDetection/facenet_smooth_frames/dfdc_train_part_6/iaofhfmkvk.mp4/face_0.mp4"}},{"choice":"real","left":"fake","right":"real","videoPair":{"real":"http://visiongpu23.csail.mit.edu/scratch/datasets/DeepfakeDetection/facenet_smooth_frames/dfdc_train_part_1/scqcdvqiyq.mp4/face_0.mp4","fake":"http://visiongpu23.csail.mit.edu/scratch/datasets/DeepfakeDetection/facenet_smooth_frames/dfdc_train_part_17/aeapxhoeli.mp4/face_0.mp4"}},{"choice":"fake","left":"fake","right":"real","videoPair":{"real":"http://visiongpu23.csail.mit.edu/scratch/datasets/DeepfakeDetection/facenet_smooth_frames/dfdc_train_part_1/opsgvfjlgh.mp4/face_0.mp4","fake":"http://visiongpu23.csail.mit.edu/scratch/datasets/DeepfakeDetection/facenet_smooth_frames/dfdc_train_part_6/bmjjhpgnra.mp4/face_0.mp4"}},{"choice":"fake","left":"fake","right":"real","videoPair":{"real":"http://visiongpu23.csail.mit.edu/scratch/datasets/DeepfakeDetection/facenet_smooth_frames/dfdc_train_part_6/jpnothtwkv.mp4/face_0.mp4","fake":"http://visiongpu23.csail.mit.edu/scratch/datasets/DeepfakeDetection/facenet_smooth_frames/dfdc_train_part_10/chiqwpdyus.mp4/face_0.mp4"}},{"choice":"fake","left":"real","right":"fake","videoPair":{"real":"http://visiongpu23.csail.mit.edu/scratch/datasets/DeepfakeDetection/facenet_smooth_frames/dfdc_train_part_6/fvcqerfgfa.mp4/face_0.mp4","fake":"http://visiongpu23.csail.mit.edu/scratch/datasets/DeepfakeDetection/facenet_smooth_frames/dfdc_train_part_0/dlrcprykef.mp4/face_0.mp4"}},{"choice":"fake","left":"real","right":"fake","videoPair":{"real":"http://visiongpu23.csail.mit.edu/scratch/datasets/DeepfakeDetection/facenet_smooth_frames/dfdc_train_part_2/fqvaalcdae.mp4/face_0.mp4","fake":"http://visiongpu23.csail.mit.edu/scratch/datasets/DeepfakeDetection/facenet_smooth_frames/dfdc_train_part_7/bidlydtbkf.mp4/face_0.mp4"}},{"choice":"fake","left":"real","right":"fake","videoPair":{"real":"http://visiongpu23.csail.mit.edu/scratch/datasets/DeepfakeDetection/facenet_smooth_frames/dfdc_train_part_5/gmkfzogjlj.mp4/face_0.mp4","fake":"http://visiongpu23.csail.mit.edu/scratch/datasets/DeepfakeDetection/facenet_smooth_frames/dfdc_train_part_7/kvbqjubgrt.mp4/face_0.mp4"}},{"choice":"real","left":"real","right":"fake","videoPair":{"real":"http://visiongpu23.csail.mit.edu/scratch/datasets/DeepfakeDetection/facenet_smooth_frames/dfdc_train_part_5/caedadzzml.mp4/face_0.mp4","fake":"http://visiongpu23.csail.mit.edu/scratch/datasets/DeepfakeDetection/facenet_smooth_frames/dfdc_train_part_1/uylukcctgv.mp4/face_0.mp4"}},{"choice":"fake","left":"real","right":"fake","videoPair":{"real":"http://visiongpu23.csail.mit.edu/scratch/datasets/DeepfakeDetection/facenet_smooth_frames/dfdc_train_part_6/beueokqiuo.mp4/face_0.mp4","fake":"http://visiongpu23.csail.mit.edu/scratch/datasets/DeepfakeDetection/facenet_smooth_frames/dfdc_train_part_6/jhpwkjoouj.mp4/face_0.mp4"}},{"choice":"fake","left":"real","right":"fake","videoPair":{"real":"http://visiongpu23.csail.mit.edu/scratch/datasets/DeepfakeDetection/facenet_smooth_frames/dfdc_train_part_6/bhgjhzlage.mp4/face_0.mp4","fake":"http://visiongpu23.csail.mit.edu/scratch/datasets/DeepfakeDetection/facenet_smooth_frames/dfdc_train_part_11/aghvhjzesz.mp4/face_0.mp4"}},{"choice":"fake","left":"real","right":"fake","videoPair":{"real":"http://visiongpu23.csail.mit.edu/scratch/datasets/DeepfakeDetection/facenet_smooth_frames/dfdc_train_part_7/klhqxedmll.mp4/face_0.mp4","fake":"http://visiongpu23.csail.mit.edu/scratch/datasets/DeepfakeDetection/facenet_smooth_frames/dfdc_train_part_7/iixzlljwgb.mp4/face_0.mp4"}},{"choice":"fake","left":"real","right":"fake","videoPair":{"real":"http://visiongpu23.csail.mit.edu/scratch/datasets/DeepfakeDetection/facenet_smooth_frames/dfdc_train_part_1/iyrafvzjnf.mp4/face_0.mp4","fake":"http://visiongpu23.csail.mit.edu/scratch/datasets/DeepfakeDetection/facenet_smooth_frames/dfdc_train_part_7/estmhtrqks.mp4/face_0.mp4"}},{"choice":"fake","left":"real","right":"fake","videoPair":{"real":"http://visiongpu23.csail.mit.edu/scratch/datasets/DeepfakeDetection/facenet_smooth_frames/dfdc_train_part_2/dnmowthjcj.mp4/face_0.mp4","fake":"http://visiongpu23.csail.mit.edu/scratch/datasets/DeepfakeDetection/facenet_smooth_frames/dfdc_train_part_6/lromlwrocn.mp4/face_0.mp4"}},{"choice":"fake","left":"fake","right":"real","videoPair":{"real":"http://visiongpu23.csail.mit.edu/scratch/datasets/DeepfakeDetection/facenet_smooth_frames/dfdc_train_part_5/bgycggxsky.mp4/face_0.mp4","fake":"http://visiongpu23.csail.mit.edu/scratch/datasets/DeepfakeDetection/facenet_smooth_frames/dfdc_train_part_7/namnscpddh.mp4/face_0.mp4"}},{"choice":"real","left":"fake","right":"real","videoPair":{"real":"http://visiongpu23.csail.mit.edu/scratch/datasets/DeepfakeDetection/facenet_smooth_frames/dfdc_train_part_6/fzdwvvaqwg.mp4/face_0.mp4","fake":"http://visiongpu23.csail.mit.edu/scratch/datasets/DeepfakeDetection/facenet_smooth_frames/dfdc_train_part_7/ehccxkudjh.mp4/face_0.mp4"}},{"choice":"fake","left":"fake","right":"real","videoPair":{"real":"http://visiongpu23.csail.mit.edu/scratch/datasets/DeepfakeDetection/facenet_smooth_frames/dfdc_train_part_2/nwvsbmyndn.mp4/face_0.mp4","fake":"http://visiongpu23.csail.mit.edu/scratch/datasets/DeepfakeDetection/facenet_smooth_frames/dfdc_train_part_6/cvsvyuueoh.mp4/face_0.mp4"}},{"choice":"real","left":"real","right":"fake","videoPair":{"real":"http://visiongpu23.csail.mit.edu/scratch/datasets/DeepfakeDetection/facenet_smooth_frames/dfdc_train_part_6/blsubpozyk.mp4/face_0.mp4","fake":"http://visiongpu23.csail.mit.edu/scratch/datasets/DeepfakeDetection/facenet_smooth_frames/dfdc_train_part_6/awtxmrgbtv.mp4/face_0.mp4"}},{"choice":"fake","left":"real","right":"fake","videoPair":{"real":"http://visiongpu23.csail.mit.edu/scratch/datasets/DeepfakeDetection/facenet_smooth_frames/dfdc_train_part_2/ugrlhuxwkw.mp4/face_0.mp4","fake":"http://visiongpu23.csail.mit.edu/scratch/datasets/DeepfakeDetection/facenet_smooth_frames/dfdc_train_part_7/netkdctqjq.mp4/face_0.mp4"}},{"choice":"real","left":"fake","right":"real","videoPair":{"real":"http://visiongpu23.csail.mit.edu/scratch/datasets/DeepfakeDetection/facenet_smooth_frames/dfdc_train_part_7/lgvpvxzbje.mp4/face_0.mp4","fake":"http://visiongpu23.csail.mit.edu/scratch/datasets/DeepfakeDetection/facenet_smooth_frames/dfdc_train_part_6/eutgwsszqf.mp4/face_0.mp4"}},{"choice":"fake","left":"real","right":"fake","videoPair":{"real":"http://visiongpu23.csail.mit.edu/scratch/datasets/DeepfakeDetection/facenet_smooth_frames/dfdc_train_part_7/ngvvgveogh.mp4/face_0.mp4","fake":"http://visiongpu23.csail.mit.edu/scratch/datasets/DeepfakeDetection/facenet_smooth_frames/dfdc_train_part_0/ahhdprhoww.mp4/face_0.mp4"}},{"choice":"fake","left":"fake","right":"real","videoPair":{"real":"http://visiongpu23.csail.mit.edu/scratch/datasets/DeepfakeDetection/facenet_smooth_frames/dfdc_train_part_7/dplfintlwc.mp4/face_0.mp4","fake":"http://visiongpu23.csail.mit.edu/scratch/datasets/DeepfakeDetection/facenet_smooth_frames/dfdc_train_part_7/edghxugaar.mp4/face_0.mp4"}},{"choice":"fake","left":"real","right":"fake","videoPair":{"real":"http://visiongpu23.csail.mit.edu/scratch/datasets/DeepfakeDetection/facenet_smooth_frames/dfdc_train_part_7/anndvqgoko.mp4/face_0.mp4","fake":"http://visiongpu23.csail.mit.edu/scratch/datasets/DeepfakeDetection/facenet_smooth_frames/dfdc_train_part_7/falturjtfd.mp4/face_0.mp4"}},{"choice":"fake","left":"real","right":"fake","videoPair":{"real":"http://visiongpu23.csail.mit.edu/scratch/datasets/DeepfakeDetection/facenet_smooth_frames/dfdc_train_part_10/bjvudhgvtj.mp4/face_0.mp4","fake":"http://visiongpu23.csail.mit.edu/scratch/datasets/DeepfakeDetection/facenet_smooth_frames/dfdc_train_part_11/clbvlczmey.mp4/face_0.mp4"}},{"choice":"fake","left":"real","right":"fake","videoPair":{"real":"http://visiongpu23.csail.mit.edu/scratch/datasets/DeepfakeDetection/facenet_smooth_frames/dfdc_train_part_1/hbufmvbium.mp4/face_0.mp4","fake":"http://visiongpu23.csail.mit.edu/scratch/datasets/DeepfakeDetection/facenet_smooth_frames/dfdc_train_part_6/ejiiajyjbg.mp4/face_0.mp4"}},{"choice":"fake","left":"real","right":"fake","videoPair":{"real":"http://visiongpu23.csail.mit.edu/scratch/datasets/DeepfakeDetection/facenet_smooth_frames/dfdc_train_part_6/aajsqyyjni.mp4/face_0.mp4","fake":"http://visiongpu23.csail.mit.edu/scratch/datasets/DeepfakeDetection/facenet_smooth_frames/dfdc_train_part_7/huglgatpjc.mp4/face_0.mp4"}},{"choice":"fake","left":"fake","right":"real","videoPair":{"real":"http://visiongpu23.csail.mit.edu/scratch/datasets/DeepfakeDetection/facenet_smooth_frames/dfdc_train_part_1/lyukjvgwoa.mp4/face_0.mp4","fake":"http://visiongpu23.csail.mit.edu/scratch/datasets/DeepfakeDetection/facenet_smooth_frames/dfdc_train_part_6/jlukgxaxjk.mp4/face_0.mp4"}},{"choice":"fake","left":"real","right":"fake","videoPair":{"real":"http://visiongpu23.csail.mit.edu/scratch/datasets/DeepfakeDetection/facenet_smooth_frames/dfdc_train_part_2/nycmyuzpml.mp4/face_0.mp4","fake":"http://visiongpu23.csail.mit.edu/scratch/datasets/DeepfakeDetection/facenet_smooth_frames/dfdc_train_part_6/jdcwoqqeir.mp4/face_0.mp4"}},{"choice":"fake","left":"fake","right":"real","videoPair":{"real":"http://visiongpu23.csail.mit.edu/scratch/datasets/DeepfakeDetection/facenet_smooth_frames/dfdc_train_part_6/csguabnacy.mp4/face_0.mp4","fake":"http://visiongpu23.csail.mit.edu/scratch/datasets/DeepfakeDetection/facenet_smooth_frames/dfdc_train_part_6/ctpzxfjbmt.mp4/face_0.mp4"}},{"choice":"fake","left":"fake","right":"real","videoPair":{"real":"http://visiongpu23.csail.mit.edu/scratch/datasets/DeepfakeDetection/facenet_smooth_frames/dfdc_train_part_6/hjjsuvothd.mp4/face_0.mp4","fake":"http://visiongpu23.csail.mit.edu/scratch/datasets/DeepfakeDetection/facenet_smooth_frames/dfdc_train_part_6/ezuckynksv.mp4/face_0.mp4"}},{"choice":"fake","left":"real","right":"fake","videoPair":{"real":"http://visiongpu23.csail.mit.edu/scratch/datasets/DeepfakeDetection/facenet_smooth_frames/dfdc_train_part_5/cbxaeqakvz.mp4/face_0.mp4","fake":"http://visiongpu23.csail.mit.edu/scratch/datasets/DeepfakeDetection/facenet_smooth_frames/dfdc_train_part_7/bycktzkuax.mp4/face_0.mp4"}},{"choice":"fake","left":"real","right":"fake","videoPair":{"real":"http://visiongpu23.csail.mit.edu/scratch/datasets/DeepfakeDetection/facenet_smooth_frames/dfdc_train_part_1/eyguqfmgzh.mp4/face_0.mp4","fake":"http://visiongpu23.csail.mit.edu/scratch/datasets/DeepfakeDetection/facenet_smooth_frames/dfdc_train_part_6/jfiqnujzis.mp4/face_0.mp4"}},{"choice":"fake","left":"fake","right":"real","videoPair":{"real":"http://visiongpu23.csail.mit.edu/scratch/datasets/DeepfakeDetection/facenet_smooth_frames/dfdc_train_part_1/nymodlmxni.mp4/face_0.mp4","fake":"http://visiongpu23.csail.mit.edu/scratch/datasets/DeepfakeDetection/facenet_smooth_frames/dfdc_train_part_7/iqeprlbngc.mp4/face_0.mp4"}},{"choice":"fake","left":"fake","right":"real","videoPair":{"real":"http://visiongpu23.csail.mit.edu/scratch/datasets/DeepfakeDetection/facenet_smooth_frames/dfdc_train_part_5/nkfxfvglzp.mp4/face_0.mp4","fake":"http://visiongpu23.csail.mit.edu/scratch/datasets/DeepfakeDetection/facenet_smooth_frames/dfdc_train_part_7/gnxzrhdgeg.mp4/face_0.mp4"}},{"choice":"fake","left":"real","right":"fake","videoPair":{"real":"http://visiongpu23.csail.mit.edu/scratch/datasets/DeepfakeDetection/facenet_smooth_frames/dfdc_train_part_2/wixujncvee.mp4/face_0.mp4","fake":"http://visiongpu23.csail.mit.edu/scratch/datasets/DeepfakeDetection/facenet_smooth_frames/dfdc_train_part_7/mswpazfxgk.mp4/face_0.mp4"}},{"choice":"fake","left":"fake","right":"real","videoPair":{"real":"http://visiongpu23.csail.mit.edu/scratch/datasets/DeepfakeDetection/facenet_smooth_frames/dfdc_train_part_2/bhbdbhcqlh.mp4/face_0.mp4","fake":"http://visiongpu23.csail.mit.edu/scratch/datasets/DeepfakeDetection/facenet_smooth_frames/dfdc_train_part_6/mkkrjxgffy.mp4/face_0.mp4"}},{"choice":"real","left":"fake","right":"real","videoPair":{"real":"http://visiongpu23.csail.mit.edu/scratch/datasets/DeepfakeDetection/facenet_smooth_frames/dfdc_train_part_5/dxdboiwhoo.mp4/face_0.mp4","fake":"http://visiongpu23.csail.mit.edu/scratch/datasets/DeepfakeDetection/facenet_smooth_frames/dfdc_train_part_7/asiduvhsif.mp4/face_0.mp4"}},{"choice":"fake","left":"real","right":"fake","videoPair":{"real":"http://visiongpu23.csail.mit.edu/scratch/datasets/DeepfakeDetection/facenet_smooth_frames/dfdc_train_part_10/acvpuukcwl.mp4/face_0.mp4","fake":"http://visiongpu23.csail.mit.edu/scratch/datasets/DeepfakeDetection/facenet_smooth_frames/dfdc_train_part_6/kywwxosbsq.mp4/face_0.mp4"}},{"choice":"fake","left":"fake","right":"real","videoPair":{"real":"http://visiongpu23.csail.mit.edu/scratch/datasets/DeepfakeDetection/facenet_smooth_frames/dfdc_train_part_0/dxfdovivlw.mp4/face_0.mp4","fake":"http://visiongpu23.csail.mit.edu/scratch/datasets/DeepfakeDetection/facenet_smooth_frames/dfdc_train_part_7/eozvttotyw.mp4/face_0.mp4"}},{"choice":"fake","left":"real","right":"fake","videoPair":{"real":"http://visiongpu23.csail.mit.edu/scratch/datasets/DeepfakeDetection/facenet_smooth_frames/dfdc_train_part_7/kkpgyhdvmb.mp4/face_0.mp4","fake":"http://visiongpu23.csail.mit.edu/scratch/datasets/DeepfakeDetection/facenet_smooth_frames/dfdc_train_part_6/iqvxawitga.mp4/face_0.mp4"}},{"choice":"fake","left":"real","right":"fake","videoPair":{"real":"http://visiongpu23.csail.mit.edu/scratch/datasets/DeepfakeDetection/facenet_smooth_frames/dfdc_train_part_5/jgvqoasjoi.mp4/face_0.mp4","fake":"http://visiongpu23.csail.mit.edu/scratch/datasets/DeepfakeDetection/facenet_smooth_frames/dfdc_train_part_6/beoohhpboz.mp4/face_0.mp4"}},{"choice":"fake","left":"real","right":"fake","videoPair":{"real":"http://visiongpu23.csail.mit.edu/scratch/datasets/DeepfakeDetection/facenet_smooth_frames/dfdc_train_part_5/nywoptxkwu.mp4/face_0.mp4","fake":"http://visiongpu23.csail.mit.edu/scratch/datasets/DeepfakeDetection/facenet_smooth_frames/dfdc_train_part_10/bbrrplranq.mp4/face_0.mp4"}},{"choice":"fake","left":"fake","right":"real","videoPair":{"real":"http://visiongpu23.csail.mit.edu/scratch/datasets/DeepfakeDetection/facenet_smooth_frames/dfdc_train_part_5/krifcuqyay.mp4/face_0.mp4","fake":"http://visiongpu23.csail.mit.edu/scratch/datasets/DeepfakeDetection/facenet_smooth_frames/dfdc_train_part_11/cfybmuezmr.mp4/face_0.mp4"}},{"choice":"real","left":"fake","right":"real","videoPair":{"real":"http://visiongpu23.csail.mit.edu/scratch/datasets/DeepfakeDetection/facenet_smooth_frames/dfdc_train_part_6/kptmhmbexi.mp4/face_0.mp4","fake":"http://visiongpu23.csail.mit.edu/scratch/datasets/DeepfakeDetection/facenet_smooth_frames/dfdc_train_part_6/jvhpmluxhp.mp4/face_0.mp4"}},{"choice":"fake","left":"real","right":"fake","videoPair":{"real":"http://visiongpu23.csail.mit.edu/scratch/datasets/DeepfakeDetection/facenet_smooth_frames/dfdc_train_part_10/aeqengxxrg.mp4/face_0.mp4","fake":"http://visiongpu23.csail.mit.edu/scratch/datasets/DeepfakeDetection/facenet_smooth_frames/dfdc_train_part_7/gyxtdltnoe.mp4/face_0.mp4"}},{"choice":"fake","left":"fake","right":"real","videoPair":{"real":"http://visiongpu23.csail.mit.edu/scratch/datasets/DeepfakeDetection/facenet_smooth_frames/dfdc_train_part_2/qsuinwnjjb.mp4/face_0.mp4","fake":"http://visiongpu23.csail.mit.edu/scratch/datasets/DeepfakeDetection/facenet_smooth_frames/dfdc_train_part_7/ejpqtzhujv.mp4/face_0.mp4"}},{"choice":"fake","left":"fake","right":"real","videoPair":{"real":"http://visiongpu23.csail.mit.edu/scratch/datasets/DeepfakeDetection/facenet_smooth_frames/dfdc_train_part_7/cmgotitvig.mp4/face_0.mp4","fake":"http://visiongpu23.csail.mit.edu/scratch/datasets/DeepfakeDetection/facenet_smooth_frames/dfdc_train_part_7/nvnkillsgv.mp4/face_0.mp4"}},{"choice":"fake","left":"fake","right":"real","videoPair":{"real":"http://visiongpu23.csail.mit.edu/scratch/datasets/DeepfakeDetection/facenet_smooth_frames/dfdc_train_part_5/deyvsvafuy.mp4/face_0.mp4","fake":"http://visiongpu23.csail.mit.edu/scratch/datasets/DeepfakeDetection/facenet_smooth_frames/dfdc_train_part_6/azerbqkngz.mp4/face_0.mp4"}},{"choice":"fake","left":"fake","right":"real","videoPair":{"real":"http://visiongpu23.csail.mit.edu/scratch/datasets/DeepfakeDetection/facenet_smooth_frames/dfdc_train_part_5/arsayfybpz.mp4/face_0.mp4","fake":"http://visiongpu23.csail.mit.edu/scratch/datasets/DeepfakeDetection/facenet_smooth_frames/dfdc_train_part_7/iqzidqnjru.mp4/face_0.mp4"}},{"choice":"fake","left":"real","right":"fake","videoPair":{"real":"http://visiongpu23.csail.mit.edu/scratch/datasets/DeepfakeDetection/facenet_smooth_frames/dfdc_train_part_5/aikmehbtbm.mp4/face_0.mp4","fake":"http://visiongpu23.csail.mit.edu/scratch/datasets/DeepfakeDetection/facenet_smooth_frames/dfdc_train_part_11/dftlgtbhag.mp4/face_0.mp4"}},{"choice":"fake","left":"real","right":"fake","videoPair":{"real":"http://visiongpu23.csail.mit.edu/scratch/datasets/DeepfakeDetection/facenet_smooth_frames/dfdc_train_part_2/ekvwecwltj.mp4/face_0.mp4","fake":"http://visiongpu23.csail.mit.edu/scratch/datasets/DeepfakeDetection/facenet_smooth_frames/dfdc_train_part_7/obvhczcrlj.mp4/face_0.mp4"}},{"choice":"real","left":"fake","right":"real","videoPair":{"real":"http://visiongpu23.csail.mit.edu/scratch/datasets/DeepfakeDetection/facenet_smooth_frames/dfdc_train_part_2/zuwwbbusgl.mp4/face_0.mp4","fake":"http://visiongpu23.csail.mit.edu/scratch/datasets/DeepfakeDetection/facenet_smooth_frames/dfdc_train_part_0/enqxsifggs.mp4/face_0.mp4"}},{"choice":"fake","left":"real","right":"fake","videoPair":{"real":"http://visiongpu23.csail.mit.edu/scratch/datasets/DeepfakeDetection/facenet_smooth_frames/dfdc_train_part_1/zilqucorio.mp4/face_0.mp4","fake":"http://visiongpu23.csail.mit.edu/scratch/datasets/DeepfakeDetection/facenet_smooth_frames/dfdc_train_part_11/brydrdnlln.mp4/face_0.mp4"}},{"choice":"fake","left":"fake","right":"real","videoPair":{"real":"http://visiongpu23.csail.mit.edu/scratch/datasets/DeepfakeDetection/facenet_smooth_frames/dfdc_train_part_2/onanqtsdjk.mp4/face_0.mp4","fake":"http://visiongpu23.csail.mit.edu/scratch/datasets/DeepfakeDetection/facenet_smooth_frames/dfdc_train_part_6/kfsfhggbfo.mp4/face_0.mp4"}},{"choice":"fake","left":"real","right":"fake","videoPair":{"real":"http://visiongpu23.csail.mit.edu/scratch/datasets/DeepfakeDetection/facenet_smooth_frames/dfdc_train_part_7/fvjafyibdz.mp4/face_0.mp4","fake":"http://visiongpu23.csail.mit.edu/scratch/datasets/DeepfakeDetection/facenet_smooth_frames/dfdc_train_part_7/kvldmtznjx.mp4/face_0.mp4"}},{"choice":"fake","left":"fake","right":"real","videoPair":{"real":"http://visiongpu23.csail.mit.edu/scratch/datasets/DeepfakeDetection/facenet_smooth_frames/dfdc_train_part_7/ibdeoiczoh.mp4/face_0.mp4","fake":"http://visiongpu23.csail.mit.edu/scratch/datasets/DeepfakeDetection/facenet_smooth_frames/dfdc_train_part_1/qlvsqdroqo.mp4/face_0.mp4"}},{"choice":"real","left":"real","right":"fake","videoPair":{"real":"http://visiongpu23.csail.mit.edu/scratch/datasets/DeepfakeDetection/facenet_smooth_frames/dfdc_train_part_5/fvcxtymazh.mp4/face_0.mp4","fake":"http://visiongpu23.csail.mit.edu/scratch/datasets/DeepfakeDetection/facenet_smooth_frames/dfdc_train_part_0/ddqtkrkmjn.mp4/face_0.mp4"}},{"choice":"fake","left":"real","right":"fake","videoPair":{"real":"http://visiongpu23.csail.mit.edu/scratch/datasets/DeepfakeDetection/facenet_smooth_frames/dfdc_train_part_7/nejuxyzoyd.mp4/face_0.mp4","fake":"http://visiongpu23.csail.mit.edu/scratch/datasets/DeepfakeDetection/facenet_smooth_frames/dfdc_train_part_6/dvyetljzhk.mp4/face_0.mp4"}},{"choice":"real","left":"fake","right":"real","videoPair":{"real":"http://visiongpu23.csail.mit.edu/scratch/datasets/DeepfakeDetection/facenet_smooth_frames/dfdc_train_part_6/lurwdsohbu.mp4/face_0.mp4","fake":"http://visiongpu23.csail.mit.edu/scratch/datasets/DeepfakeDetection/facenet_smooth_frames/dfdc_train_part_6/fvqtndbfoi.mp4/face_0.mp4"}},{"choice":"fake","left":"real","right":"fake","videoPair":{"real":"http://visiongpu23.csail.mit.edu/scratch/datasets/DeepfakeDetection/facenet_smooth_frames/dfdc_train_part_6/ioitqcvyuk.mp4/face_0.mp4","fake":"http://visiongpu23.csail.mit.edu/scratch/datasets/DeepfakeDetection/facenet_smooth_frames/dfdc_train_part_11/cuexiuoenr.mp4/face_0.mp4"}},{"choice":"fake","left":"fake","right":"real","videoPair":{"real":"http://visiongpu23.csail.mit.edu/scratch/datasets/DeepfakeDetection/facenet_smooth_frames/dfdc_train_part_5/iocpymnnba.mp4/face_0.mp4","fake":"http://visiongpu23.csail.mit.edu/scratch/datasets/DeepfakeDetection/facenet_smooth_frames/dfdc_train_part_11/aeendqqdkv.mp4/face_0.mp4"}},{"choice":"fake","left":"real","right":"fake","videoPair":{"real":"http://visiongpu23.csail.mit.edu/scratch/datasets/DeepfakeDetection/facenet_smooth_frames/dfdc_train_part_11/axqoxnsewc.mp4/face_0.mp4","fake":"http://visiongpu23.csail.mit.edu/scratch/datasets/DeepfakeDetection/facenet_smooth_frames/dfdc_train_part_11/bqjekhchdu.mp4/face_0.mp4"}},{"choice":"fake","left":"fake","right":"real","videoPair":{"real":"http://visiongpu23.csail.mit.edu/scratch/datasets/DeepfakeDetection/facenet_smooth_frames/dfdc_train_part_7/hzhvexzokl.mp4/face_0.mp4","fake":"http://visiongpu23.csail.mit.edu/scratch/datasets/DeepfakeDetection/facenet_smooth_frames/dfdc_train_part_6/gxfaiqipcw.mp4/face_0.mp4"}},{"choice":"fake","left":"real","right":"fake","videoPair":{"real":"http://visiongpu23.csail.mit.edu/scratch/datasets/DeepfakeDetection/facenet_smooth_frames/dfdc_train_part_5/jkxrjgnksq.mp4/face_0.mp4","fake":"http://visiongpu23.csail.mit.edu/scratch/datasets/DeepfakeDetection/facenet_smooth_frames/dfdc_train_part_11/clpanbecvs.mp4/face_0.mp4"}},{"choice":"fake","left":"real","right":"fake","videoPair":{"real":"http://visiongpu23.csail.mit.edu/scratch/datasets/DeepfakeDetection/facenet_smooth_frames/dfdc_train_part_2/nsrbvbkpfr.mp4/face_0.mp4","fake":"http://visiongpu23.csail.mit.edu/scratch/datasets/DeepfakeDetection/facenet_smooth_frames/dfdc_train_part_7/npwefnyvwf.mp4/face_0.mp4"}},{"choice":"fake","left":"real","right":"fake","videoPair":{"real":"http://visiongpu23.csail.mit.edu/scratch/datasets/DeepfakeDetection/facenet_smooth_frames/dfdc_train_part_2/ebqceovwpd.mp4/face_0.mp4","fake":"http://visiongpu23.csail.mit.edu/scratch/datasets/DeepfakeDetection/facenet_smooth_frames/dfdc_train_part_6/lhkqbslhqc.mp4/face_0.mp4"}},{"choice":"fake","left":"fake","right":"real","videoPair":{"real":"http://visiongpu23.csail.mit.edu/scratch/datasets/DeepfakeDetection/facenet_smooth_frames/dfdc_train_part_6/bkbadpwpwa.mp4/face_0.mp4","fake":"http://visiongpu23.csail.mit.edu/scratch/datasets/DeepfakeDetection/facenet_smooth_frames/dfdc_train_part_6/ldxocmiruc.mp4/face_0.mp4"}},{"choice":"fake","left":"real","right":"fake","videoPair":{"real":"http://visiongpu23.csail.mit.edu/scratch/datasets/DeepfakeDetection/facenet_smooth_frames/dfdc_train_part_0/dhjnjkzuhq.mp4/face_0.mp4","fake":"http://visiongpu23.csail.mit.edu/scratch/datasets/DeepfakeDetection/facenet_smooth_frames/dfdc_train_part_7/eqjfsyfohu.mp4/face_0.mp4"}},{"choice":"fake","left":"fake","right":"real","videoPair":{"real":"http://visiongpu23.csail.mit.edu/scratch/datasets/DeepfakeDetection/facenet_smooth_frames/dfdc_train_part_5/azlybpzqln.mp4/face_0.mp4","fake":"http://visiongpu23.csail.mit.edu/scratch/datasets/DeepfakeDetection/facenet_smooth_frames/dfdc_train_part_7/mscvbpniwl.mp4/face_0.mp4"}},{"choice":"fake","left":"real","right":"fake","videoPair":{"real":"http://visiongpu23.csail.mit.edu/scratch/datasets/DeepfakeDetection/facenet_smooth_frames/dfdc_train_part_7/hlxgwlqtde.mp4/face_0.mp4","fake":"http://visiongpu23.csail.mit.edu/scratch/datasets/DeepfakeDetection/facenet_smooth_frames/dfdc_train_part_6/fwtfiussmt.mp4/face_0.mp4"}},{"choice":"fake","left":"real","right":"fake","videoPair":{"real":"http://visiongpu23.csail.mit.edu/scratch/datasets/DeepfakeDetection/facenet_smooth_frames/dfdc_train_part_6/cbipyxvxad.mp4/face_0.mp4","fake":"http://visiongpu23.csail.mit.edu/scratch/datasets/DeepfakeDetection/facenet_smooth_frames/dfdc_train_part_7/hdzmqtxbyt.mp4/face_0.mp4"}},{"choice":"fake","left":"fake","right":"real","videoPair":{"real":"http://visiongpu23.csail.mit.edu/scratch/datasets/DeepfakeDetection/facenet_smooth_frames/dfdc_train_part_0/gvasarkpfh.mp4/face_0.mp4","fake":"http://visiongpu23.csail.mit.edu/scratch/datasets/DeepfakeDetection/facenet_smooth_frames/dfdc_train_part_6/dfwqdiyhmg.mp4/face_0.mp4"}},{"choice":"fake","left":"real","right":"fake","videoPair":{"real":"http://visiongpu23.csail.mit.edu/scratch/datasets/DeepfakeDetection/facenet_smooth_frames/dfdc_train_part_2/auoervelwm.mp4/face_0.mp4","fake":"http://visiongpu23.csail.mit.edu/scratch/datasets/DeepfakeDetection/facenet_smooth_frames/dfdc_train_part_11/ajzpdgtigi.mp4/face_0.mp4"}},{"choice":"fake","left":"real","right":"fake","videoPair":{"real":"http://visiongpu23.csail.mit.edu/scratch/datasets/DeepfakeDetection/facenet_smooth_frames/dfdc_train_part_6/fjdunxauji.mp4/face_0.mp4","fake":"http://visiongpu23.csail.mit.edu/scratch/datasets/DeepfakeDetection/facenet_smooth_frames/dfdc_train_part_11/clvqvejlen.mp4/face_0.mp4"}},{"choice":"fake","left":"fake","right":"real","videoPair":{"real":"http://visiongpu23.csail.mit.edu/scratch/datasets/DeepfakeDetection/facenet_smooth_frames/dfdc_train_part_2/txnmkabufs.mp4/face_0.mp4","fake":"http://visiongpu23.csail.mit.edu/scratch/datasets/DeepfakeDetection/facenet_smooth_frames/dfdc_train_part_1/fymagspffs.mp4/face_0.mp4"}},{"choice":"fake","left":"fake","right":"real","videoPair":{"real":"http://visiongpu23.csail.mit.edu/scratch/datasets/DeepfakeDetection/facenet_smooth_frames/dfdc_train_part_7/fnxmqrygbm.mp4/face_0.mp4","fake":"http://visiongpu23.csail.mit.edu/scratch/datasets/DeepfakeDetection/facenet_smooth_frames/dfdc_train_part_0/fybkxkgstv.mp4/face_0.mp4"}},{"choice":"fake","left":"real","right":"fake","videoPair":{"real":"http://visiongpu23.csail.mit.edu/scratch/datasets/DeepfakeDetection/facenet_smooth_frames/dfdc_train_part_1/dvwpvqdflx.mp4/face_0.mp4","fake":"http://visiongpu23.csail.mit.edu/scratch/datasets/DeepfakeDetection/facenet_smooth_frames/dfdc_train_part_6/igniolzkcc.mp4/face_0.mp4"}},{"choice":"fake","left":"fake","right":"real","videoPair":{"real":"http://visiongpu23.csail.mit.edu/scratch/datasets/DeepfakeDetection/facenet_smooth_frames/dfdc_train_part_6/ihfrmdxlid.mp4/face_0.mp4","fake":"http://visiongpu23.csail.mit.edu/scratch/datasets/DeepfakeDetection/facenet_smooth_frames/dfdc_train_part_0/fgbopxbkam.mp4/face_0.mp4"}},{"choice":"real","left":"fake","right":"real","videoPair":{"real":"http://visiongpu23.csail.mit.edu/scratch/datasets/DeepfakeDetection/facenet_smooth_frames/dfdc_train_part_11/awlpqlmfbd.mp4/face_0.mp4","fake":"http://visiongpu23.csail.mit.edu/scratch/datasets/DeepfakeDetection/facenet_smooth_frames/dfdc_train_part_6/cqehppvict.mp4/face_0.mp4"}},{"choice":"fake","left":"real","right":"fake","videoPair":{"real":"http://visiongpu23.csail.mit.edu/scratch/datasets/DeepfakeDetection/facenet_smooth_frames/dfdc_train_part_7/jsowtzdepc.mp4/face_0.mp4","fake":"http://visiongpu23.csail.mit.edu/scratch/datasets/DeepfakeDetection/facenet_smooth_frames/dfdc_train_part_6/akwudkiamz.mp4/face_0.mp4"}},{"choice":"fake","left":"real","right":"fake","videoPair":{"real":"http://visiongpu23.csail.mit.edu/scratch/datasets/DeepfakeDetection/facenet_smooth_frames/dfdc_train_part_5/boumootsed.mp4/face_0.mp4","fake":"http://visiongpu23.csail.mit.edu/scratch/datasets/DeepfakeDetection/facenet_smooth_frames/dfdc_train_part_7/iumodmtdbo.mp4/face_0.mp4"}},{"choice":"fake","left":"fake","right":"real","videoPair":{"real":"http://visiongpu23.csail.mit.edu/scratch/datasets/DeepfakeDetection/facenet_smooth_frames/dfdc_train_part_5/aeeigmpocb.mp4/face_0.mp4","fake":"http://visiongpu23.csail.mit.edu/scratch/datasets/DeepfakeDetection/facenet_smooth_frames/dfdc_train_part_6/dknvuhubkf.mp4/face_0.mp4"}},{"choice":"real","left":"fake","right":"real","videoPair":{"real":"http://visiongpu23.csail.mit.edu/scratch/datasets/DeepfakeDetection/facenet_smooth_frames/dfdc_train_part_7/jpxmbjtlsq.mp4/face_0.mp4","fake":"http://visiongpu23.csail.mit.edu/scratch/datasets/DeepfakeDetection/facenet_smooth_frames/dfdc_train_part_6/ewncpbhvvx.mp4/face_0.mp4"}},{"choice":"fake","left":"fake","right":"real","videoPair":{"real":"http://visiongpu23.csail.mit.edu/scratch/datasets/DeepfakeDetection/facenet_smooth_frames/dfdc_train_part_7/leospsirmn.mp4/face_0.mp4","fake":"http://visiongpu23.csail.mit.edu/scratch/datasets/DeepfakeDetection/facenet_smooth_frames/dfdc_train_part_7/debzyjrpxm.mp4/face_0.mp4"}},{"choice":"fake","left":"real","right":"fake","videoPair":{"real":"http://visiongpu23.csail.mit.edu/scratch/datasets/DeepfakeDetection/facenet_smooth_frames/dfdc_train_part_2/rukyxomwcx.mp4/face_0.mp4","fake":"http://visiongpu23.csail.mit.edu/scratch/datasets/DeepfakeDetection/facenet_smooth_frames/dfdc_train_part_6/kblixhiwxu.mp4/face_0.mp4"}},{"choice":"fake","left":"fake","right":"real","videoPair":{"real":"http://visiongpu23.csail.mit.edu/scratch/datasets/DeepfakeDetection/facenet_smooth_frames/dfdc_train_part_2/ajiyrjfyzp.mp4/face_0.mp4","fake":"http://visiongpu23.csail.mit.edu/scratch/datasets/DeepfakeDetection/facenet_smooth_frames/dfdc_train_part_7/ojffpkrdpf.mp4/face_0.mp4"}},{"choice":"real","left":"real","right":"fake","videoPair":{"real":"http://visiongpu23.csail.mit.edu/scratch/datasets/DeepfakeDetection/facenet_smooth_frames/dfdc_train_part_1/oznyyhvzxk.mp4/face_0.mp4","fake":"http://visiongpu23.csail.mit.edu/scratch/datasets/DeepfakeDetection/facenet_smooth_frames/dfdc_train_part_11/crbrgeviwa.mp4/face_0.mp4"}},{"choice":"fake","left":"real","right":"fake","videoPair":{"real":"http://visiongpu23.csail.mit.edu/scratch/datasets/DeepfakeDetection/facenet_smooth_frames/dfdc_train_part_17/ajzpuemmbg.mp4/face_0.mp4","fake":"http://visiongpu23.csail.mit.edu/scratch/datasets/DeepfakeDetection/facenet_smooth_frames/dfdc_train_part_7/nqujtoigfk.mp4/face_0.mp4"}},{"choice":"real","left":"fake","right":"real","videoPair":{"real":"http://visiongpu23.csail.mit.edu/scratch/datasets/DeepfakeDetection/facenet_smooth_frames/dfdc_train_part_5/mqmfuzsrnt.mp4/face_0.mp4","fake":"http://visiongpu23.csail.mit.edu/scratch/datasets/DeepfakeDetection/facenet_smooth_frames/dfdc_train_part_17/aguvisboqr.mp4/face_0.mp4"}},{"choice":"fake","left":"real","right":"fake","videoPair":{"real":"http://visiongpu23.csail.mit.edu/scratch/datasets/DeepfakeDetection/facenet_smooth_frames/dfdc_train_part_1/fneqiqpqvs.mp4/face_0.mp4","fake":"http://visiongpu23.csail.mit.edu/scratch/datasets/DeepfakeDetection/facenet_smooth_frames/dfdc_train_part_0/etdliwticv.mp4/face_0.mp4"}},{"choice":"fake","left":"real","right":"fake","videoPair":{"real":"http://visiongpu23.csail.mit.edu/scratch/datasets/DeepfakeDetection/facenet_smooth_frames/dfdc_train_part_7/kpxymrpgxe.mp4/face_0.mp4","fake":"http://visiongpu23.csail.mit.edu/scratch/datasets/DeepfakeDetection/facenet_smooth_frames/dfdc_train_part_6/asjcdsuxqc.mp4/face_0.mp4"}},{"choice":"fake","left":"fake","right":"real","videoPair":{"real":"http://visiongpu23.csail.mit.edu/scratch/datasets/DeepfakeDetection/facenet_smooth_frames/dfdc_train_part_6/ckoletpkpg.mp4/face_0.mp4","fake":"http://visiongpu23.csail.mit.edu/scratch/datasets/DeepfakeDetection/facenet_smooth_frames/dfdc_train_part_7/heyzjzitot.mp4/face_0.mp4"}},{"choice":"real","left":"real","right":"fake","videoPair":{"real":"http://visiongpu23.csail.mit.edu/scratch/datasets/DeepfakeDetection/facenet_smooth_frames/dfdc_train_part_6/eaigdemyfo.mp4/face_0.mp4","fake":"http://visiongpu23.csail.mit.edu/scratch/datasets/DeepfakeDetection/facenet_smooth_frames/dfdc_train_part_10/combksqhno.mp4/face_0.mp4"}},{"choice":"fake","left":"fake","right":"real","videoPair":{"real":"http://visiongpu23.csail.mit.edu/scratch/datasets/DeepfakeDetection/facenet_smooth_frames/dfdc_train_part_7/fnudskjmbt.mp4/face_0.mp4","fake":"http://visiongpu23.csail.mit.edu/scratch/datasets/DeepfakeDetection/facenet_smooth_frames/dfdc_train_part_7/hhlhuawhhe.mp4/face_0.mp4"}},{"choice":"fake","left":"fake","right":"real","videoPair":{"real":"http://visiongpu23.csail.mit.edu/scratch/datasets/DeepfakeDetection/facenet_smooth_frames/dfdc_train_part_2/abmjszfycr.mp4/face_0.mp4","fake":"http://visiongpu23.csail.mit.edu/scratch/datasets/DeepfakeDetection/facenet_smooth_frames/dfdc_train_part_7/ljzdzjetkp.mp4/face_0.mp4"}},{"choice":"fake","left":"real","right":"fake","videoPair":{"real":"http://visiongpu23.csail.mit.edu/scratch/datasets/DeepfakeDetection/facenet_smooth_frames/dfdc_train_part_7/gvicncmstz.mp4/face_0.mp4","fake":"http://visiongpu23.csail.mit.edu/scratch/datasets/DeepfakeDetection/facenet_smooth_frames/dfdc_train_part_6/iyxasoplip.mp4/face_0.mp4"}},{"choice":"fake","left":"fake","right":"real","videoPair":{"real":"http://visiongpu23.csail.mit.edu/scratch/datasets/DeepfakeDetection/facenet_smooth_frames/dfdc_train_part_6/keikgjgled.mp4/face_0.mp4","fake":"http://visiongpu23.csail.mit.edu/scratch/datasets/DeepfakeDetection/facenet_smooth_frames/dfdc_train_part_11/cinzmdxhvb.mp4/face_0.mp4"}},{"choice":"real","left":"fake","right":"real","videoPair":{"real":"http://visiongpu23.csail.mit.edu/scratch/datasets/DeepfakeDetection/facenet_smooth_frames/dfdc_train_part_7/kpropgluhn.mp4/face_0.mp4","fake":"http://visiongpu23.csail.mit.edu/scratch/datasets/DeepfakeDetection/facenet_smooth_frames/dfdc_train_part_0/ifjzcxxvcd.mp4/face_0.mp4"}},{"choice":"fake","left":"real","right":"fake","videoPair":{"real":"http://visiongpu23.csail.mit.edu/scratch/datasets/DeepfakeDetection/facenet_smooth_frames/dfdc_train_part_5/imrprfgqaj.mp4/face_0.mp4","fake":"http://visiongpu23.csail.mit.edu/scratch/datasets/DeepfakeDetection/facenet_smooth_frames/dfdc_train_part_6/lclyxqctwg.mp4/face_0.mp4"}},{"choice":"real","left":"real","right":"fake","videoPair":{"real":"http://visiongpu23.csail.mit.edu/scratch/datasets/DeepfakeDetection/facenet_smooth_frames/dfdc_train_part_6/awjizuuwtg.mp4/face_0.mp4","fake":"http://visiongpu23.csail.mit.edu/scratch/datasets/DeepfakeDetection/facenet_smooth_frames/dfdc_train_part_10/amoklvhphe.mp4/face_0.mp4"}},{"choice":"fake","left":"real","right":"fake","videoPair":{"real":"http://visiongpu23.csail.mit.edu/scratch/datasets/DeepfakeDetection/facenet_smooth_frames/dfdc_train_part_7/ikzoqrjaql.mp4/face_0.mp4","fake":"http://visiongpu23.csail.mit.edu/scratch/datasets/DeepfakeDetection/facenet_smooth_frames/dfdc_train_part_7/bckalnjoyq.mp4/face_0.mp4"}},{"choice":"real","left":"fake","right":"real","videoPair":{"real":"http://visiongpu23.csail.mit.edu/scratch/datasets/DeepfakeDetection/facenet_smooth_frames/dfdc_train_part_11/csbzqhunqw.mp4/face_0.mp4","fake":"http://visiongpu23.csail.mit.edu/scratch/datasets/DeepfakeDetection/facenet_smooth_frames/dfdc_train_part_7/igehogroie.mp4/face_0.mp4"}},{"choice":"fake","left":"real","right":"fake","videoPair":{"real":"http://visiongpu23.csail.mit.edu/scratch/datasets/DeepfakeDetection/facenet_smooth_frames/dfdc_train_part_7/ciarewcddo.mp4/face_0.mp4","fake":"http://visiongpu23.csail.mit.edu/scratch/datasets/DeepfakeDetection/facenet_smooth_frames/dfdc_train_part_7/hsvprwptki.mp4/face_0.mp4"}},{"choice":"fake","left":"real","right":"fake","videoPair":{"real":"http://visiongpu23.csail.mit.edu/scratch/datasets/DeepfakeDetection/facenet_smooth_frames/dfdc_train_part_6/kpfiadskoi.mp4/face_0.mp4","fake":"http://visiongpu23.csail.mit.edu/scratch/datasets/DeepfakeDetection/facenet_smooth_frames/dfdc_train_part_6/fpusxzzrgw.mp4/face_0.mp4"}},{"choice":"fake","left":"fake","right":"real","videoPair":{"real":"http://visiongpu23.csail.mit.edu/scratch/datasets/DeepfakeDetection/facenet_smooth_frames/dfdc_train_part_5/czgnyrrkuq.mp4/face_0.mp4","fake":"http://visiongpu23.csail.mit.edu/scratch/datasets/DeepfakeDetection/facenet_smooth_frames/dfdc_train_part_7/euczosymyk.mp4/face_0.mp4"}},{"choice":"fake","left":"fake","right":"real","videoPair":{"real":"http://visiongpu23.csail.mit.edu/scratch/datasets/DeepfakeDetection/facenet_smooth_frames/dfdc_train_part_5/cerdtgydan.mp4/face_0.mp4","fake":"http://visiongpu23.csail.mit.edu/scratch/datasets/DeepfakeDetection/facenet_smooth_frames/dfdc_train_part_10/bjgtmmetrx.mp4/face_0.mp4"}},{"choice":"real","left":"real","right":"fake","videoPair":{"real":"http://visiongpu23.csail.mit.edu/scratch/datasets/DeepfakeDetection/facenet_smooth_frames/dfdc_train_part_2/kgdvgipvae.mp4/face_0.mp4","fake":"http://visiongpu23.csail.mit.edu/scratch/datasets/DeepfakeDetection/facenet_smooth_frames/dfdc_train_part_17/aioixdvbzg.mp4/face_0.mp4"}},{"choice":"fake","left":"real","right":"fake","videoPair":{"real":"http://visiongpu23.csail.mit.edu/scratch/datasets/DeepfakeDetection/facenet_smooth_frames/dfdc_train_part_2/oefukgnvel.mp4/face_0.mp4","fake":"http://visiongpu23.csail.mit.edu/scratch/datasets/DeepfakeDetection/facenet_smooth_frames/dfdc_train_part_7/fcmdzspgeh.mp4/face_0.mp4"}},{"choice":"fake","left":"fake","right":"real","videoPair":{"real":"http://visiongpu23.csail.mit.edu/scratch/datasets/DeepfakeDetection/facenet_smooth_frames/dfdc_train_part_2/tzgoroiixc.mp4/face_0.mp4","fake":"http://visiongpu23.csail.mit.edu/scratch/datasets/DeepfakeDetection/facenet_smooth_frames/dfdc_train_part_6/iyzhvnlukr.mp4/face_0.mp4"}},{"choice":"fake","left":"real","right":"fake","videoPair":{"real":"http://visiongpu23.csail.mit.edu/scratch/datasets/DeepfakeDetection/facenet_smooth_frames/dfdc_train_part_5/jokemukffb.mp4/face_0.mp4","fake":"http://visiongpu23.csail.mit.edu/scratch/datasets/DeepfakeDetection/facenet_smooth_frames/dfdc_train_part_1/etxmshgclx.mp4/face_0.mp4"}},{"choice":"fake","left":"fake","right":"real","videoPair":{"real":"http://visiongpu23.csail.mit.edu/scratch/datasets/DeepfakeDetection/facenet_smooth_frames/dfdc_train_part_1/ijhhztmidr.mp4/face_0.mp4","fake":"http://visiongpu23.csail.mit.edu/scratch/datasets/DeepfakeDetection/facenet_smooth_frames/dfdc_train_part_11/ceygiieeyf.mp4/face_0.mp4"}},{"choice":"fake","left":"real","right":"fake","videoPair":{"real":"http://visiongpu23.csail.mit.edu/scratch/datasets/DeepfakeDetection/facenet_smooth_frames/dfdc_train_part_6/ercgpntrbr.mp4/face_0.mp4","fake":"http://visiongpu23.csail.mit.edu/scratch/datasets/DeepfakeDetection/facenet_smooth_frames/dfdc_train_part_7/emjobuscyu.mp4/face_0.mp4"}},{"choice":"fake","left":"fake","right":"real","videoPair":{"real":"http://visiongpu23.csail.mit.edu/scratch/datasets/DeepfakeDetection/facenet_smooth_frames/dfdc_train_part_7/obifapcvef.mp4/face_0.mp4","fake":"http://visiongpu23.csail.mit.edu/scratch/datasets/DeepfakeDetection/facenet_smooth_frames/dfdc_train_part_6/brvxrubfio.mp4/face_0.mp4"}},{"choice":"real","left":"fake","right":"real","videoPair":{"real":"http://visiongpu23.csail.mit.edu/scratch/datasets/DeepfakeDetection/facenet_smooth_frames/dfdc_train_part_7/koiifpthwj.mp4/face_0.mp4","fake":"http://visiongpu23.csail.mit.edu/scratch/datasets/DeepfakeDetection/facenet_smooth_frames/dfdc_train_part_0/dkenctaoes.mp4/face_0.mp4"}},{"choice":"fake","left":"fake","right":"real","videoPair":{"real":"http://visiongpu23.csail.mit.edu/scratch/datasets/DeepfakeDetection/facenet_smooth_frames/dfdc_train_part_6/dtpdsicgjm.mp4/face_0.mp4","fake":"http://visiongpu23.csail.mit.edu/scratch/datasets/DeepfakeDetection/facenet_smooth_frames/dfdc_train_part_7/bilwtjqxak.mp4/face_0.mp4"}},{"choice":"fake","left":"real","right":"fake","videoPair":{"real":"http://visiongpu23.csail.mit.edu/scratch/datasets/DeepfakeDetection/facenet_smooth_frames/dfdc_train_part_2/dzkyxbbqkr.mp4/face_0.mp4","fake":"http://visiongpu23.csail.mit.edu/scratch/datasets/DeepfakeDetection/facenet_smooth_frames/dfdc_train_part_7/hjstmtrqjn.mp4/face_0.mp4"}},{"choice":"fake","left":"fake","right":"real","videoPair":{"real":"http://visiongpu23.csail.mit.edu/scratch/datasets/DeepfakeDetection/facenet_smooth_frames/dfdc_train_part_6/lcdrsvfquk.mp4/face_0.mp4","fake":"http://visiongpu23.csail.mit.edu/scratch/datasets/DeepfakeDetection/facenet_smooth_frames/dfdc_train_part_7/ccaiyxmdut.mp4/face_0.mp4"}},{"choice":"fake","left":"fake","right":"real","videoPair":{"real":"http://visiongpu23.csail.mit.edu/scratch/datasets/DeepfakeDetection/facenet_smooth_frames/dfdc_train_part_6/bxxynjbyth.mp4/face_0.mp4","fake":"http://visiongpu23.csail.mit.edu/scratch/datasets/DeepfakeDetection/facenet_smooth_frames/dfdc_train_part_10/agdtcltibk.mp4/face_0.mp4"}},{"choice":"fake","left":"real","right":"fake","videoPair":{"real":"http://visiongpu23.csail.mit.edu/scratch/datasets/DeepfakeDetection/facenet_smooth_frames/dfdc_train_part_6/krgtejyztc.mp4/face_0.mp4","fake":"http://visiongpu23.csail.mit.edu/scratch/datasets/DeepfakeDetection/facenet_smooth_frames/dfdc_train_part_6/cmqryxvrjs.mp4/face_0.mp4"}},{"choice":"real","left":"fake","right":"real","videoPair":{"real":"http://visiongpu23.csail.mit.edu/scratch/datasets/DeepfakeDetection/facenet_smooth_frames/dfdc_train_part_2/dmmvuaikkv.mp4/face_0.mp4","fake":"http://visiongpu23.csail.mit.edu/scratch/datasets/DeepfakeDetection/facenet_smooth_frames/dfdc_train_part_7/etsusouibh.mp4/face_0.mp4"}},{"choice":"fake","left":"fake","right":"real","videoPair":{"real":"http://visiongpu23.csail.mit.edu/scratch/datasets/DeepfakeDetection/facenet_smooth_frames/dfdc_train_part_10/bvnbkivoue.mp4/face_0.mp4","fake":"http://visiongpu23.csail.mit.edu/scratch/datasets/DeepfakeDetection/facenet_smooth_frames/dfdc_train_part_6/bjxmsrkhyf.mp4/face_0.mp4"}},{"choice":"fake","left":"real","right":"fake","videoPair":{"real":"http://visiongpu23.csail.mit.edu/scratch/datasets/DeepfakeDetection/facenet_smooth_frames/dfdc_train_part_5/bzzcuuntfd.mp4/face_0.mp4","fake":"http://visiongpu23.csail.mit.edu/scratch/datasets/DeepfakeDetection/facenet_smooth_frames/dfdc_train_part_6/fqcowbvyjv.mp4/face_0.mp4"}},{"choice":"fake","left":"fake","right":"real","videoPair":{"real":"http://visiongpu23.csail.mit.edu/scratch/datasets/DeepfakeDetection/facenet_smooth_frames/dfdc_train_part_5/btsbqigrcq.mp4/face_0.mp4","fake":"http://visiongpu23.csail.mit.edu/scratch/datasets/DeepfakeDetection/facenet_smooth_frames/dfdc_train_part_6/mebtchtyrv.mp4/face_0.mp4"}},{"choice":"real","left":"fake","right":"real","videoPair":{"real":"http://visiongpu23.csail.mit.edu/scratch/datasets/DeepfakeDetection/facenet_smooth_frames/dfdc_train_part_7/bojeaxbyqw.mp4/face_0.mp4","fake":"http://visiongpu23.csail.mit.edu/scratch/datasets/DeepfakeDetection/facenet_smooth_frames/dfdc_train_part_0/hthuorhwdn.mp4/face_0.mp4"}},{"choice":"real","left":"real","right":"fake","videoPair":{"real":"http://visiongpu23.csail.mit.edu/scratch/datasets/DeepfakeDetection/facenet_smooth_frames/dfdc_train_part_2/rxdoimqble.mp4/face_0.mp4","fake":"http://visiongpu23.csail.mit.edu/scratch/datasets/DeepfakeDetection/facenet_smooth_frames/dfdc_train_part_7/hgscojqwyp.mp4/face_0.mp4"}},{"choice":"fake","left":"real","right":"fake","videoPair":{"real":"http://visiongpu23.csail.mit.edu/scratch/datasets/DeepfakeDetection/facenet_smooth_frames/dfdc_train_part_6/kxtlzlwfsa.mp4/face_0.mp4","fake":"http://visiongpu23.csail.mit.edu/scratch/datasets/DeepfakeDetection/facenet_smooth_frames/dfdc_train_part_6/ltcdxgwjgt.mp4/face_0.mp4"}},{"choice":"fake","left":"real","right":"fake","videoPair":{"real":"http://visiongpu23.csail.mit.edu/scratch/datasets/DeepfakeDetection/facenet_smooth_frames/dfdc_train_part_2/czfqlbcfpa.mp4/face_0.mp4","fake":"http://visiongpu23.csail.mit.edu/scratch/datasets/DeepfakeDetection/facenet_smooth_frames/dfdc_train_part_7/esnfpqwxtt.mp4/face_0.mp4"}},{"choice":"fake","left":"fake","right":"real","videoPair":{"real":"http://visiongpu23.csail.mit.edu/scratch/datasets/DeepfakeDetection/facenet_smooth_frames/dfdc_train_part_10/axiqquouhw.mp4/face_0.mp4","fake":"http://visiongpu23.csail.mit.edu/scratch/datasets/DeepfakeDetection/facenet_smooth_frames/dfdc_train_part_1/flycpukhem.mp4/face_0.mp4"}},{"choice":"real","left":"fake","right":"real","videoPair":{"real":"http://visiongpu23.csail.mit.edu/scratch/datasets/DeepfakeDetection/facenet_smooth_frames/dfdc_train_part_5/hslupphtel.mp4/face_0.mp4","fake":"http://visiongpu23.csail.mit.edu/scratch/datasets/DeepfakeDetection/facenet_smooth_frames/dfdc_train_part_6/ayxuxnxwxa.mp4/face_0.mp4"}},{"choice":"real","left":"real","right":"fake","videoPair":{"real":"http://visiongpu23.csail.mit.edu/scratch/datasets/DeepfakeDetection/facenet_smooth_frames/dfdc_train_part_6/cwzpgqpfum.mp4/face_0.mp4","fake":"http://visiongpu23.csail.mit.edu/scratch/datasets/DeepfakeDetection/facenet_smooth_frames/dfdc_train_part_0/bbxqtnztyy.mp4/face_0.mp4"}},{"choice":"fake","left":"real","right":"fake","videoPair":{"real":"http://visiongpu23.csail.mit.edu/scratch/datasets/DeepfakeDetection/facenet_smooth_frames/dfdc_train_part_1/fpevfidstw.mp4/face_0.mp4","fake":"http://visiongpu23.csail.mit.edu/scratch/datasets/DeepfakeDetection/facenet_smooth_frames/dfdc_train_part_7/abssilrpat.mp4/face_0.mp4"}},{"choice":"fake","left":"real","right":"fake","videoPair":{"real":"http://visiongpu23.csail.mit.edu/scratch/datasets/DeepfakeDetection/facenet_smooth_frames/dfdc_train_part_6/dxmqsnzlbh.mp4/face_0.mp4","fake":"http://visiongpu23.csail.mit.edu/scratch/datasets/DeepfakeDetection/facenet_smooth_frames/dfdc_train_part_6/cwlwyjtxnc.mp4/face_0.mp4"}},{"choice":"real","left":"fake","right":"real","videoPair":{"real":"http://visiongpu23.csail.mit.edu/scratch/datasets/DeepfakeDetection/facenet_smooth_frames/dfdc_train_part_5/ixypsvvkfv.mp4/face_0.mp4","fake":"http://visiongpu23.csail.mit.edu/scratch/datasets/DeepfakeDetection/facenet_smooth_frames/dfdc_train_part_6/mkziijlgsh.mp4/face_0.mp4"}},{"choice":"fake","left":"real","right":"fake","videoPair":{"real":"http://visiongpu23.csail.mit.edu/scratch/datasets/DeepfakeDetection/facenet_smooth_frames/dfdc_train_part_6/duhcgqzgic.mp4/face_0.mp4","fake":"http://visiongpu23.csail.mit.edu/scratch/datasets/DeepfakeDetection/facenet_smooth_frames/dfdc_train_part_7/jeoatgbtmh.mp4/face_0.mp4"}},{"choice":"fake","left":"real","right":"fake","videoPair":{"real":"http://visiongpu23.csail.mit.edu/scratch/datasets/DeepfakeDetection/facenet_smooth_frames/dfdc_train_part_1/nlbeldnhpa.mp4/face_0.mp4","fake":"http://visiongpu23.csail.mit.edu/scratch/datasets/DeepfakeDetection/facenet_smooth_frames/dfdc_train_part_7/dyioiacfyw.mp4/face_0.mp4"}},{"choice":"fake","left":"fake","right":"real","videoPair":{"real":"http://visiongpu23.csail.mit.edu/scratch/datasets/DeepfakeDetection/facenet_smooth_frames/dfdc_train_part_7/afxtastwkm.mp4/face_0.mp4","fake":"http://visiongpu23.csail.mit.edu/scratch/datasets/DeepfakeDetection/facenet_smooth_frames/dfdc_train_part_7/bvrxamwgcl.mp4/face_0.mp4"}},{"choice":"fake","left":"real","right":"fake","videoPair":{"real":"http://visiongpu23.csail.mit.edu/scratch/datasets/DeepfakeDetection/facenet_smooth_frames/dfdc_train_part_10/cibcukuvsm.mp4/face_0.mp4","fake":"http://visiongpu23.csail.mit.edu/scratch/datasets/DeepfakeDetection/facenet_smooth_frames/dfdc_train_part_10/ayjhlfmumi.mp4/face_0.mp4"}},{"choice":"fake","left":"fake","right":"real","videoPair":{"real":"http://visiongpu23.csail.mit.edu/scratch/datasets/DeepfakeDetection/facenet_smooth_frames/dfdc_train_part_7/jrabtkjqwn.mp4/face_0.mp4","fake":"http://visiongpu23.csail.mit.edu/scratch/datasets/DeepfakeDetection/facenet_smooth_frames/dfdc_train_part_6/hzamveydwi.mp4/face_0.mp4"}},{"choice":"fake","left":"real","right":"fake","videoPair":{"real":"http://visiongpu23.csail.mit.edu/scratch/datasets/DeepfakeDetection/facenet_smooth_frames/dfdc_train_part_5/cisrxltwyh.mp4/face_0.mp4","fake":"http://visiongpu23.csail.mit.edu/scratch/datasets/DeepfakeDetection/facenet_smooth_frames/dfdc_train_part_7/eahmseribf.mp4/face_0.mp4"}},{"choice":"fake","left":"fake","right":"real","videoPair":{"real":"http://visiongpu23.csail.mit.edu/scratch/datasets/DeepfakeDetection/facenet_smooth_frames/dfdc_train_part_5/gvwsgyexpl.mp4/face_0.mp4","fake":"http://visiongpu23.csail.mit.edu/scratch/datasets/DeepfakeDetection/facenet_smooth_frames/dfdc_train_part_6/irahmepbqx.mp4/face_0.mp4"}},{"choice":"fake","left":"real","right":"fake","videoPair":{"real":"http://visiongpu23.csail.mit.edu/scratch/datasets/DeepfakeDetection/facenet_smooth_frames/dfdc_train_part_1/ekelfsnqof.mp4/face_0.mp4","fake":"http://visiongpu23.csail.mit.edu/scratch/datasets/DeepfakeDetection/facenet_smooth_frames/dfdc_train_part_11/auvfkpejdn.mp4/face_0.mp4"}},{"choice":"real","left":"real","right":"fake","videoPair":{"real":"http://visiongpu23.csail.mit.edu/scratch/datasets/DeepfakeDetection/facenet_smooth_frames/dfdc_train_part_2/xzkikmghps.mp4/face_0.mp4","fake":"http://visiongpu23.csail.mit.edu/scratch/datasets/DeepfakeDetection/facenet_smooth_frames/dfdc_train_part_0/jeosukfzow.mp4/face_0.mp4"}},{"choice":"fake","left":"real","right":"fake","videoPair":{"real":"http://visiongpu23.csail.mit.edu/scratch/datasets/DeepfakeDetection/facenet_smooth_frames/dfdc_train_part_5/lkvpwhhelv.mp4/face_0.mp4","fake":"http://visiongpu23.csail.mit.edu/scratch/datasets/DeepfakeDetection/facenet_smooth_frames/dfdc_train_part_7/llxirqejfd.mp4/face_0.mp4"}},{"choice":"fake","left":"fake","right":"real","videoPair":{"real":"http://visiongpu23.csail.mit.edu/scratch/datasets/DeepfakeDetection/facenet_smooth_frames/dfdc_train_part_7/iggixplyqf.mp4/face_0.mp4","fake":"http://visiongpu23.csail.mit.edu/scratch/datasets/DeepfakeDetection/facenet_smooth_frames/dfdc_train_part_6/cagiejwets.mp4/face_0.mp4"}},{"choice":"real","left":"real","right":"fake","videoPair":{"real":"http://visiongpu23.csail.mit.edu/scratch/datasets/DeepfakeDetection/facenet_smooth_frames/dfdc_train_part_0/dpevefkefv.mp4/face_0.mp4","fake":"http://visiongpu23.csail.mit.edu/scratch/datasets/DeepfakeDetection/facenet_smooth_frames/dfdc_train_part_1/ttufvfkhuc.mp4/face_0.mp4"}},{"choice":"fake","left":"fake","right":"real","videoPair":{"real":"http://visiongpu23.csail.mit.edu/scratch/datasets/DeepfakeDetection/facenet_smooth_frames/dfdc_train_part_5/khhsdtspvv.mp4/face_0.mp4","fake":"http://visiongpu23.csail.mit.edu/scratch/datasets/DeepfakeDetection/facenet_smooth_frames/dfdc_train_part_6/epgwtbcrmp.mp4/face_0.mp4"}}],"times":[6883.039999986067,4325.78499999363,1434.140000026673,1091.4900000207126,915.1500000152737,1005.2850000793114,825.5099999951199,1318.3450000360608,1242.2500000102445,735.7799999881536,873.1450000777841,1017.9100000532344,1140.929999994114,1266.594999935478,915.5599999940023,8479.055000003427,3208.824999979697,962.7249999903142,1016.2649999838322,1051.9000000786036,806.055000051856,802.7800000272691,1265.1100000366569,1040.4550000093877,726.5149999875575,860.854999977164,700.7200000807643,1018.8599999528378,993.6899999156594,1523.9699999801815,952.0399998873472,1027.6999999769032,938.8449999969453,1793.6350000090897,1547.495000064373,1198.4950000187382,1219.6049999911338,1557.3850000509992,848.109999904409,1376.8749999580905,1099.1649999050424,1084.915000014007,917.0249999733642,813.9750000555068,748.0800000485033,1378.315000096336,961.1449999501929,1625.0099999597296,895.920000039041,1228.899999987334,1536.3950000610203,942.2200000844896,901.6550000524148,1265.7199999084696,1883.8449999457225,1356.5850000595674,872.8450000053272,869.7800000663847,881.8050000118092,972.8050000267103,1043.0349999805912,827.1850000601262,1264.7700000088662,1683.5099998861551,1072.34499999322,1186.4349999232218,1446.5899999486282,2140.2699999744073,961.4399999845773,1017.3649999778718,2191.3949999725446,893.3400000678375,939.6799999522045,869.1799999214709,1277.4549999739975,792.2699999762699,1018.2700000004843,894.6600001072511,748.0399999767542,747.4800000200048,690.3750000055879,1130.644999910146,916.7199999792501,1018.8700000289828,1310.3600000031292,938.6049999156967,1231.0650000581518,1209.2399999964982,1096.5000001015142,1220.5100000137463,1188.2800000021234,1017.7799999946728,1130.5399999255314,909.9599999608472,1406.7650000797585,1062.8799999831244,759.4999999273568,704.7050000401214,1276.5349999535829,1015.320000005886,1302.2750000236556,1053.2400000374764,824.6750000398606,657.9999999376014,1120.645000017248,1209.7349999239668,881.5249999752268,1118.9500000327826,1355.7150000706315,1094.9950000504032,1828.3900000387803,871.9949999358505,994.0599999390543,995.0699999462813,950.5049999570474,1400.2899999031797,1121.0900000296533,1062.0249999919906,792.795000015758,1152.7099999366328,3080.5750000290573,1570.2150000724941,1285.9649999300018,995.4849999630824,893.1749999755993,916.8399999616668,983.8049999671057,4382.8600000124425,1107.9450000543147,1062.2199999634176,1471.5899999719113,748.699999996461,1286.5299999248236,883.1500000087544,928.5450000315905,1040.6550000188872,916.5999999968335,811.9599999627098,1153.7300000200048,1163.1599999964237,954.0999999735504,816.300000064075,893.3050000341609,785.0850000977516,959.1750000836328,1053.2700000330806,949.7999999439344,959.6049999818206,1245.604999945499,1150.8400000166148,1441.495000035502,880.6850000983104,961.9849999435246,791.1950000561774,973.450000048615,859.3500000424683,895.1400000369176,859.1499999165535,892.8499999456108,1613.9999999431893,1031.7100000102073,1565.4349999967963,961.695000063628,1164.4199999282137,1210.8599999919534,994.0050001023337,759.2199998907745,1210.0450000725687,836.1049999948591,917.0199999352917,691.1700000055134,794.5700000273064,975.2150001004338,733.5650000022724,882.2099999524653,668.2750000618398,702.9799999436364,1310.2550000185147,713.6399999726564,772.1449999371544,905.9899999992922,1119.5049999514595,928.3849999774247,723.9749999716878,995.11999997776,568.6550000682473,692.200000048615,881.5350000513718,1110.1400000043213,599.6949999826029,771.2649999884889,1073.9699999103323,1039.089999976568,950.4449999658391,883.2049999618903,971.3950000004843,984.4300000695512,1322.1899999771267,859.4600000651553,826.340000028722,974.5350000448525,814.9350000312552,604.700000025332,755.9699999401346,782.14999998454,792.4500000663102,736.9150000158697,1662.1399999130517,1105.1549999974668,771.1999999592081],"nullify":[[2,6]]}